tool,community,rank,metric,value
singlem,marine0,kingdom,Bray-Curtis distance,0.00154494855019397
singlem,marine0,phylum,Bray-Curtis distance,0.0132981704462615
singlem,marine0,class,Bray-Curtis distance,0.0176364765451453
singlem,marine0,order,Bray-Curtis distance,0.0217626174781958
singlem,marine0,family,Bray-Curtis distance,0.0297717650826143
singlem,marine0,genus,Bray-Curtis distance,0.0403110864939185
singlem,marine0,species,Bray-Curtis distance,0.164574593653172
singlem,marine0,phylum,Shannon diversity,1.98661484215252
singlem,marine0,phylum,Shannon equitability,0.558768032776033
singlem,marine0,class,Shannon diversity,2.38752343101606
singlem,marine0,class,Shannon equitability,0.607230242141173
singlem,marine0,order,Shannon diversity,3.27883202403674
singlem,marine0,order,Shannon equitability,0.723388869673926
singlem,marine0,family,Shannon diversity,3.76853719068555
singlem,marine0,family,Shannon equitability,0.751111620889358
singlem,marine0,genus,Shannon diversity,4.26971328185255
singlem,marine0,genus,Shannon equitability,0.764188877728428
singlem,marine0,species,Shannon diversity,4.36983465627124
singlem,marine0,species,Shannon equitability,0.74560553646795
singlem,marine0,kingdom,True positives,2
singlem,marine0,kingdom,False negatives,0
singlem,marine0,kingdom,False positives,0
singlem,marine0,kingdom,Completeness,1
singlem,marine0,kingdom,Purity,1
singlem,marine0,kingdom,F1 score,1
singlem,marine0,kingdom,Jaccard index,1
singlem,marine0,phylum,True positives,35
singlem,marine0,phylum,False negatives,0
singlem,marine0,phylum,False positives,0
singlem,marine0,phylum,Completeness,1
singlem,marine0,phylum,Purity,1
singlem,marine0,phylum,F1 score,1
singlem,marine0,phylum,Jaccard index,1
singlem,marine0,class,True positives,51
singlem,marine0,class,False negatives,0
singlem,marine0,class,False positives,0
singlem,marine0,class,Completeness,1
singlem,marine0,class,Purity,1
singlem,marine0,class,F1 score,1
singlem,marine0,class,Jaccard index,1
singlem,marine0,order,True positives,93
singlem,marine0,order,False negatives,0
singlem,marine0,order,False positives,0
singlem,marine0,order,Completeness,1
singlem,marine0,order,Purity,1
singlem,marine0,order,F1 score,1
singlem,marine0,order,Jaccard index,1
singlem,marine0,family,True positives,151
singlem,marine0,family,False negatives,1
singlem,marine0,family,False positives,0
singlem,marine0,family,Completeness,0.993421052631579
singlem,marine0,family,Purity,1
singlem,marine0,family,F1 score,0.996699669966997
singlem,marine0,family,Jaccard index,0.993421052631579
singlem,marine0,genus,True positives,267
singlem,marine0,genus,False negatives,2
singlem,marine0,genus,False positives,0
singlem,marine0,genus,Completeness,0.992565055762082
singlem,marine0,genus,Purity,1
singlem,marine0,genus,F1 score,0.996268656716418
singlem,marine0,genus,Jaccard index,0.992565055762082
singlem,marine0,species,True positives,332
singlem,marine0,species,False negatives,46
singlem,marine0,species,False positives,19
singlem,marine0,species,Completeness,0.878306878306878
singlem,marine0,species,Purity,0.945868945868946
singlem,marine0,species,F1 score,0.910836762688615
singlem,marine0,species,Jaccard index,0.836272040302267
singlem,marine0,kingdom,L1 norm error,0.00308989710038794
singlem,marine0,phylum,L1 norm error,0.0265259649773581
singlem,marine0,class,L1 norm error,0.0351361128126743
singlem,marine0,order,L1 norm error,0.0432597764726637
singlem,marine0,family,L1 norm error,0.058953613027628
singlem,marine0,genus,L1 norm error,0.0789217448977221
singlem,marine0,species,L1 norm error,0.309080628704961
singlem,marine0,na,Weighted UniFrac error,0.00377925042585593
singlem,marine0,na,Unweighted UniFrac error,0.344134263151247
singlem,marine0,na,Weighted UniFrac (CAMI),0.554967737993398
singlem,marine0,na,Unweighted UniFrac (CAMI),958
singlem,marine0,phylum,Sum of abundances,0.994707849816691
singlem,marine0,class,Sum of abundances,0.992241064859752
singlem,marine0,order,Sum of abundances,0.987802088420948
singlem,marine0,family,Sum of abundances,0.980185348904785
singlem,marine0,genus,Sum of abundances,0.957817358994492
singlem,marine0,species,Sum of abundances,0.878057978720116
singlem,marine0,phylum,Taxon counts,35
singlem,marine0,class,Taxon counts,51
singlem,marine0,order,Taxon counts,93
singlem,marine0,family,Taxon counts,151
singlem,marine0,genus,Taxon counts,267
singlem,marine0,species,Taxon counts,351
metaphlan,marine0,kingdom,Bray-Curtis distance,0.000429367999325772
metaphlan,marine0,phylum,Bray-Curtis distance,0.0535449804335363
metaphlan,marine0,class,Bray-Curtis distance,0.0658889447041676
metaphlan,marine0,order,Bray-Curtis distance,0.0774585649154623
metaphlan,marine0,family,Bray-Curtis distance,0.093318427992122
metaphlan,marine0,genus,Bray-Curtis distance,0.105007045954073
metaphlan,marine0,species,Bray-Curtis distance,0.144855409763738
metaphlan,marine0,phylum,Shannon diversity,2.03714505684999
metaphlan,marine0,phylum,Shannon equitability,0.598949378190582
metaphlan,marine0,class,Shannon diversity,2.41940548941526
metaphlan,marine0,class,Shannon equitability,0.647303195975476
metaphlan,marine0,order,Shannon diversity,3.28692255740859
metaphlan,marine0,order,Shannon equitability,0.747971461659476
metaphlan,marine0,family,Shannon diversity,3.7714108647862
metaphlan,marine0,family,Shannon equitability,0.772386618294056
metaphlan,marine0,genus,Shannon diversity,4.37811407201
metaphlan,marine0,genus,Shannon equitability,0.799441835135719
metaphlan,marine0,species,Shannon diversity,4.70245595132179
metaphlan,marine0,species,Shannon equitability,0.808383374841945
metaphlan,marine0,kingdom,True positives,2
metaphlan,marine0,kingdom,False negatives,0
metaphlan,marine0,kingdom,False positives,0
metaphlan,marine0,kingdom,Completeness,1
metaphlan,marine0,kingdom,Purity,1
metaphlan,marine0,kingdom,F1 score,1
metaphlan,marine0,kingdom,Jaccard index,1
metaphlan,marine0,phylum,True positives,30
metaphlan,marine0,phylum,False negatives,5
metaphlan,marine0,phylum,False positives,0
metaphlan,marine0,phylum,Completeness,0.857142857142857
metaphlan,marine0,phylum,Purity,1
metaphlan,marine0,phylum,F1 score,0.923076923076923
metaphlan,marine0,phylum,Jaccard index,0.857142857142857
metaphlan,marine0,class,True positives,42
metaphlan,marine0,class,False negatives,9
metaphlan,marine0,class,False positives,0
metaphlan,marine0,class,Completeness,0.823529411764706
metaphlan,marine0,class,Purity,1
metaphlan,marine0,class,F1 score,0.903225806451613
metaphlan,marine0,class,Jaccard index,0.823529411764706
metaphlan,marine0,order,True positives,81
metaphlan,marine0,order,False negatives,12
metaphlan,marine0,order,False positives,0
metaphlan,marine0,order,Completeness,0.870967741935484
metaphlan,marine0,order,Purity,1
metaphlan,marine0,order,F1 score,0.931034482758621
metaphlan,marine0,order,Jaccard index,0.870967741935484
metaphlan,marine0,family,True positives,132
metaphlan,marine0,family,False negatives,20
metaphlan,marine0,family,False positives,0
metaphlan,marine0,family,Completeness,0.868421052631579
metaphlan,marine0,family,Purity,1
metaphlan,marine0,family,F1 score,0.929577464788732
metaphlan,marine0,family,Jaccard index,0.868421052631579
metaphlan,marine0,genus,True positives,239
metaphlan,marine0,genus,False negatives,30
metaphlan,marine0,genus,False positives,0
metaphlan,marine0,genus,Completeness,0.888475836431227
metaphlan,marine0,genus,Purity,1
metaphlan,marine0,genus,F1 score,0.940944881889764
metaphlan,marine0,genus,Jaccard index,0.888475836431227
metaphlan,marine0,species,True positives,302
metaphlan,marine0,species,False negatives,76
metaphlan,marine0,species,False positives,34
metaphlan,marine0,species,Completeness,0.798941798941799
metaphlan,marine0,species,Purity,0.898809523809524
metaphlan,marine0,species,F1 score,0.84593837535014
metaphlan,marine0,species,Jaccard index,0.733009708737864
metaphlan,marine0,kingdom,L1 norm error,0.000858735998651543
metaphlan,marine0,phylum,L1 norm error,0.107089960867073
metaphlan,marine0,class,L1 norm error,0.131777889408335
metaphlan,marine0,order,L1 norm error,0.154917129830925
metaphlan,marine0,family,L1 norm error,0.186636855984244
metaphlan,marine0,genus,L1 norm error,0.210014091908145
metaphlan,marine0,species,L1 norm error,0.289710819527475
metaphlan,marine0,na,Weighted UniFrac error,0.00877715796323566
metaphlan,marine0,na,Unweighted UniFrac error,0.137815305406854
metaphlan,marine0,na,Weighted UniFrac (CAMI),1.08100548352484
metaphlan,marine0,na,Unweighted UniFrac (CAMI),471
metaphlan,marine0,phylum,Sum of abundances,1
metaphlan,marine0,class,Sum of abundances,1
metaphlan,marine0,order,Sum of abundances,1
metaphlan,marine0,family,Sum of abundances,1
metaphlan,marine0,genus,Sum of abundances,1
metaphlan,marine0,species,Sum of abundances,1
metaphlan,marine0,phylum,Taxon counts,30
metaphlan,marine0,class,Taxon counts,42
metaphlan,marine0,order,Taxon counts,81
metaphlan,marine0,family,Taxon counts,132
metaphlan,marine0,genus,Taxon counts,239
metaphlan,marine0,species,Taxon counts,336
kraken,marine0,kingdom,Bray-Curtis distance,0.00414272778783587
kraken,marine0,phylum,Bray-Curtis distance,0.146567823890479
kraken,marine0,class,Bray-Curtis distance,0.162481765984611
kraken,marine0,order,Bray-Curtis distance,0.217661970200533
kraken,marine0,family,Bray-Curtis distance,0.236582931940431
kraken,marine0,genus,Bray-Curtis distance,0.226900111916941
kraken,marine0,species,Bray-Curtis distance,0.306479893509212
kraken,marine0,phylum,Shannon diversity,1.75803853262623
kraken,marine0,phylum,Shannon equitability,0.45413258770924
kraken,marine0,class,Shannon diversity,2.22927430876482
kraken,marine0,class,Shannon equitability,0.493007196329305
kraken,marine0,order,Shannon diversity,3.0727967313131
kraken,marine0,order,Shannon equitability,0.591723909815723
kraken,marine0,family,Shannon diversity,3.45344147278365
kraken,marine0,family,Shannon equitability,0.603026590717141
kraken,marine0,genus,Shannon diversity,4.17230960417373
kraken,marine0,genus,Shannon equitability,0.64000848882368
kraken,marine0,species,Shannon diversity,5.42250224430241
kraken,marine0,species,Shannon equitability,0.680418977267602
kraken,marine0,kingdom,True positives,2
kraken,marine0,kingdom,False negatives,0
kraken,marine0,kingdom,False positives,0
kraken,marine0,kingdom,Completeness,1
kraken,marine0,kingdom,Purity,1
kraken,marine0,kingdom,F1 score,1
kraken,marine0,kingdom,Jaccard index,1
kraken,marine0,phylum,True positives,35
kraken,marine0,phylum,False negatives,0
kraken,marine0,phylum,False positives,13
kraken,marine0,phylum,Completeness,1
kraken,marine0,phylum,Purity,0.729166666666667
kraken,marine0,phylum,F1 score,0.843373493975904
kraken,marine0,phylum,Jaccard index,0.729166666666667
kraken,marine0,class,True positives,51
kraken,marine0,class,False negatives,0
kraken,marine0,class,False positives,41
kraken,marine0,class,Completeness,1
kraken,marine0,class,Purity,0.554347826086957
kraken,marine0,class,F1 score,0.713286713286713
kraken,marine0,class,Jaccard index,0.554347826086957
kraken,marine0,order,True positives,92
kraken,marine0,order,False negatives,1
kraken,marine0,order,False positives,88
kraken,marine0,order,Completeness,0.989247311827957
kraken,marine0,order,Purity,0.511111111111111
kraken,marine0,order,F1 score,0.673992673992674
kraken,marine0,order,Jaccard index,0.50828729281768
kraken,marine0,family,True positives,146
kraken,marine0,family,False negatives,6
kraken,marine0,family,False positives,161
kraken,marine0,family,Completeness,0.960526315789474
kraken,marine0,family,Purity,0.47557003257329
kraken,marine0,family,F1 score,0.636165577342048
kraken,marine0,family,Jaccard index,0.466453674121406
kraken,marine0,genus,True positives,260
kraken,marine0,genus,False negatives,9
kraken,marine0,genus,False positives,418
kraken,marine0,genus,Completeness,0.966542750929368
kraken,marine0,genus,Purity,0.383480825958702
kraken,marine0,genus,F1 score,0.549102428722281
kraken,marine0,genus,Jaccard index,0.378457059679767
kraken,marine0,species,True positives,374
kraken,marine0,species,False negatives,4
kraken,marine0,species,False positives,2517
kraken,marine0,species,Completeness,0.989417989417989
kraken,marine0,species,Purity,0.129367001037703
kraken,marine0,species,F1 score,0.228816151728357
kraken,marine0,species,Jaccard index,0.129188255613126
kraken,marine0,kingdom,L1 norm error,0.00828545557567174
kraken,marine0,phylum,L1 norm error,0.293122456676808
kraken,marine0,class,L1 norm error,0.324935910069004
kraken,marine0,order,L1 norm error,0.435221639275071
kraken,marine0,family,L1 norm error,0.472960036730073
kraken,marine0,genus,L1 norm error,0.453033301455603
kraken,marine0,species,L1 norm error,0.609778525723793
kraken,marine0,na,Weighted UniFrac error,0.0214289624833548
kraken,marine0,na,Unweighted UniFrac error,7.48068083115183
kraken,marine0,na,Weighted UniFrac (CAMI),2.54148852015648
kraken,marine0,na,Unweighted UniFrac (CAMI),21476.70179
kraken,marine0,phylum,Sum of abundances,0.999910000000001
kraken,marine0,class,Sum of abundances,0.999830000000001
kraken,marine0,order,Sum of abundances,0.999530000000002
kraken,marine0,family,Sum of abundances,0.999130000000004
kraken,marine0,genus,Sum of abundances,0.996620000000008
kraken,marine0,species,Sum of abundances,0.989620000000014
kraken,marine0,phylum,Taxon counts,48
kraken,marine0,class,Taxon counts,92
kraken,marine0,order,Taxon counts,180
kraken,marine0,family,Taxon counts,307
kraken,marine0,genus,Taxon counts,678
kraken,marine0,species,Taxon counts,2891
sourmash,marine0,kingdom,Bray-Curtis distance,0.00231456579406642
sourmash,marine0,phylum,Bray-Curtis distance,0.13203388855383
sourmash,marine0,class,Bray-Curtis distance,0.147236766464451
sourmash,marine0,order,Bray-Curtis distance,0.180389760851346
sourmash,marine0,family,Bray-Curtis distance,0.200586963383878
sourmash,marine0,genus,Bray-Curtis distance,0.229301721018289
sourmash,marine0,species,Bray-Curtis distance,0.328088205764176
sourmash,marine0,phylum,Shannon diversity,1.80697688933691
sourmash,marine0,phylum,Shannon equitability,0.548260415427531
sourmash,marine0,class,Shannon diversity,2.24329089032852
sourmash,marine0,class,Shannon equitability,0.626002242168977
sourmash,marine0,order,Shannon diversity,3.06990297050656
sourmash,marine0,order,Shannon equitability,0.735414031334786
sourmash,marine0,family,Shannon diversity,3.53619108397608
sourmash,marine0,family,Shannon equitability,0.761389633381168
sourmash,marine0,genus,Shannon diversity,4.1122770319965
sourmash,marine0,genus,Shannon equitability,0.794466397700531
sourmash,marine0,species,Shannon diversity,4.5810955949567
sourmash,marine0,species,Shannon equitability,0.83335554001758
sourmash,marine0,kingdom,True positives,2
sourmash,marine0,kingdom,False negatives,0
sourmash,marine0,kingdom,False positives,0
sourmash,marine0,kingdom,Completeness,1
sourmash,marine0,kingdom,Purity,1
sourmash,marine0,kingdom,F1 score,1
sourmash,marine0,kingdom,Jaccard index,1
sourmash,marine0,phylum,True positives,27
sourmash,marine0,phylum,False negatives,8
sourmash,marine0,phylum,False positives,0
sourmash,marine0,phylum,Completeness,0.771428571428571
sourmash,marine0,phylum,Purity,1
sourmash,marine0,phylum,F1 score,0.870967741935484
sourmash,marine0,phylum,Jaccard index,0.771428571428571
sourmash,marine0,class,True positives,36
sourmash,marine0,class,False negatives,15
sourmash,marine0,class,False positives,0
sourmash,marine0,class,Completeness,0.705882352941177
sourmash,marine0,class,Purity,1
sourmash,marine0,class,F1 score,0.827586206896552
sourmash,marine0,class,Jaccard index,0.705882352941177
sourmash,marine0,order,True positives,65
sourmash,marine0,order,False negatives,28
sourmash,marine0,order,False positives,0
sourmash,marine0,order,Completeness,0.698924731182796
sourmash,marine0,order,Purity,1
sourmash,marine0,order,F1 score,0.822784810126582
sourmash,marine0,order,Jaccard index,0.698924731182796
sourmash,marine0,family,True positives,104
sourmash,marine0,family,False negatives,48
sourmash,marine0,family,False positives,0
sourmash,marine0,family,Completeness,0.68421052631579
sourmash,marine0,family,Purity,1
sourmash,marine0,family,F1 score,0.8125
sourmash,marine0,family,Jaccard index,0.68421052631579
sourmash,marine0,genus,True positives,177
sourmash,marine0,genus,False negatives,92
sourmash,marine0,genus,False positives,0
sourmash,marine0,genus,Completeness,0.657992565055762
sourmash,marine0,genus,Purity,1
sourmash,marine0,genus,F1 score,0.79372197309417
sourmash,marine0,genus,Jaccard index,0.657992565055762
sourmash,marine0,species,True positives,230
sourmash,marine0,species,False negatives,148
sourmash,marine0,species,False positives,14
sourmash,marine0,species,Completeness,0.608465608465609
sourmash,marine0,species,Purity,0.942622950819672
sourmash,marine0,species,F1 score,0.739549839228296
sourmash,marine0,species,Jaccard index,0.586734693877551
sourmash,marine0,kingdom,L1 norm error,0.00462913158813283
sourmash,marine0,phylum,L1 norm error,0.263862116845114
sourmash,marine0,class,L1 norm error,0.293785510655705
sourmash,marine0,order,L1 norm error,0.359374617023164
sourmash,marine0,family,L1 norm error,0.399924163756019
sourmash,marine0,genus,L1 norm error,0.455031764139097
sourmash,marine0,species,L1 norm error,0.638289982865196
sourmash,marine0,na,Weighted UniFrac error,0.0199969031917396
sourmash,marine0,na,Unweighted UniFrac error,0.314767051796653
sourmash,marine0,na,Weighted UniFrac (CAMI),2.41489728687244
sourmash,marine0,na,Unweighted UniFrac (CAMI),1020.10436137072
sourmash,marine0,phylum,Sum of abundances,0.998442367601246
sourmash,marine0,class,Sum of abundances,0.995327102803738
sourmash,marine0,order,Sum of abundances,0.99221183800623
sourmash,marine0,family,Sum of abundances,0.993769470404983
sourmash,marine0,genus,Sum of abundances,0.984423676012459
sourmash,marine0,species,Sum of abundances,0.945482866043611
sourmash,marine0,phylum,Taxon counts,27
sourmash,marine0,class,Taxon counts,36
sourmash,marine0,order,Taxon counts,65
sourmash,marine0,family,Taxon counts,104
sourmash,marine0,genus,Taxon counts,177
sourmash,marine0,species,Taxon counts,244
metabuli,marine0,kingdom,Bray-Curtis distance,0.00390719825557483
metabuli,marine0,phylum,Bray-Curtis distance,0.202989712300865
metabuli,marine0,class,Bray-Curtis distance,0.230199456733886
metabuli,marine0,order,Bray-Curtis distance,0.284888751067318
metabuli,marine0,family,Bray-Curtis distance,0.312058172953667
metabuli,marine0,genus,Bray-Curtis distance,0.372702845005596
metabuli,marine0,species,Bray-Curtis distance,0.576195752931006
metabuli,marine0,phylum,Shannon diversity,1.45006181985582
metabuli,marine0,phylum,Shannon equitability,0.358655313473793
metabuli,marine0,class,Shannon diversity,1.93876277823724
metabuli,marine0,class,Shannon equitability,0.404263438906296
metabuli,marine0,order,Shannon diversity,2.79965044052051
metabuli,marine0,order,Shannon equitability,0.491998873356423
metabuli,marine0,family,Shannon diversity,3.32167813364451
metabuli,marine0,family,Shannon equitability,0.514951300643336
metabuli,marine0,genus,Shannon diversity,4.19784600115387
metabuli,marine0,genus,Shannon equitability,0.544866201060051
metabuli,marine0,species,Shannon diversity,4.99181880544646
metabuli,marine0,species,Shannon equitability,0.565308851177234
metabuli,marine0,kingdom,True positives,2
metabuli,marine0,kingdom,False negatives,0
metabuli,marine0,kingdom,False positives,0
metabuli,marine0,kingdom,Completeness,1
metabuli,marine0,kingdom,Purity,1
metabuli,marine0,kingdom,F1 score,1
metabuli,marine0,kingdom,Jaccard index,1
metabuli,marine0,phylum,True positives,32
metabuli,marine0,phylum,False negatives,3
metabuli,marine0,phylum,False positives,25
metabuli,marine0,phylum,Completeness,0.914285714285714
metabuli,marine0,phylum,Purity,0.56140350877193
metabuli,marine0,phylum,F1 score,0.695652173913044
metabuli,marine0,phylum,Jaccard index,0.533333333333333
metabuli,marine0,class,True positives,47
metabuli,marine0,class,False negatives,4
metabuli,marine0,class,False positives,74
metabuli,marine0,class,Completeness,0.92156862745098
metabuli,marine0,class,Purity,0.388429752066116
metabuli,marine0,class,F1 score,0.546511627906977
metabuli,marine0,class,Jaccard index,0.376
metabuli,marine0,order,True positives,81
metabuli,marine0,order,False negatives,12
metabuli,marine0,order,False positives,215
metabuli,marine0,order,Completeness,0.870967741935484
metabuli,marine0,order,Purity,0.273648648648649
metabuli,marine0,order,F1 score,0.416452442159383
metabuli,marine0,order,Jaccard index,0.262987012987013
metabuli,marine0,family,True positives,128
metabuli,marine0,family,False negatives,24
metabuli,marine0,family,False positives,505
metabuli,marine0,family,Completeness,0.842105263157895
metabuli,marine0,family,Purity,0.202211690363349
metabuli,marine0,family,F1 score,0.326114649681529
metabuli,marine0,family,Jaccard index,0.19482496194825
metabuli,marine0,genus,True positives,191
metabuli,marine0,genus,False negatives,78
metabuli,marine0,genus,False positives,2027
metabuli,marine0,genus,Completeness,0.71003717472119
metabuli,marine0,genus,Purity,0.0861136158701533
metabuli,marine0,genus,F1 score,0.153598713309208
metabuli,marine0,genus,Jaccard index,0.0831881533101045
metabuli,marine0,species,True positives,188
metabuli,marine0,species,False negatives,190
metabuli,marine0,species,False positives,6650
metabuli,marine0,species,Completeness,0.497354497354497
metabuli,marine0,species,Purity,0.0274934191284001
metabuli,marine0,species,F1 score,0.0521064301552107
metabuli,marine0,species,Jaccard index,0.0267501422879909
metabuli,marine0,kingdom,L1 norm error,0.00781439651114966
metabuli,marine0,phylum,L1 norm error,0.401525178359695
metabuli,marine0,class,L1 norm error,0.454281460342491
metabuli,marine0,order,L1 norm error,0.559016385153256
metabuli,marine0,family,L1 norm error,0.61074309443732
metabuli,marine0,genus,L1 norm error,0.722517395155385
metabuli,marine0,species,L1 norm error,1.07094211007309
metabuli,marine0,na,Weighted UniFrac error,0.0313361352564381
metabuli,marine0,na,Unweighted UniFrac error,18.0822265973804
metabuli,marine0,na,Weighted UniFrac (CAMI),3.82684002003241
metabuli,marine0,na,Unweighted UniFrac (CAMI),52657
metabuli,marine0,phylum,Sum of abundances,0.978056788240414
metabuli,marine0,class,Sum of abundances,0.973425423273906
metabuli,marine0,order,Sum of abundances,0.962226950200511
metabuli,marine0,family,Sum of abundances,0.957145004909073
metabuli,marine0,genus,Sum of abundances,0.938588354871658
metabuli,marine0,species,Sum of abundances,0.858642839044547
metabuli,marine0,phylum,Taxon counts,57
metabuli,marine0,class,Taxon counts,121
metabuli,marine0,order,Taxon counts,296
metabuli,marine0,family,Taxon counts,633
metabuli,marine0,genus,Taxon counts,2218
metabuli,marine0,species,Taxon counts,6838
sylph,marine0,kingdom,Bray-Curtis distance,0.000207241282256915
sylph,marine0,phylum,Bray-Curtis distance,0.0037456415692497
sylph,marine0,class,Bray-Curtis distance,0.00414504424974498
sylph,marine0,order,Bray-Curtis distance,0.00796693522673081
sylph,marine0,family,Bray-Curtis distance,0.010043956297596
sylph,marine0,genus,Bray-Curtis distance,0.0121846199039564
sylph,marine0,species,Bray-Curtis distance,0.0174218880028847
sylph,marine0,phylum,Shannon diversity,2.01433543805558
sylph,marine0,phylum,Shannon equitability,0.566564905381368
sylph,marine0,class,Shannon diversity,2.42461463416362
sylph,marine0,class,Shannon equitability,0.616663825064802
sylph,marine0,order,Shannon diversity,3.35425093497914
sylph,marine0,order,Shannon equitability,0.740028087645053
sylph,marine0,family,Shannon diversity,3.89562156037015
sylph,marine0,family,Shannon equitability,0.775420821455747
sylph,marine0,genus,Shannon diversity,4.52291936438237
sylph,marine0,genus,Shannon equitability,0.808427648452574
sylph,marine0,species,Shannon diversity,4.92727536407382
sylph,marine0,species,Shannon equitability,0.831337415463537
sylph,marine0,kingdom,True positives,2
sylph,marine0,kingdom,False negatives,0
sylph,marine0,kingdom,False positives,0
sylph,marine0,kingdom,Completeness,1
sylph,marine0,kingdom,Purity,1
sylph,marine0,kingdom,F1 score,1
sylph,marine0,kingdom,Jaccard index,1
sylph,marine0,phylum,True positives,35
sylph,marine0,phylum,False negatives,0
sylph,marine0,phylum,False positives,0
sylph,marine0,phylum,Completeness,1
sylph,marine0,phylum,Purity,1
sylph,marine0,phylum,F1 score,1
sylph,marine0,phylum,Jaccard index,1
sylph,marine0,class,True positives,51
sylph,marine0,class,False negatives,0
sylph,marine0,class,False positives,0
sylph,marine0,class,Completeness,1
sylph,marine0,class,Purity,1
sylph,marine0,class,F1 score,1
sylph,marine0,class,Jaccard index,1
sylph,marine0,order,True positives,93
sylph,marine0,order,False negatives,0
sylph,marine0,order,False positives,0
sylph,marine0,order,Completeness,1
sylph,marine0,order,Purity,1
sylph,marine0,order,F1 score,1
sylph,marine0,order,Jaccard index,1
sylph,marine0,family,True positives,152
sylph,marine0,family,False negatives,0
sylph,marine0,family,False positives,0
sylph,marine0,family,Completeness,1
sylph,marine0,family,Purity,1
sylph,marine0,family,F1 score,1
sylph,marine0,family,Jaccard index,1
sylph,marine0,genus,True positives,269
sylph,marine0,genus,False negatives,0
sylph,marine0,genus,False positives,0
sylph,marine0,genus,Completeness,1
sylph,marine0,genus,Purity,1
sylph,marine0,genus,F1 score,1
sylph,marine0,genus,Jaccard index,1
sylph,marine0,species,True positives,374
sylph,marine0,species,False negatives,4
sylph,marine0,species,False positives,1
sylph,marine0,species,Completeness,0.989417989417989
sylph,marine0,species,Purity,0.997333333333333
sylph,marine0,species,F1 score,0.9933598937583
sylph,marine0,species,Jaccard index,0.986807387862797
sylph,marine0,kingdom,L1 norm error,0.00041448256451383
sylph,marine0,phylum,L1 norm error,0.00749128313849939
sylph,marine0,class,L1 norm error,0.00829008849948995
sylph,marine0,order,L1 norm error,0.0159338704534616
sylph,marine0,family,L1 norm error,0.0200879125951919
sylph,marine0,genus,L1 norm error,0.0243692398079128
sylph,marine0,species,L1 norm error,0.0348437760057694
sylph,marine0,na,Weighted UniFrac error,0.000838731577384899
sylph,marine0,na,Unweighted UniFrac error,0.0416784636225439
sylph,marine0,na,Weighted UniFrac (CAMI),0.111430653064841
sylph,marine0,na,Unweighted UniFrac (CAMI),155
sylph,marine0,phylum,Sum of abundances,1
sylph,marine0,class,Sum of abundances,1
sylph,marine0,order,Sum of abundances,1
sylph,marine0,family,Sum of abundances,1
sylph,marine0,genus,Sum of abundances,1
sylph,marine0,species,Sum of abundances,1
sylph,marine0,phylum,Taxon counts,35
sylph,marine0,class,Taxon counts,51
sylph,marine0,order,Taxon counts,93
sylph,marine0,family,Taxon counts,152
sylph,marine0,genus,Taxon counts,269
sylph,marine0,species,Taxon counts,375
metaphlan42,marine0,kingdom,Bray-Curtis distance,0.00042936799932577
metaphlan42,marine0,phylum,Bray-Curtis distance,0.0535449804335363
metaphlan42,marine0,class,Bray-Curtis distance,0.0658889447041676
metaphlan42,marine0,order,Bray-Curtis distance,0.0774585649154624
metaphlan42,marine0,family,Bray-Curtis distance,0.093318427992122
metaphlan42,marine0,genus,Bray-Curtis distance,0.105007045954073
metaphlan42,marine0,species,Bray-Curtis distance,0.144855409763737
metaphlan42,marine0,phylum,Shannon diversity,2.03714505684999
metaphlan42,marine0,phylum,Shannon equitability,0.598949378190582
metaphlan42,marine0,class,Shannon diversity,2.41940548941526
metaphlan42,marine0,class,Shannon equitability,0.647303195975476
metaphlan42,marine0,order,Shannon diversity,3.28692255740859
metaphlan42,marine0,order,Shannon equitability,0.747971461659476
metaphlan42,marine0,family,Shannon diversity,3.7714108647862
metaphlan42,marine0,family,Shannon equitability,0.772386618294056
metaphlan42,marine0,genus,Shannon diversity,4.37811407201
metaphlan42,marine0,genus,Shannon equitability,0.799441835135719
metaphlan42,marine0,species,Shannon diversity,4.70245595132179
metaphlan42,marine0,species,Shannon equitability,0.808383374841945
metaphlan42,marine0,kingdom,True positives,2
metaphlan42,marine0,kingdom,False negatives,0
metaphlan42,marine0,kingdom,False positives,0
metaphlan42,marine0,kingdom,Completeness,1
metaphlan42,marine0,kingdom,Purity,1
metaphlan42,marine0,kingdom,F1 score,1
metaphlan42,marine0,kingdom,Jaccard index,1
metaphlan42,marine0,phylum,True positives,30
metaphlan42,marine0,phylum,False negatives,5
metaphlan42,marine0,phylum,False positives,0
metaphlan42,marine0,phylum,Completeness,0.857142857142857
metaphlan42,marine0,phylum,Purity,1
metaphlan42,marine0,phylum,F1 score,0.923076923076923
metaphlan42,marine0,phylum,Jaccard index,0.857142857142857
metaphlan42,marine0,class,True positives,42
metaphlan42,marine0,class,False negatives,9
metaphlan42,marine0,class,False positives,0
metaphlan42,marine0,class,Completeness,0.823529411764706
metaphlan42,marine0,class,Purity,1
metaphlan42,marine0,class,F1 score,0.903225806451613
metaphlan42,marine0,class,Jaccard index,0.823529411764706
metaphlan42,marine0,order,True positives,81
metaphlan42,marine0,order,False negatives,12
metaphlan42,marine0,order,False positives,0
metaphlan42,marine0,order,Completeness,0.870967741935484
metaphlan42,marine0,order,Purity,1
metaphlan42,marine0,order,F1 score,0.931034482758621
metaphlan42,marine0,order,Jaccard index,0.870967741935484
metaphlan42,marine0,family,True positives,132
metaphlan42,marine0,family,False negatives,20
metaphlan42,marine0,family,False positives,0
metaphlan42,marine0,family,Completeness,0.868421052631579
metaphlan42,marine0,family,Purity,1
metaphlan42,marine0,family,F1 score,0.929577464788732
metaphlan42,marine0,family,Jaccard index,0.868421052631579
metaphlan42,marine0,genus,True positives,239
metaphlan42,marine0,genus,False negatives,30
metaphlan42,marine0,genus,False positives,0
metaphlan42,marine0,genus,Completeness,0.888475836431227
metaphlan42,marine0,genus,Purity,1
metaphlan42,marine0,genus,F1 score,0.940944881889764
metaphlan42,marine0,genus,Jaccard index,0.888475836431227
metaphlan42,marine0,species,True positives,302
metaphlan42,marine0,species,False negatives,76
metaphlan42,marine0,species,False positives,34
metaphlan42,marine0,species,Completeness,0.798941798941799
metaphlan42,marine0,species,Purity,0.898809523809524
metaphlan42,marine0,species,F1 score,0.84593837535014
metaphlan42,marine0,species,Jaccard index,0.733009708737864
metaphlan42,marine0,kingdom,L1 norm error,0.000858735998651541
metaphlan42,marine0,phylum,L1 norm error,0.107089960867073
metaphlan42,marine0,class,L1 norm error,0.131777889408335
metaphlan42,marine0,order,L1 norm error,0.154917129830925
metaphlan42,marine0,family,L1 norm error,0.186636855984244
metaphlan42,marine0,genus,L1 norm error,0.210014091908145
metaphlan42,marine0,species,L1 norm error,0.289710819527475
metaphlan42,marine0,na,Weighted UniFrac error,0.00877715796323566
metaphlan42,marine0,na,Unweighted UniFrac error,0.126122162741366
metaphlan42,marine0,na,Weighted UniFrac (CAMI),1.08100548352484
metaphlan42,marine0,na,Unweighted UniFrac (CAMI),431
metaphlan42,marine0,phylum,Sum of abundances,1
metaphlan42,marine0,class,Sum of abundances,1
metaphlan42,marine0,order,Sum of abundances,1
metaphlan42,marine0,family,Sum of abundances,1
metaphlan42,marine0,genus,Sum of abundances,1
metaphlan42,marine0,species,Sum of abundances,1
metaphlan42,marine0,phylum,Taxon counts,30
metaphlan42,marine0,class,Taxon counts,42
metaphlan42,marine0,order,Taxon counts,81
metaphlan42,marine0,family,Taxon counts,132
metaphlan42,marine0,genus,Taxon counts,239
metaphlan42,marine0,species,Taxon counts,336
metakssd,marine0,kingdom,Bray-Curtis distance,0.003497834743782
metakssd,marine0,phylum,Bray-Curtis distance,0.0937078643657472
metakssd,marine0,class,Bray-Curtis distance,0.0947869845947851
metakssd,marine0,order,Bray-Curtis distance,0.142252086476071
metakssd,marine0,family,Bray-Curtis distance,0.156820035465083
metakssd,marine0,genus,Bray-Curtis distance,0.191953637580811
metakssd,marine0,species,Bray-Curtis distance,0.342832964245386
metakssd,marine0,phylum,Shannon diversity,1.80772856391604
metakssd,marine0,phylum,Shannon equitability,0.50845333077143
metakssd,marine0,class,Shannon diversity,2.25194629496917
metakssd,marine0,class,Shannon equitability,0.572748261323282
metakssd,marine0,order,Shannon diversity,3.00325540930499
metakssd,marine0,order,Shannon equitability,0.66259006864418
metakssd,marine0,family,Shannon diversity,3.40724465479109
metakssd,marine0,family,Shannon equitability,0.679101976690637
metakssd,marine0,genus,Shannon diversity,3.89777998897773
metakssd,marine0,genus,Shannon equitability,0.697154188082474
metakssd,marine0,species,Shannon diversity,4.84686079170452
metakssd,marine0,species,Shannon equitability,0.800546593086454
metakssd,marine0,kingdom,True positives,2
metakssd,marine0,kingdom,False negatives,0
metakssd,marine0,kingdom,False positives,0
metakssd,marine0,kingdom,Completeness,1
metakssd,marine0,kingdom,Purity,1
metakssd,marine0,kingdom,F1 score,1
metakssd,marine0,kingdom,Jaccard index,1
metakssd,marine0,phylum,True positives,35
metakssd,marine0,phylum,False negatives,0
metakssd,marine0,phylum,False positives,0
metakssd,marine0,phylum,Completeness,1
metakssd,marine0,phylum,Purity,1
metakssd,marine0,phylum,F1 score,1
metakssd,marine0,phylum,Jaccard index,1
metakssd,marine0,class,True positives,51
metakssd,marine0,class,False negatives,0
metakssd,marine0,class,False positives,0
metakssd,marine0,class,Completeness,1
metakssd,marine0,class,Purity,1
metakssd,marine0,class,F1 score,1
metakssd,marine0,class,Jaccard index,1
metakssd,marine0,order,True positives,93
metakssd,marine0,order,False negatives,0
metakssd,marine0,order,False positives,0
metakssd,marine0,order,Completeness,1
metakssd,marine0,order,Purity,1
metakssd,marine0,order,F1 score,1
metakssd,marine0,order,Jaccard index,1
metakssd,marine0,family,True positives,151
metakssd,marine0,family,False negatives,1
metakssd,marine0,family,False positives,0
metakssd,marine0,family,Completeness,0.993421052631579
metakssd,marine0,family,Purity,1
metakssd,marine0,family,F1 score,0.996699669966997
metakssd,marine0,family,Jaccard index,0.993421052631579
metakssd,marine0,genus,True positives,268
metakssd,marine0,genus,False negatives,1
metakssd,marine0,genus,False positives,0
metakssd,marine0,genus,Completeness,0.996282527881041
metakssd,marine0,genus,Purity,1
metakssd,marine0,genus,F1 score,0.998137802607076
metakssd,marine0,genus,Jaccard index,0.996282527881041
metakssd,marine0,species,True positives,367
metakssd,marine0,species,False negatives,11
metakssd,marine0,species,False positives,59
metakssd,marine0,species,Completeness,0.970899470899471
metakssd,marine0,species,Purity,0.86150234741784
metakssd,marine0,species,F1 score,0.912935323383085
metakssd,marine0,species,Jaccard index,0.839816933638444
metakssd,marine0,kingdom,L1 norm error,0.006995669487564
metakssd,marine0,phylum,L1 norm error,0.187415728731494
metakssd,marine0,class,L1 norm error,0.18957396918957
metakssd,marine0,order,L1 norm error,0.284504172952142
metakssd,marine0,family,L1 norm error,0.313640070930167
metakssd,marine0,genus,L1 norm error,0.383907275161622
metakssd,marine0,species,L1 norm error,0.685665928490772
metakssd,marine0,na,Weighted UniFrac error,0.0160890007494833
metakssd,marine0,na,Unweighted UniFrac error,0.184285148031832
metakssd,marine0,na,Weighted UniFrac (CAMI),2.05170281494333
metakssd,marine0,na,Unweighted UniFrac (CAMI),575
metakssd,marine0,phylum,Sum of abundances,1
metakssd,marine0,class,Sum of abundances,1
metakssd,marine0,order,Sum of abundances,1
metakssd,marine0,family,Sum of abundances,0.999999999999998
metakssd,marine0,genus,Sum of abundances,0.999999999999998
metakssd,marine0,species,Sum of abundances,0.999999999999998
metakssd,marine0,phylum,Taxon counts,35
metakssd,marine0,class,Taxon counts,51
metakssd,marine0,order,Taxon counts,93
metakssd,marine0,family,Taxon counts,151
metakssd,marine0,genus,Taxon counts,268
metakssd,marine0,species,Taxon counts,426
singlem,marine1,kingdom,Bray-Curtis distance,0.00201394122770139
singlem,marine1,phylum,Bray-Curtis distance,0.0205020211902344
singlem,marine1,class,Bray-Curtis distance,0.0221671992077258
singlem,marine1,order,Bray-Curtis distance,0.0281205570932203
singlem,marine1,family,Bray-Curtis distance,0.0371208015882044
singlem,marine1,genus,Bray-Curtis distance,0.0525085063886269
singlem,marine1,species,Bray-Curtis distance,0.153466427632997
singlem,marine1,phylum,Shannon diversity,1.93445478902141
singlem,marine1,phylum,Shannon equitability,0.544097161674524
singlem,marine1,class,Shannon diversity,2.29099118057953
singlem,marine1,class,Shannon equitability,0.582678733642653
singlem,marine1,order,Shannon diversity,3.35100451282885
singlem,marine1,order,Shannon equitability,0.730867673198957
singlem,marine1,family,Shannon diversity,3.93941454209406
singlem,marine1,family,Shannon equitability,0.773381965505518
singlem,marine1,genus,Shannon diversity,4.61369003817096
singlem,marine1,genus,Shannon equitability,0.808882536925474
singlem,marine1,species,Shannon diversity,4.66848105968981
singlem,marine1,species,Shannon equitability,0.775363387387322
singlem,marine1,kingdom,True positives,2
singlem,marine1,kingdom,False negatives,0
singlem,marine1,kingdom,False positives,0
singlem,marine1,kingdom,Completeness,1
singlem,marine1,kingdom,Purity,1
singlem,marine1,kingdom,F1 score,1
singlem,marine1,kingdom,Jaccard index,1
singlem,marine1,phylum,True positives,35
singlem,marine1,phylum,False negatives,0
singlem,marine1,phylum,False positives,0
singlem,marine1,phylum,Completeness,1
singlem,marine1,phylum,Purity,1
singlem,marine1,phylum,F1 score,1
singlem,marine1,phylum,Jaccard index,1
singlem,marine1,class,True positives,51
singlem,marine1,class,False negatives,0
singlem,marine1,class,False positives,0
singlem,marine1,class,Completeness,1
singlem,marine1,class,Purity,1
singlem,marine1,class,F1 score,1
singlem,marine1,class,Jaccard index,1
singlem,marine1,order,True positives,98
singlem,marine1,order,False negatives,0
singlem,marine1,order,False positives,0
singlem,marine1,order,Completeness,1
singlem,marine1,order,Purity,1
singlem,marine1,order,F1 score,1
singlem,marine1,order,Jaccard index,1
singlem,marine1,family,True positives,163
singlem,marine1,family,False negatives,0
singlem,marine1,family,False positives,0
singlem,marine1,family,Completeness,1
singlem,marine1,family,Purity,1
singlem,marine1,family,F1 score,1
singlem,marine1,family,Jaccard index,1
singlem,marine1,genus,True positives,299
singlem,marine1,genus,False negatives,1
singlem,marine1,genus,False positives,1
singlem,marine1,genus,Completeness,0.996666666666667
singlem,marine1,genus,Purity,0.996666666666667
singlem,marine1,genus,F1 score,0.996666666666667
singlem,marine1,genus,Jaccard index,0.993355481727575
singlem,marine1,species,True positives,383
singlem,marine1,species,False negatives,55
singlem,marine1,species,False positives,29
singlem,marine1,species,Completeness,0.874429223744292
singlem,marine1,species,Purity,0.929611650485437
singlem,marine1,species,F1 score,0.901176470588235
singlem,marine1,species,Jaccard index,0.820128479657388
singlem,marine1,kingdom,L1 norm error,0.00402788245540277
singlem,marine1,phylum,L1 norm error,0.0409305325026703
singlem,marine1,class,L1 norm error,0.0442107778143057
singlem,marine1,order,L1 norm error,0.0558826410965537
singlem,marine1,family,L1 norm error,0.0734336681520813
singlem,marine1,genus,L1 norm error,0.102309778149372
singlem,marine1,species,L1 norm error,0.287259135213278
singlem,marine1,na,Weighted UniFrac error,0.00440916411449987
singlem,marine1,na,Unweighted UniFrac error,0.331027645804497
singlem,marine1,na,Weighted UniFrac (CAMI),0.608054415383663
singlem,marine1,na,Unweighted UniFrac (CAMI),1080
singlem,marine1,phylum,Sum of abundances,0.996414505813038
singlem,marine1,class,Sum of abundances,0.994423264753143
singlem,marine1,order,Sum of abundances,0.987252276379218
singlem,marine1,family,Sum of abundances,0.978234979047859
singlem,marine1,genus,Sum of abundances,0.948441979898547
singlem,marine1,species,Sum of abundances,0.871804404675635
singlem,marine1,phylum,Taxon counts,35
singlem,marine1,class,Taxon counts,51
singlem,marine1,order,Taxon counts,98
singlem,marine1,family,Taxon counts,163
singlem,marine1,genus,Taxon counts,300
singlem,marine1,species,Taxon counts,412
metaphlan,marine1,kingdom,Bray-Curtis distance,0.000620277390362412
metaphlan,marine1,phylum,Bray-Curtis distance,0.0579464272809684
metaphlan,marine1,class,Bray-Curtis distance,0.0715042213574294
metaphlan,marine1,order,Bray-Curtis distance,0.0871438857950531
metaphlan,marine1,family,Bray-Curtis distance,0.105102955749377
metaphlan,marine1,genus,Bray-Curtis distance,0.13214027025558
metaphlan,marine1,species,Bray-Curtis distance,0.198738769534319
metaphlan,marine1,phylum,Shannon diversity,1.95916993333746
metaphlan,marine1,phylum,Shannon equitability,0.576023592132728
metaphlan,marine1,class,Shannon diversity,2.29308760965505
metaphlan,marine1,class,Shannon equitability,0.609669131957953
metaphlan,marine1,order,Shannon diversity,3.32357614323279
metaphlan,marine1,order,Shannon equitability,0.746142121883538
metaphlan,marine1,family,Shannon diversity,3.93010597855885
metaphlan,marine1,family,Shannon equitability,0.794159762367967
metaphlan,marine1,genus,Shannon diversity,4.68976974346126
metaphlan,marine1,genus,Shannon equitability,0.841643952478528
metaphlan,marine1,species,Shannon diversity,5.09247086596516
metaphlan,marine1,species,Shannon equitability,0.855411173374185
metaphlan,marine1,kingdom,True positives,2
metaphlan,marine1,kingdom,False negatives,0
metaphlan,marine1,kingdom,False positives,0
metaphlan,marine1,kingdom,Completeness,1
metaphlan,marine1,kingdom,Purity,1
metaphlan,marine1,kingdom,F1 score,1
metaphlan,marine1,kingdom,Jaccard index,1
metaphlan,marine1,phylum,True positives,30
metaphlan,marine1,phylum,False negatives,5
metaphlan,marine1,phylum,False positives,0
metaphlan,marine1,phylum,Completeness,0.857142857142857
metaphlan,marine1,phylum,Purity,1
metaphlan,marine1,phylum,F1 score,0.923076923076923
metaphlan,marine1,phylum,Jaccard index,0.857142857142857
metaphlan,marine1,class,True positives,43
metaphlan,marine1,class,False negatives,8
metaphlan,marine1,class,False positives,0
metaphlan,marine1,class,Completeness,0.843137254901961
metaphlan,marine1,class,Purity,1
metaphlan,marine1,class,F1 score,0.914893617021277
metaphlan,marine1,class,Jaccard index,0.843137254901961
metaphlan,marine1,order,True positives,86
metaphlan,marine1,order,False negatives,12
metaphlan,marine1,order,False positives,0
metaphlan,marine1,order,Completeness,0.877551020408163
metaphlan,marine1,order,Purity,1
metaphlan,marine1,order,F1 score,0.934782608695652
metaphlan,marine1,order,Jaccard index,0.877551020408163
metaphlan,marine1,family,True positives,141
metaphlan,marine1,family,False negatives,22
metaphlan,marine1,family,False positives,0
metaphlan,marine1,family,Completeness,0.865030674846626
metaphlan,marine1,family,Purity,1
metaphlan,marine1,family,F1 score,0.927631578947368
metaphlan,marine1,family,Jaccard index,0.865030674846626
metaphlan,marine1,genus,True positives,263
metaphlan,marine1,genus,False negatives,37
metaphlan,marine1,genus,False positives,0
metaphlan,marine1,genus,Completeness,0.876666666666667
metaphlan,marine1,genus,Purity,1
metaphlan,marine1,genus,F1 score,0.934280639431616
metaphlan,marine1,genus,Jaccard index,0.876666666666667
metaphlan,marine1,species,True positives,346
metaphlan,marine1,species,False negatives,92
metaphlan,marine1,species,False positives,39
metaphlan,marine1,species,Completeness,0.789954337899543
metaphlan,marine1,species,Purity,0.898701298701299
metaphlan,marine1,species,F1 score,0.840826245443499
metaphlan,marine1,species,Jaccard index,0.725366876310273
metaphlan,marine1,kingdom,L1 norm error,0.00124055478072482
metaphlan,marine1,phylum,L1 norm error,0.115892854561937
metaphlan,marine1,class,L1 norm error,0.143008442714859
metaphlan,marine1,order,L1 norm error,0.174287771590106
metaphlan,marine1,family,L1 norm error,0.210205911498753
metaphlan,marine1,genus,L1 norm error,0.26428054051116
metaphlan,marine1,species,L1 norm error,0.397477539068638
metaphlan,marine1,na,Weighted UniFrac error,0.0102654597673956
metaphlan,marine1,na,Unweighted UniFrac error,0.145924207848565
metaphlan,marine1,na,Weighted UniFrac (CAMI),1.30639361472618
metaphlan,marine1,na,Unweighted UniFrac (CAMI),556
metaphlan,marine1,phylum,Sum of abundances,1
metaphlan,marine1,class,Sum of abundances,1
metaphlan,marine1,order,Sum of abundances,1
metaphlan,marine1,family,Sum of abundances,1
metaphlan,marine1,genus,Sum of abundances,1
metaphlan,marine1,species,Sum of abundances,1
metaphlan,marine1,phylum,Taxon counts,30
metaphlan,marine1,class,Taxon counts,43
metaphlan,marine1,order,Taxon counts,86
metaphlan,marine1,family,Taxon counts,141
metaphlan,marine1,genus,Taxon counts,263
metaphlan,marine1,species,Taxon counts,385
kraken,marine1,kingdom,Bray-Curtis distance,0.00434282048501799
kraken,marine1,phylum,Bray-Curtis distance,0.132616018294771
kraken,marine1,class,Bray-Curtis distance,0.141199715310165
kraken,marine1,order,Bray-Curtis distance,0.162775394616404
kraken,marine1,family,Bray-Curtis distance,0.182167635771679
kraken,marine1,genus,Bray-Curtis distance,0.198964542724634
kraken,marine1,species,Bray-Curtis distance,0.244912336339598
kraken,marine1,phylum,Shannon diversity,1.69114963376745
kraken,marine1,phylum,Shannon equitability,0.430118166912623
kraken,marine1,class,Shannon diversity,2.10015974623525
kraken,marine1,class,Shannon equitability,0.463345537016377
kraken,marine1,order,Shannon diversity,3.20176106575072
kraken,marine1,order,Shannon equitability,0.621304074694564
kraken,marine1,family,Shannon diversity,3.73450616696721
kraken,marine1,family,Shannon equitability,0.657069368222465
kraken,marine1,genus,Shannon diversity,4.62802163767885
kraken,marine1,genus,Shannon equitability,0.700796639189891
kraken,marine1,species,Shannon diversity,5.72276736556486
kraken,marine1,species,Shannon equitability,0.704234636058654
kraken,marine1,kingdom,True positives,2
kraken,marine1,kingdom,False negatives,0
kraken,marine1,kingdom,False positives,0
kraken,marine1,kingdom,Completeness,1
kraken,marine1,kingdom,Purity,1
kraken,marine1,kingdom,F1 score,1
kraken,marine1,kingdom,Jaccard index,1
kraken,marine1,phylum,True positives,35
kraken,marine1,phylum,False negatives,0
kraken,marine1,phylum,False positives,16
kraken,marine1,phylum,Completeness,1
kraken,marine1,phylum,Purity,0.686274509803922
kraken,marine1,phylum,F1 score,0.813953488372093
kraken,marine1,phylum,Jaccard index,0.686274509803922
kraken,marine1,class,True positives,51
kraken,marine1,class,False negatives,0
kraken,marine1,class,False positives,42
kraken,marine1,class,Completeness,1
kraken,marine1,class,Purity,0.548387096774194
kraken,marine1,class,F1 score,0.708333333333333
kraken,marine1,class,Jaccard index,0.548387096774194
kraken,marine1,order,True positives,97
kraken,marine1,order,False negatives,1
kraken,marine1,order,False positives,76
kraken,marine1,order,Completeness,0.989795918367347
kraken,marine1,order,Purity,0.560693641618497
kraken,marine1,order,F1 score,0.715867158671587
kraken,marine1,order,Jaccard index,0.557471264367816
kraken,marine1,family,True positives,157
kraken,marine1,family,False negatives,6
kraken,marine1,family,False positives,137
kraken,marine1,family,Completeness,0.96319018404908
kraken,marine1,family,Purity,0.534013605442177
kraken,marine1,family,F1 score,0.687089715536105
kraken,marine1,family,Jaccard index,0.523333333333333
kraken,marine1,genus,True positives,290
kraken,marine1,genus,False negatives,10
kraken,marine1,genus,False positives,448
kraken,marine1,genus,Completeness,0.966666666666667
kraken,marine1,genus,Purity,0.392953929539295
kraken,marine1,genus,F1 score,0.558766859344894
kraken,marine1,genus,Jaccard index,0.387700534759358
kraken,marine1,species,True positives,433
kraken,marine1,species,False negatives,5
kraken,marine1,species,False positives,2949
kraken,marine1,species,Completeness,0.988584474885845
kraken,marine1,species,Purity,0.128030751034891
kraken,marine1,species,F1 score,0.226701570680628
kraken,marine1,species,Jaccard index,0.127841747859463
kraken,marine1,kingdom,L1 norm error,0.00868564097003598
kraken,marine1,phylum,L1 norm error,0.265232036589543
kraken,marine1,class,L1 norm error,0.282392370634564
kraken,marine1,order,L1 norm error,0.325495445598639
kraken,marine1,family,L1 norm error,0.364196824140172
kraken,marine1,genus,L1 norm error,0.397282450685414
kraken,marine1,species,L1 norm error,0.487179619446724
kraken,marine1,na,Weighted UniFrac error,0.0182501475791862
kraken,marine1,na,Unweighted UniFrac error,7.12295134575962
kraken,marine1,na,Weighted UniFrac (CAMI),2.11060253438457
kraken,marine1,na,Unweighted UniFrac (CAMI),24027.91032
kraken,marine1,phylum,Sum of abundances,1
kraken,marine1,class,Sum of abundances,0.999950000000001
kraken,marine1,order,Sum of abundances,0.999660000000001
kraken,marine1,family,Sum of abundances,0.999240000000002
kraken,marine1,genus,Sum of abundances,0.996750000000006
kraken,marine1,species,Sum of abundances,0.989200000000016
kraken,marine1,phylum,Taxon counts,51
kraken,marine1,class,Taxon counts,93
kraken,marine1,order,Taxon counts,173
kraken,marine1,family,Taxon counts,294
kraken,marine1,genus,Taxon counts,738
kraken,marine1,species,Taxon counts,3382
sourmash,marine1,kingdom,Bray-Curtis distance,0.00372338563415455
sourmash,marine1,phylum,Bray-Curtis distance,0.141132760440326
sourmash,marine1,class,Bray-Curtis distance,0.15093135025802
sourmash,marine1,order,Bray-Curtis distance,0.179525577993852
sourmash,marine1,family,Bray-Curtis distance,0.208855838531282
sourmash,marine1,genus,Bray-Curtis distance,0.243854096586166
sourmash,marine1,species,Bray-Curtis distance,0.289097498592632
sourmash,marine1,phylum,Shannon diversity,1.7115456416625
sourmash,marine1,phylum,Shannon equitability,0.525320726899597
sourmash,marine1,class,Shannon diversity,2.10954470450799
sourmash,marine1,class,Shannon equitability,0.579929824855795
sourmash,marine1,order,Shannon diversity,3.18119336257571
sourmash,marine1,order,Shannon equitability,0.739113673628822
sourmash,marine1,family,Shannon diversity,3.71784627164343
sourmash,marine1,family,Shannon equitability,0.775231160805588
sourmash,marine1,genus,Shannon diversity,4.46456656868456
sourmash,marine1,genus,Shannon equitability,0.839500908940067
sourmash,marine1,species,Shannon diversity,4.7329838297871
sourmash,marine1,species,Shannon equitability,0.836808819406872
sourmash,marine1,kingdom,True positives,2
sourmash,marine1,kingdom,False negatives,0
sourmash,marine1,kingdom,False positives,0
sourmash,marine1,kingdom,Completeness,1
sourmash,marine1,kingdom,Purity,1
sourmash,marine1,kingdom,F1 score,1
sourmash,marine1,kingdom,Jaccard index,1
sourmash,marine1,phylum,True positives,26
sourmash,marine1,phylum,False negatives,9
sourmash,marine1,phylum,False positives,0
sourmash,marine1,phylum,Completeness,0.742857142857143
sourmash,marine1,phylum,Purity,1
sourmash,marine1,phylum,F1 score,0.852459016393443
sourmash,marine1,phylum,Jaccard index,0.742857142857143
sourmash,marine1,class,True positives,38
sourmash,marine1,class,False negatives,13
sourmash,marine1,class,False positives,0
sourmash,marine1,class,Completeness,0.745098039215686
sourmash,marine1,class,Purity,1
sourmash,marine1,class,F1 score,0.853932584269663
sourmash,marine1,class,Jaccard index,0.745098039215686
sourmash,marine1,order,True positives,74
sourmash,marine1,order,False negatives,24
sourmash,marine1,order,False positives,0
sourmash,marine1,order,Completeness,0.755102040816326
sourmash,marine1,order,Purity,1
sourmash,marine1,order,F1 score,0.86046511627907
sourmash,marine1,order,Jaccard index,0.755102040816326
sourmash,marine1,family,True positives,121
sourmash,marine1,family,False negatives,42
sourmash,marine1,family,False positives,0
sourmash,marine1,family,Completeness,0.742331288343558
sourmash,marine1,family,Purity,1
sourmash,marine1,family,F1 score,0.852112676056338
sourmash,marine1,family,Jaccard index,0.742331288343558
sourmash,marine1,genus,True positives,204
sourmash,marine1,genus,False negatives,96
sourmash,marine1,genus,False positives,0
sourmash,marine1,genus,Completeness,0.68
sourmash,marine1,genus,Purity,1
sourmash,marine1,genus,F1 score,0.80952380952381
sourmash,marine1,genus,Jaccard index,0.68
sourmash,marine1,species,True positives,278
sourmash,marine1,species,False negatives,160
sourmash,marine1,species,False positives,8
sourmash,marine1,species,Completeness,0.634703196347032
sourmash,marine1,species,Purity,0.972027972027972
sourmash,marine1,species,F1 score,0.767955801104972
sourmash,marine1,species,Jaccard index,0.623318385650224
sourmash,marine1,kingdom,L1 norm error,0.00744677126830911
sourmash,marine1,phylum,L1 norm error,0.281822403893399
sourmash,marine1,class,L1 norm error,0.301625759620816
sourmash,marine1,order,L1 norm error,0.357360177231089
sourmash,marine1,family,L1 norm error,0.416072306273464
sourmash,marine1,genus,L1 norm error,0.483497211912602
sourmash,marine1,species,L1 norm error,0.552779832473825
sourmash,marine1,na,Weighted UniFrac error,0.0203352035179804
sourmash,marine1,na,Unweighted UniFrac error,0.297484194381056
sourmash,marine1,na,Weighted UniFrac (CAMI),2.40060446267349
sourmash,marine1,na,Unweighted UniFrac (CAMI),1074.13814756672
sourmash,marine1,phylum,Sum of abundances,0.996860282574568
sourmash,marine1,class,Sum of abundances,0.998430141287285
sourmash,marine1,order,Sum of abundances,0.990580847723706
sourmash,marine1,family,Sum of abundances,0.992150706436422
sourmash,marine1,genus,Sum of abundances,0.982731554160128
sourmash,marine1,species,Sum of abundances,0.912087912087915
sourmash,marine1,phylum,Taxon counts,26
sourmash,marine1,class,Taxon counts,38
sourmash,marine1,order,Taxon counts,74
sourmash,marine1,family,Taxon counts,121
sourmash,marine1,genus,Taxon counts,204
sourmash,marine1,species,Taxon counts,286
metabuli,marine1,kingdom,Bray-Curtis distance,0.00460777108747348
metabuli,marine1,phylum,Bray-Curtis distance,0.193883531070102
metabuli,marine1,class,Bray-Curtis distance,0.20625123100409
metabuli,marine1,order,Bray-Curtis distance,0.2469563927327
metabuli,marine1,family,Bray-Curtis distance,0.269340592226674
metabuli,marine1,genus,Bray-Curtis distance,0.354092560886796
metabuli,marine1,species,Bray-Curtis distance,0.529422950590324
metabuli,marine1,phylum,Shannon diversity,1.43417631999749
metabuli,marine1,phylum,Shannon equitability,0.354726226552558
metabuli,marine1,class,Shannon diversity,1.84685954831698
metabuli,marine1,class,Shannon equitability,0.385100127029666
metabuli,marine1,order,Shannon diversity,2.96462930923212
metabuli,marine1,order,Shannon equitability,0.520991570572808
metabuli,marine1,family,Shannon diversity,3.53066759942717
metabuli,marine1,family,Shannon equitability,0.547350405221075
metabuli,marine1,genus,Shannon diversity,4.48247488525932
metabuli,marine1,genus,Shannon equitability,0.581810066735892
metabuli,marine1,species,Shannon diversity,5.24680608524341
metabuli,marine1,species,Shannon equitability,0.594254340577812
metabuli,marine1,kingdom,True positives,2
metabuli,marine1,kingdom,False negatives,0
metabuli,marine1,kingdom,False positives,0
metabuli,marine1,kingdom,Completeness,1
metabuli,marine1,kingdom,Purity,1
metabuli,marine1,kingdom,F1 score,1
metabuli,marine1,kingdom,Jaccard index,1
metabuli,marine1,phylum,True positives,32
metabuli,marine1,phylum,False negatives,3
metabuli,marine1,phylum,False positives,25
metabuli,marine1,phylum,Completeness,0.914285714285714
metabuli,marine1,phylum,Purity,0.56140350877193
metabuli,marine1,phylum,F1 score,0.695652173913044
metabuli,marine1,phylum,Jaccard index,0.533333333333333
metabuli,marine1,class,True positives,47
metabuli,marine1,class,False negatives,4
metabuli,marine1,class,False positives,74
metabuli,marine1,class,Completeness,0.92156862745098
metabuli,marine1,class,Purity,0.388429752066116
metabuli,marine1,class,F1 score,0.546511627906977
metabuli,marine1,class,Jaccard index,0.376
metabuli,marine1,order,True positives,85
metabuli,marine1,order,False negatives,13
metabuli,marine1,order,False positives,211
metabuli,marine1,order,Completeness,0.86734693877551
metabuli,marine1,order,Purity,0.287162162162162
metabuli,marine1,order,F1 score,0.431472081218274
metabuli,marine1,order,Jaccard index,0.275080906148867
metabuli,marine1,family,True positives,137
metabuli,marine1,family,False negatives,26
metabuli,marine1,family,False positives,496
metabuli,marine1,family,Completeness,0.840490797546012
metabuli,marine1,family,Purity,0.216429699842022
metabuli,marine1,family,F1 score,0.344221105527638
metabuli,marine1,family,Jaccard index,0.207890743550835
metabuli,marine1,genus,True positives,208
metabuli,marine1,genus,False negatives,92
metabuli,marine1,genus,False positives,2010
metabuli,marine1,genus,Completeness,0.693333333333333
metabuli,marine1,genus,Purity,0.0937781785392245
metabuli,marine1,genus,F1 score,0.165210484511517
metabuli,marine1,genus,Jaccard index,0.0900432900432901
metabuli,marine1,species,True positives,217
metabuli,marine1,species,False negatives,221
metabuli,marine1,species,False positives,6614
metabuli,marine1,species,Completeness,0.495433789954338
metabuli,marine1,species,Purity,0.0317669448104231
metabuli,marine1,species,F1 score,0.0597055991195488
metabuli,marine1,species,Jaccard index,0.0307714123652864
metabuli,marine1,kingdom,L1 norm error,0.00921554217494696
metabuli,marine1,phylum,L1 norm error,0.383302084664848
metabuli,marine1,class,L1 norm error,0.406935834698196
metabuli,marine1,order,L1 norm error,0.484311381000876
metabuli,marine1,family,L1 norm error,0.526751643027968
metabuli,marine1,genus,L1 norm error,0.68375857543251
metabuli,marine1,species,L1 norm error,0.986337071809479
metabuli,marine1,na,Weighted UniFrac error,0.0286231783299274
metabuli,marine1,na,Unweighted UniFrac error,15.4258557480079
metabuli,marine1,na,Weighted UniFrac (CAMI),3.48061213280884
metabuli,marine1,na,Unweighted UniFrac (CAMI),52351
metabuli,marine1,phylum,Sum of abundances,0.97697082650232
metabuli,marine1,class,Sum of abundances,0.973010452917615
metabuli,marine1,order,Sum of abundances,0.961121053161328
metabuli,marine1,family,Sum of abundances,0.955708341892484
metabuli,marine1,genus,Sum of abundances,0.931016493879708
metabuli,marine1,species,Sum of abundances,0.863041771630193
metabuli,marine1,phylum,Taxon counts,57
metabuli,marine1,class,Taxon counts,121
metabuli,marine1,order,Taxon counts,296
metabuli,marine1,family,Taxon counts,633
metabuli,marine1,genus,Taxon counts,2218
metabuli,marine1,species,Taxon counts,6831
sylph,marine1,kingdom,Bray-Curtis distance,4.61192213437511e-05
sylph,marine1,phylum,Bray-Curtis distance,0.00399333198164217
sylph,marine1,class,Bray-Curtis distance,0.00527752675910868
sylph,marine1,order,Bray-Curtis distance,0.00871624226212253
sylph,marine1,family,Bray-Curtis distance,0.0113239827072422
sylph,marine1,genus,Bray-Curtis distance,0.0144584503482864
sylph,marine1,species,Bray-Curtis distance,0.0197570938434248
sylph,marine1,phylum,Shannon diversity,1.95609054215884
sylph,marine1,phylum,Shannon equitability,0.550182572375036
sylph,marine1,class,Shannon diversity,2.31832212737219
sylph,marine1,class,Shannon equitability,0.58962994393163
sylph,marine1,order,Shannon diversity,3.41061189760878
sylph,marine1,order,Shannon equitability,0.743868285538571
sylph,marine1,family,Shannon diversity,4.0493052312294
sylph,marine1,family,Shannon equitability,0.794955596877927
sylph,marine1,genus,Shannon diversity,4.86978481619711
sylph,marine1,genus,Shannon equitability,0.853781650656417
sylph,marine1,species,Shannon diversity,5.35946448502626
sylph,marine1,species,Shannon equitability,0.881832834252675
sylph,marine1,kingdom,True positives,2
sylph,marine1,kingdom,False negatives,0
sylph,marine1,kingdom,False positives,0
sylph,marine1,kingdom,Completeness,1
sylph,marine1,kingdom,Purity,1
sylph,marine1,kingdom,F1 score,1
sylph,marine1,kingdom,Jaccard index,1
sylph,marine1,phylum,True positives,35
sylph,marine1,phylum,False negatives,0
sylph,marine1,phylum,False positives,0
sylph,marine1,phylum,Completeness,1
sylph,marine1,phylum,Purity,1
sylph,marine1,phylum,F1 score,1
sylph,marine1,phylum,Jaccard index,1
sylph,marine1,class,True positives,51
sylph,marine1,class,False negatives,0
sylph,marine1,class,False positives,0
sylph,marine1,class,Completeness,1
sylph,marine1,class,Purity,1
sylph,marine1,class,F1 score,1
sylph,marine1,class,Jaccard index,1
sylph,marine1,order,True positives,98
sylph,marine1,order,False negatives,0
sylph,marine1,order,False positives,0
sylph,marine1,order,Completeness,1
sylph,marine1,order,Purity,1
sylph,marine1,order,F1 score,1
sylph,marine1,order,Jaccard index,1
sylph,marine1,family,True positives,163
sylph,marine1,family,False negatives,0
sylph,marine1,family,False positives,0
sylph,marine1,family,Completeness,1
sylph,marine1,family,Purity,1
sylph,marine1,family,F1 score,1
sylph,marine1,family,Jaccard index,1
sylph,marine1,genus,True positives,300
sylph,marine1,genus,False negatives,0
sylph,marine1,genus,False positives,0
sylph,marine1,genus,Completeness,1
sylph,marine1,genus,Purity,1
sylph,marine1,genus,F1 score,1
sylph,marine1,genus,Jaccard index,1
sylph,marine1,species,True positives,432
sylph,marine1,species,False negatives,6
sylph,marine1,species,False positives,4
sylph,marine1,species,Completeness,0.986301369863014
sylph,marine1,species,Purity,0.990825688073395
sylph,marine1,species,F1 score,0.988558352402746
sylph,marine1,species,Jaccard index,0.97737556561086
sylph,marine1,kingdom,L1 norm error,9.22384426875023e-05
sylph,marine1,phylum,L1 norm error,0.00798666396328435
sylph,marine1,class,L1 norm error,0.0105550535182174
sylph,marine1,order,L1 norm error,0.0174324845242451
sylph,marine1,family,L1 norm error,0.0226479654144843
sylph,marine1,genus,L1 norm error,0.0289169006965727
sylph,marine1,species,L1 norm error,0.0395141876868497
sylph,marine1,na,Weighted UniFrac error,0.000943460112550198
sylph,marine1,na,Unweighted UniFrac error,0.041227413864053
sylph,marine1,na,Weighted UniFrac (CAMI),0.127145494246342
sylph,marine1,na,Unweighted UniFrac (CAMI),162
sylph,marine1,phylum,Sum of abundances,1
sylph,marine1,class,Sum of abundances,1
sylph,marine1,order,Sum of abundances,1
sylph,marine1,family,Sum of abundances,1
sylph,marine1,genus,Sum of abundances,0.999999999999998
sylph,marine1,species,Sum of abundances,0.999999999999999
sylph,marine1,phylum,Taxon counts,35
sylph,marine1,class,Taxon counts,51
sylph,marine1,order,Taxon counts,98
sylph,marine1,family,Taxon counts,163
sylph,marine1,genus,Taxon counts,300
sylph,marine1,species,Taxon counts,436
metaphlan42,marine1,kingdom,Bray-Curtis distance,0.00062027951498205
metaphlan42,marine1,phylum,Bray-Curtis distance,0.0579469440107051
metaphlan42,marine1,class,Bray-Curtis distance,0.0715044639756608
metaphlan42,marine1,order,Bray-Curtis distance,0.0871441413194621
metaphlan42,marine1,family,Bray-Curtis distance,0.105103310594106
metaphlan42,marine1,genus,Bray-Curtis distance,0.132140539241826
metaphlan42,marine1,species,Bray-Curtis distance,0.198738858800321
metaphlan42,marine1,phylum,Shannon diversity,1.95916996376773
metaphlan42,marine1,phylum,Shannon equitability,0.576023601079654
metaphlan42,marine1,class,Shannon diversity,2.29308729289313
metaphlan42,marine1,class,Shannon equitability,0.609669047739644
metaphlan42,marine1,order,Shannon diversity,3.32357502010407
metaphlan42,marine1,order,Shannon equitability,0.746141869741384
metaphlan42,marine1,family,Shannon diversity,3.9301040765392
metaphlan42,marine1,family,Shannon equitability,0.794159378025285
metaphlan42,marine1,genus,Shannon diversity,4.68976914241424
metaphlan42,marine1,genus,Shannon equitability,0.841643844612338
metaphlan42,marine1,species,Shannon diversity,5.09247290812458
metaphlan42,marine1,species,Shannon equitability,0.855411516407268
metaphlan42,marine1,kingdom,True positives,2
metaphlan42,marine1,kingdom,False negatives,0
metaphlan42,marine1,kingdom,False positives,0
metaphlan42,marine1,kingdom,Completeness,1
metaphlan42,marine1,kingdom,Purity,1
metaphlan42,marine1,kingdom,F1 score,1
metaphlan42,marine1,kingdom,Jaccard index,1
metaphlan42,marine1,phylum,True positives,30
metaphlan42,marine1,phylum,False negatives,5
metaphlan42,marine1,phylum,False positives,0
metaphlan42,marine1,phylum,Completeness,0.857142857142857
metaphlan42,marine1,phylum,Purity,1
metaphlan42,marine1,phylum,F1 score,0.923076923076923
metaphlan42,marine1,phylum,Jaccard index,0.857142857142857
metaphlan42,marine1,class,True positives,43
metaphlan42,marine1,class,False negatives,8
metaphlan42,marine1,class,False positives,0
metaphlan42,marine1,class,Completeness,0.843137254901961
metaphlan42,marine1,class,Purity,1
metaphlan42,marine1,class,F1 score,0.914893617021277
metaphlan42,marine1,class,Jaccard index,0.843137254901961
metaphlan42,marine1,order,True positives,86
metaphlan42,marine1,order,False negatives,12
metaphlan42,marine1,order,False positives,0
metaphlan42,marine1,order,Completeness,0.877551020408163
metaphlan42,marine1,order,Purity,1
metaphlan42,marine1,order,F1 score,0.934782608695652
metaphlan42,marine1,order,Jaccard index,0.877551020408163
metaphlan42,marine1,family,True positives,141
metaphlan42,marine1,family,False negatives,22
metaphlan42,marine1,family,False positives,0
metaphlan42,marine1,family,Completeness,0.865030674846626
metaphlan42,marine1,family,Purity,1
metaphlan42,marine1,family,F1 score,0.927631578947368
metaphlan42,marine1,family,Jaccard index,0.865030674846626
metaphlan42,marine1,genus,True positives,263
metaphlan42,marine1,genus,False negatives,37
metaphlan42,marine1,genus,False positives,0
metaphlan42,marine1,genus,Completeness,0.876666666666667
metaphlan42,marine1,genus,Purity,1
metaphlan42,marine1,genus,F1 score,0.934280639431616
metaphlan42,marine1,genus,Jaccard index,0.876666666666667
metaphlan42,marine1,species,True positives,346
metaphlan42,marine1,species,False negatives,92
metaphlan42,marine1,species,False positives,39
metaphlan42,marine1,species,Completeness,0.789954337899543
metaphlan42,marine1,species,Purity,0.898701298701299
metaphlan42,marine1,species,F1 score,0.840826245443499
metaphlan42,marine1,species,Jaccard index,0.725366876310273
metaphlan42,marine1,kingdom,L1 norm error,0.0012405590299641
metaphlan42,marine1,phylum,L1 norm error,0.11589388802141
metaphlan42,marine1,class,L1 norm error,0.143008927951322
metaphlan42,marine1,order,L1 norm error,0.174288282638924
metaphlan42,marine1,family,L1 norm error,0.210206621188211
metaphlan42,marine1,genus,L1 norm error,0.264281078483652
metaphlan42,marine1,species,L1 norm error,0.397477717600642
metaphlan42,marine1,na,Weighted UniFrac error,0.0102654971330881
metaphlan42,marine1,na,Unweighted UniFrac error,0.132385619692492
metaphlan42,marine1,na,Weighted UniFrac (CAMI),1.30639707491413
metaphlan42,marine1,na,Unweighted UniFrac (CAMI),530
metaphlan42,marine1,phylum,Sum of abundances,1
metaphlan42,marine1,class,Sum of abundances,1
metaphlan42,marine1,order,Sum of abundances,1
metaphlan42,marine1,family,Sum of abundances,1
metaphlan42,marine1,genus,Sum of abundances,1
metaphlan42,marine1,species,Sum of abundances,1
metaphlan42,marine1,phylum,Taxon counts,30
metaphlan42,marine1,class,Taxon counts,43
metaphlan42,marine1,order,Taxon counts,86
metaphlan42,marine1,family,Taxon counts,141
metaphlan42,marine1,genus,Taxon counts,263
metaphlan42,marine1,species,Taxon counts,385
metakssd,marine1,kingdom,Bray-Curtis distance,0.00134321383746271
metakssd,marine1,phylum,Bray-Curtis distance,0.0485754874108292
metakssd,marine1,class,Bray-Curtis distance,0.0500649983618848
metakssd,marine1,order,Bray-Curtis distance,0.0774306278107672
metakssd,marine1,family,Bray-Curtis distance,0.0957290079785468
metakssd,marine1,genus,Bray-Curtis distance,0.119540670378385
metakssd,marine1,species,Bray-Curtis distance,0.1463126876564
metakssd,marine1,phylum,Shannon diversity,1.85667653502489
metakssd,marine1,phylum,Shannon equitability,0.522220751080864
metakssd,marine1,class,Shannon diversity,2.22902194373086
metakssd,marine1,class,Shannon equitability,0.56691780153699
metakssd,marine1,order,Shannon diversity,3.33399088172547
metakssd,marine1,order,Shannon equitability,0.727156931261848
metakssd,marine1,family,Shannon diversity,3.94952597691783
metakssd,marine1,family,Shannon equitability,0.776304902487401
metakssd,marine1,genus,Shannon diversity,4.76227691363075
metakssd,marine1,genus,Shannon equitability,0.835913422328607
metakssd,marine1,species,Shannon diversity,5.4782871669989
metakssd,marine1,species,Shannon equitability,0.884977066244314
metakssd,marine1,kingdom,True positives,2
metakssd,marine1,kingdom,False negatives,0
metakssd,marine1,kingdom,False positives,0
metakssd,marine1,kingdom,Completeness,1
metakssd,marine1,kingdom,Purity,1
metakssd,marine1,kingdom,F1 score,1
metakssd,marine1,kingdom,Jaccard index,1
metakssd,marine1,phylum,True positives,35
metakssd,marine1,phylum,False negatives,0
metakssd,marine1,phylum,False positives,0
metakssd,marine1,phylum,Completeness,1
metakssd,marine1,phylum,Purity,1
metakssd,marine1,phylum,F1 score,1
metakssd,marine1,phylum,Jaccard index,1
metakssd,marine1,class,True positives,51
metakssd,marine1,class,False negatives,0
metakssd,marine1,class,False positives,0
metakssd,marine1,class,Completeness,1
metakssd,marine1,class,Purity,1
metakssd,marine1,class,F1 score,1
metakssd,marine1,class,Jaccard index,1
metakssd,marine1,order,True positives,98
metakssd,marine1,order,False negatives,0
metakssd,marine1,order,False positives,0
metakssd,marine1,order,Completeness,1
metakssd,marine1,order,Purity,1
metakssd,marine1,order,F1 score,1
metakssd,marine1,order,Jaccard index,1
metakssd,marine1,family,True positives,162
metakssd,marine1,family,False negatives,1
metakssd,marine1,family,False positives,0
metakssd,marine1,family,Completeness,0.993865030674847
metakssd,marine1,family,Purity,1
metakssd,marine1,family,F1 score,0.996923076923077
metakssd,marine1,family,Jaccard index,0.993865030674847
metakssd,marine1,genus,True positives,298
metakssd,marine1,genus,False negatives,2
metakssd,marine1,genus,False positives,0
metakssd,marine1,genus,Completeness,0.993333333333333
metakssd,marine1,genus,Purity,1
metakssd,marine1,genus,F1 score,0.996655518394649
metakssd,marine1,genus,Jaccard index,0.993333333333333
metakssd,marine1,species,True positives,428
metakssd,marine1,species,False negatives,10
metakssd,marine1,species,False positives,60
metakssd,marine1,species,Completeness,0.977168949771689
metakssd,marine1,species,Purity,0.877049180327869
metakssd,marine1,species,F1 score,0.924406047516199
metakssd,marine1,species,Jaccard index,0.859437751004016
metakssd,marine1,kingdom,L1 norm error,0.00268642767492541
metakssd,marine1,phylum,L1 norm error,0.0971509748216583
metakssd,marine1,class,L1 norm error,0.10012999672377
metakssd,marine1,order,L1 norm error,0.154861255621534
metakssd,marine1,family,L1 norm error,0.191458015957094
metakssd,marine1,genus,L1 norm error,0.239081340756771
metakssd,marine1,species,L1 norm error,0.292625375312801
metakssd,marine1,na,Weighted UniFrac error,0.00851536045247863
metakssd,marine1,na,Unweighted UniFrac error,0.130580599304179
metakssd,marine1,na,Weighted UniFrac (CAMI),1.07799338686855
metakssd,marine1,na,Unweighted UniFrac (CAMI),496
metakssd,marine1,phylum,Sum of abundances,1
metakssd,marine1,class,Sum of abundances,1
metakssd,marine1,order,Sum of abundances,1
metakssd,marine1,family,Sum of abundances,1
metakssd,marine1,genus,Sum of abundances,1
metakssd,marine1,species,Sum of abundances,1.00000000000001
metakssd,marine1,phylum,Taxon counts,35
metakssd,marine1,class,Taxon counts,51
metakssd,marine1,order,Taxon counts,98
metakssd,marine1,family,Taxon counts,162
metakssd,marine1,genus,Taxon counts,298
metakssd,marine1,species,Taxon counts,488
singlem,marine2,kingdom,Bray-Curtis distance,0.00231783252992035
singlem,marine2,phylum,Bray-Curtis distance,0.0109246205225583
singlem,marine2,class,Bray-Curtis distance,0.0135611891377228
singlem,marine2,order,Bray-Curtis distance,0.0246453104935309
singlem,marine2,family,Bray-Curtis distance,0.0302017286431614
singlem,marine2,genus,Bray-Curtis distance,0.0467560904956827
singlem,marine2,species,Bray-Curtis distance,0.144038878703616
singlem,marine2,phylum,Shannon diversity,1.7844913044943
singlem,marine2,phylum,Shannon equitability,0.501917470141233
singlem,marine2,class,Shannon diversity,2.24027364537549
singlem,marine2,class,Shannon equitability,0.56977950057852
singlem,marine2,order,Shannon diversity,3.33952479709312
singlem,marine2,order,Shannon equitability,0.728363900644597
singlem,marine2,family,Shannon diversity,3.90390015811214
singlem,marine2,family,Shannon equitability,0.76733685239079
singlem,marine2,genus,Shannon diversity,4.47078995242135
singlem,marine2,genus,Shannon equitability,0.788037230011453
singlem,marine2,species,Shannon diversity,4.47200982179394
singlem,marine2,species,Shannon equitability,0.749886865608552
singlem,marine2,kingdom,True positives,2
singlem,marine2,kingdom,False negatives,0
singlem,marine2,kingdom,False positives,0
singlem,marine2,kingdom,Completeness,1
singlem,marine2,kingdom,Purity,1
singlem,marine2,kingdom,F1 score,1
singlem,marine2,kingdom,Jaccard index,1
singlem,marine2,phylum,True positives,35
singlem,marine2,phylum,False negatives,0
singlem,marine2,phylum,False positives,0
singlem,marine2,phylum,Completeness,1
singlem,marine2,phylum,Purity,1
singlem,marine2,phylum,F1 score,1
singlem,marine2,phylum,Jaccard index,1
singlem,marine2,class,True positives,51
singlem,marine2,class,False negatives,0
singlem,marine2,class,False positives,0
singlem,marine2,class,Completeness,1
singlem,marine2,class,Purity,1
singlem,marine2,class,F1 score,1
singlem,marine2,class,Jaccard index,1
singlem,marine2,order,True positives,98
singlem,marine2,order,False negatives,0
singlem,marine2,order,False positives,0
singlem,marine2,order,Completeness,1
singlem,marine2,order,Purity,1
singlem,marine2,order,F1 score,1
singlem,marine2,order,Jaccard index,1
singlem,marine2,family,True positives,162
singlem,marine2,family,False negatives,0
singlem,marine2,family,False positives,0
singlem,marine2,family,Completeness,1
singlem,marine2,family,Purity,1
singlem,marine2,family,F1 score,1
singlem,marine2,family,Jaccard index,1
singlem,marine2,genus,True positives,291
singlem,marine2,genus,False negatives,1
singlem,marine2,genus,False positives,0
singlem,marine2,genus,Completeness,0.996575342465753
singlem,marine2,genus,Purity,1
singlem,marine2,genus,F1 score,0.998284734133791
singlem,marine2,genus,Jaccard index,0.996575342465753
singlem,marine2,species,True positives,367
singlem,marine2,species,False negatives,50
singlem,marine2,species,False positives,22
singlem,marine2,species,Completeness,0.880095923261391
singlem,marine2,species,Purity,0.943444730077121
singlem,marine2,species,F1 score,0.910669975186104
singlem,marine2,species,Jaccard index,0.835990888382688
singlem,marine2,kingdom,L1 norm error,0.0046356650598407
singlem,marine2,phylum,L1 norm error,0.0217675639804871
singlem,marine2,class,L1 norm error,0.0269973398252645
singlem,marine2,order,L1 norm error,0.0489817385286223
singlem,marine2,family,L1 norm error,0.0597854664352602
singlem,marine2,genus,L1 norm error,0.0912807563696799
singlem,marine2,species,L1 norm error,0.27208425382576
singlem,marine2,na,Weighted UniFrac error,0.00359813043650524
singlem,marine2,na,Unweighted UniFrac error,0.34795680703145
singlem,marine2,na,Weighted UniFrac (CAMI),0.525532784024914
singlem,marine2,na,Unweighted UniFrac (CAMI),1076
singlem,marine2,phylum,Sum of abundances,0.992523578786032
singlem,marine2,class,Sum of abundances,0.9907796839266
singlem,marine2,order,Sum of abundances,0.987466887117505
singlem,marine2,family,Sum of abundances,0.979537898033442
singlem,marine2,genus,Sum of abundances,0.952275209538925
singlem,marine2,species,Sum of abundances,0.88896398163178
singlem,marine2,phylum,Taxon counts,35
singlem,marine2,class,Taxon counts,51
singlem,marine2,order,Taxon counts,98
singlem,marine2,family,Taxon counts,162
singlem,marine2,genus,Taxon counts,291
singlem,marine2,species,Taxon counts,389
metaphlan,marine2,kingdom,Bray-Curtis distance,0.000734888574312469
metaphlan,marine2,phylum,Bray-Curtis distance,0.0412048373504076
metaphlan,marine2,class,Bray-Curtis distance,0.0924620759962923
metaphlan,marine2,order,Bray-Curtis distance,0.11561443458072
metaphlan,marine2,family,Bray-Curtis distance,0.139207392770197
metaphlan,marine2,genus,Bray-Curtis distance,0.16284885813284
metaphlan,marine2,species,Bray-Curtis distance,0.231008142110317
metaphlan,marine2,phylum,Shannon diversity,1.78305598196565
metaphlan,marine2,phylum,Shannon equitability,0.524243606554312
metaphlan,marine2,class,Shannon diversity,2.24043045375813
metaphlan,marine2,class,Shannon equitability,0.595669037765356
metaphlan,marine2,order,Shannon diversity,3.29066796441052
metaphlan,marine2,order,Shannon equitability,0.740699139866797
metaphlan,marine2,family,Shannon diversity,3.90162555211119
metaphlan,marine2,family,Shannon equitability,0.789540241572364
metaphlan,marine2,genus,Shannon diversity,4.60878847000637
metaphlan,marine2,genus,Shannon equitability,0.830550599684812
metaphlan,marine2,species,Shannon diversity,4.95080291221494
metaphlan,marine2,species,Shannon equitability,0.838357248818869
metaphlan,marine2,kingdom,True positives,2
metaphlan,marine2,kingdom,False negatives,0
metaphlan,marine2,kingdom,False positives,0
metaphlan,marine2,kingdom,Completeness,1
metaphlan,marine2,kingdom,Purity,1
metaphlan,marine2,kingdom,F1 score,1
metaphlan,marine2,kingdom,Jaccard index,1
metaphlan,marine2,phylum,True positives,30
metaphlan,marine2,phylum,False negatives,5
metaphlan,marine2,phylum,False positives,0
metaphlan,marine2,phylum,Completeness,0.857142857142857
metaphlan,marine2,phylum,Purity,1
metaphlan,marine2,phylum,F1 score,0.923076923076923
metaphlan,marine2,phylum,Jaccard index,0.857142857142857
metaphlan,marine2,class,True positives,43
metaphlan,marine2,class,False negatives,8
metaphlan,marine2,class,False positives,0
metaphlan,marine2,class,Completeness,0.843137254901961
metaphlan,marine2,class,Purity,1
metaphlan,marine2,class,F1 score,0.914893617021277
metaphlan,marine2,class,Jaccard index,0.843137254901961
metaphlan,marine2,order,True positives,85
metaphlan,marine2,order,False negatives,13
metaphlan,marine2,order,False positives,0
metaphlan,marine2,order,Completeness,0.86734693877551
metaphlan,marine2,order,Purity,1
metaphlan,marine2,order,F1 score,0.92896174863388
metaphlan,marine2,order,Jaccard index,0.86734693877551
metaphlan,marine2,family,True positives,140
metaphlan,marine2,family,False negatives,22
metaphlan,marine2,family,False positives,0
metaphlan,marine2,family,Completeness,0.864197530864198
metaphlan,marine2,family,Purity,1
metaphlan,marine2,family,F1 score,0.927152317880795
metaphlan,marine2,family,Jaccard index,0.864197530864198
metaphlan,marine2,genus,True positives,257
metaphlan,marine2,genus,False negatives,35
metaphlan,marine2,genus,False positives,0
metaphlan,marine2,genus,Completeness,0.88013698630137
metaphlan,marine2,genus,Purity,1
metaphlan,marine2,genus,F1 score,0.936247723132969
metaphlan,marine2,genus,Jaccard index,0.88013698630137
metaphlan,marine2,species,True positives,330
metaphlan,marine2,species,False negatives,87
metaphlan,marine2,species,False positives,37
metaphlan,marine2,species,Completeness,0.79136690647482
metaphlan,marine2,species,Purity,0.899182561307902
metaphlan,marine2,species,F1 score,0.841836734693878
metaphlan,marine2,species,Jaccard index,0.726872246696035
metaphlan,marine2,kingdom,L1 norm error,0.00146977714862494
metaphlan,marine2,phylum,L1 norm error,0.0824096747008152
metaphlan,marine2,class,L1 norm error,0.184924151992585
metaphlan,marine2,order,L1 norm error,0.23122886916144
metaphlan,marine2,family,L1 norm error,0.278414785540393
metaphlan,marine2,genus,L1 norm error,0.32569771626568
metaphlan,marine2,species,L1 norm error,0.462016284220634
metaphlan,marine2,na,Weighted UniFrac error,0.0118332008173113
metaphlan,marine2,na,Unweighted UniFrac error,0.145638630803982
metaphlan,marine2,na,Weighted UniFrac (CAMI),1.56616125903017
metaphlan,marine2,na,Unweighted UniFrac (CAMI),540
metaphlan,marine2,phylum,Sum of abundances,1
metaphlan,marine2,class,Sum of abundances,1
metaphlan,marine2,order,Sum of abundances,1
metaphlan,marine2,family,Sum of abundances,1
metaphlan,marine2,genus,Sum of abundances,1
metaphlan,marine2,species,Sum of abundances,1
metaphlan,marine2,phylum,Taxon counts,30
metaphlan,marine2,class,Taxon counts,43
metaphlan,marine2,order,Taxon counts,85
metaphlan,marine2,family,Taxon counts,140
metaphlan,marine2,genus,Taxon counts,257
metaphlan,marine2,species,Taxon counts,367
kraken,marine2,kingdom,Bray-Curtis distance,0.00396381053281765
kraken,marine2,phylum,Bray-Curtis distance,0.0962537496129192
kraken,marine2,class,Bray-Curtis distance,0.116457135467033
kraken,marine2,order,Bray-Curtis distance,0.160188739123168
kraken,marine2,family,Bray-Curtis distance,0.188302109132932
kraken,marine2,genus,Bray-Curtis distance,0.194780513185378
kraken,marine2,species,Bray-Curtis distance,0.250367057212776
kraken,marine2,phylum,Shannon diversity,1.57115515409587
kraken,marine2,phylum,Shannon equitability,0.399599397546841
kraken,marine2,class,Shannon diversity,2.06062953592694
kraken,marine2,class,Shannon equitability,0.459076959279263
kraken,marine2,order,Shannon diversity,3.16160986175349
kraken,marine2,order,Shannon equitability,0.60882652264124
kraken,marine2,family,Shannon diversity,3.76745322712031
kraken,marine2,family,Shannon equitability,0.658233110893239
kraken,marine2,genus,Shannon diversity,4.51286786230905
kraken,marine2,genus,Shannon equitability,0.679795402507391
kraken,marine2,species,Shannon diversity,5.42339813164087
kraken,marine2,species,Shannon equitability,0.670604039792616
kraken,marine2,kingdom,True positives,2
kraken,marine2,kingdom,False negatives,0
kraken,marine2,kingdom,False positives,0
kraken,marine2,kingdom,Completeness,1
kraken,marine2,kingdom,Purity,1
kraken,marine2,kingdom,F1 score,1
kraken,marine2,kingdom,Jaccard index,1
kraken,marine2,phylum,True positives,35
kraken,marine2,phylum,False negatives,0
kraken,marine2,phylum,False positives,16
kraken,marine2,phylum,Completeness,1
kraken,marine2,phylum,Purity,0.686274509803922
kraken,marine2,phylum,F1 score,0.813953488372093
kraken,marine2,phylum,Jaccard index,0.686274509803922
kraken,marine2,class,True positives,51
kraken,marine2,class,False negatives,0
kraken,marine2,class,False positives,38
kraken,marine2,class,Completeness,1
kraken,marine2,class,Purity,0.573033707865169
kraken,marine2,class,F1 score,0.728571428571429
kraken,marine2,class,Jaccard index,0.573033707865169
kraken,marine2,order,True positives,97
kraken,marine2,order,False negatives,1
kraken,marine2,order,False positives,83
kraken,marine2,order,Completeness,0.989795918367347
kraken,marine2,order,Purity,0.538888888888889
kraken,marine2,order,F1 score,0.697841726618705
kraken,marine2,order,Jaccard index,0.535911602209945
kraken,marine2,family,True positives,156
kraken,marine2,family,False negatives,6
kraken,marine2,family,False positives,150
kraken,marine2,family,Completeness,0.962962962962963
kraken,marine2,family,Purity,0.509803921568627
kraken,marine2,family,F1 score,0.666666666666667
kraken,marine2,family,Jaccard index,0.5
kraken,marine2,genus,True positives,282
kraken,marine2,genus,False negatives,10
kraken,marine2,genus,False positives,482
kraken,marine2,genus,Completeness,0.965753424657534
kraken,marine2,genus,Purity,0.369109947643979
kraken,marine2,genus,F1 score,0.534090909090909
kraken,marine2,genus,Jaccard index,0.364341085271318
kraken,marine2,species,True positives,412
kraken,marine2,species,False negatives,5
kraken,marine2,species,False positives,2841
kraken,marine2,species,Completeness,0.988009592326139
kraken,marine2,species,Purity,0.126652320934522
kraken,marine2,species,F1 score,0.224523160762943
kraken,marine2,species,Jaccard index,0.12645794966237
kraken,marine2,kingdom,L1 norm error,0.0079276210656353
kraken,marine2,phylum,L1 norm error,0.19250461161335
kraken,marine2,class,L1 norm error,0.232893308649681
kraken,marine2,order,L1 norm error,0.320321412187642
kraken,marine2,family,L1 norm error,0.376449810536374
kraken,marine2,genus,L1 norm error,0.388914355066981
kraken,marine2,species,L1 norm error,0.497752242774144
kraken,marine2,na,Weighted UniFrac error,0.016246309511165
kraken,marine2,na,Unweighted UniFrac error,7.39217568316308
kraken,marine2,na,Weighted UniFrac (CAMI),1.98068795024613
kraken,marine2,na,Unweighted UniFrac (CAMI),23747.89186
kraken,marine2,phylum,Sum of abundances,0.999970000000001
kraken,marine2,class,Sum of abundances,0.999820000000001
kraken,marine2,order,Sum of abundances,0.999650000000002
kraken,marine2,family,Sum of abundances,0.999180000000003
kraken,marine2,genus,Sum of abundances,0.996680000000007
kraken,marine2,species,Sum of abundances,0.988090000000028
kraken,marine2,phylum,Taxon counts,51
kraken,marine2,class,Taxon counts,89
kraken,marine2,order,Taxon counts,180
kraken,marine2,family,Taxon counts,306
kraken,marine2,genus,Taxon counts,764
kraken,marine2,species,Taxon counts,3253
sourmash,marine2,kingdom,Bray-Curtis distance,0.00376249590947941
sourmash,marine2,phylum,Bray-Curtis distance,0.106651800146793
sourmash,marine2,class,Bray-Curtis distance,0.125401563267322
sourmash,marine2,order,Bray-Curtis distance,0.181686973226407
sourmash,marine2,family,Bray-Curtis distance,0.205006765370756
sourmash,marine2,genus,Bray-Curtis distance,0.241600819294255
sourmash,marine2,species,Bray-Curtis distance,0.285507761956832
sourmash,marine2,phylum,Shannon diversity,1.50651867169361
sourmash,marine2,phylum,Shannon equitability,0.468026340144792
sourmash,marine2,class,Shannon diversity,2.03553794712055
sourmash,marine2,class,Shannon equitability,0.563717591029355
sourmash,marine2,order,Shannon diversity,3.14379514978537
sourmash,marine2,order,Shannon equitability,0.735104182158759
sourmash,marine2,family,Shannon diversity,3.70217338672609
sourmash,marine2,family,Shannon equitability,0.780237374649898
sourmash,marine2,genus,Shannon diversity,4.29722750778468
sourmash,marine2,genus,Shannon equitability,0.814159559847675
sourmash,marine2,species,Shannon diversity,4.4807250690423
sourmash,marine2,species,Shannon equitability,0.8019555496793
sourmash,marine2,kingdom,True positives,2
sourmash,marine2,kingdom,False negatives,0
sourmash,marine2,kingdom,False positives,0
sourmash,marine2,kingdom,Completeness,1
sourmash,marine2,kingdom,Purity,1
sourmash,marine2,kingdom,F1 score,1
sourmash,marine2,kingdom,Jaccard index,1
sourmash,marine2,phylum,True positives,25
sourmash,marine2,phylum,False negatives,10
sourmash,marine2,phylum,False positives,0
sourmash,marine2,phylum,Completeness,0.714285714285714
sourmash,marine2,phylum,Purity,1
sourmash,marine2,phylum,F1 score,0.833333333333333
sourmash,marine2,phylum,Jaccard index,0.714285714285714
sourmash,marine2,class,True positives,37
sourmash,marine2,class,False negatives,14
sourmash,marine2,class,False positives,0
sourmash,marine2,class,Completeness,0.725490196078431
sourmash,marine2,class,Purity,1
sourmash,marine2,class,F1 score,0.840909090909091
sourmash,marine2,class,Jaccard index,0.725490196078431
sourmash,marine2,order,True positives,72
sourmash,marine2,order,False negatives,26
sourmash,marine2,order,False positives,0
sourmash,marine2,order,Completeness,0.73469387755102
sourmash,marine2,order,Purity,1
sourmash,marine2,order,F1 score,0.847058823529412
sourmash,marine2,order,Jaccard index,0.73469387755102
sourmash,marine2,family,True positives,115
sourmash,marine2,family,False negatives,47
sourmash,marine2,family,False positives,0
sourmash,marine2,family,Completeness,0.709876543209877
sourmash,marine2,family,Purity,1
sourmash,marine2,family,F1 score,0.830324909747293
sourmash,marine2,family,Jaccard index,0.709876543209877
sourmash,marine2,genus,True positives,196
sourmash,marine2,genus,False negatives,96
sourmash,marine2,genus,False positives,0
sourmash,marine2,genus,Completeness,0.671232876712329
sourmash,marine2,genus,Purity,1
sourmash,marine2,genus,F1 score,0.80327868852459
sourmash,marine2,genus,Jaccard index,0.671232876712329
sourmash,marine2,species,True positives,261
sourmash,marine2,species,False negatives,156
sourmash,marine2,species,False positives,6
sourmash,marine2,species,Completeness,0.62589928057554
sourmash,marine2,species,Purity,0.97752808988764
sourmash,marine2,species,F1 score,0.763157894736842
sourmash,marine2,species,Jaccard index,0.617021276595745
sourmash,marine2,kingdom,L1 norm error,0.00752499181895883
sourmash,marine2,phylum,L1 norm error,0.212988528505855
sourmash,marine2,class,L1 norm error,0.250617895274278
sourmash,marine2,order,L1 norm error,0.362837205025263
sourmash,marine2,family,L1 norm error,0.408802264771818
sourmash,marine2,genus,L1 norm error,0.479989810857862
sourmash,marine2,species,L1 norm error,0.552881352917884
sourmash,marine2,na,Weighted UniFrac error,0.0185153381326833
sourmash,marine2,na,Unweighted UniFrac error,0.294859807517357
sourmash,marine2,na,Weighted UniFrac (CAMI),2.27564204917191
sourmash,marine2,na,Unweighted UniFrac (CAMI),1021.11521418021
sourmash,marine2,phylum,Sum of abundances,0.997045790251108
sourmash,marine2,class,Sum of abundances,0.998522895125555
sourmash,marine2,order,Sum of abundances,0.997045790251109
sourmash,marine2,family,Sum of abundances,0.994091580502216
sourmash,marine2,genus,Sum of abundances,0.986706056129987
sourmash,marine2,species,Sum of abundances,0.93648449039882
sourmash,marine2,phylum,Taxon counts,25
sourmash,marine2,class,Taxon counts,37
sourmash,marine2,order,Taxon counts,72
sourmash,marine2,family,Taxon counts,115
sourmash,marine2,genus,Taxon counts,196
sourmash,marine2,species,Taxon counts,267
metabuli,marine2,kingdom,Bray-Curtis distance,0.00368137556543592
metabuli,marine2,phylum,Bray-Curtis distance,0.13413080589126
metabuli,marine2,class,Bray-Curtis distance,0.158698275142961
metabuli,marine2,order,Bray-Curtis distance,0.248513185948283
metabuli,marine2,family,Bray-Curtis distance,0.307708833219144
metabuli,marine2,genus,Bray-Curtis distance,0.461429807742748
metabuli,marine2,species,Bray-Curtis distance,0.677081254299434
metabuli,marine2,phylum,Shannon diversity,1.36769122349161
metabuli,marine2,phylum,Shannon equitability,0.338281939280019
metabuli,marine2,class,Shannon diversity,1.86760158046502
metabuli,marine2,class,Shannon equitability,0.389425176664515
metabuli,marine2,order,Shannon diversity,3.03947463014269
metabuli,marine2,order,Shannon equitability,0.53414457461611
metabuli,marine2,family,Shannon diversity,3.72794033736385
metabuli,marine2,family,Shannon equitability,0.577933095323714
metabuli,marine2,genus,Shannon diversity,4.7906041282768
metabuli,marine2,genus,Shannon equitability,0.621804199448788
metabuli,marine2,species,Shannon diversity,5.5503721030346
metabuli,marine2,species,Shannon equitability,0.628625868374346
metabuli,marine2,kingdom,True positives,2
metabuli,marine2,kingdom,False negatives,0
metabuli,marine2,kingdom,False positives,0
metabuli,marine2,kingdom,Completeness,1
metabuli,marine2,kingdom,Purity,1
metabuli,marine2,kingdom,F1 score,1
metabuli,marine2,kingdom,Jaccard index,1
metabuli,marine2,phylum,True positives,32
metabuli,marine2,phylum,False negatives,3
metabuli,marine2,phylum,False positives,25
metabuli,marine2,phylum,Completeness,0.914285714285714
metabuli,marine2,phylum,Purity,0.56140350877193
metabuli,marine2,phylum,F1 score,0.695652173913044
metabuli,marine2,phylum,Jaccard index,0.533333333333333
metabuli,marine2,class,True positives,47
metabuli,marine2,class,False negatives,4
metabuli,marine2,class,False positives,74
metabuli,marine2,class,Completeness,0.92156862745098
metabuli,marine2,class,Purity,0.388429752066116
metabuli,marine2,class,F1 score,0.546511627906977
metabuli,marine2,class,Jaccard index,0.376
metabuli,marine2,order,True positives,85
metabuli,marine2,order,False negatives,13
metabuli,marine2,order,False positives,211
metabuli,marine2,order,Completeness,0.86734693877551
metabuli,marine2,order,Purity,0.287162162162162
metabuli,marine2,order,F1 score,0.431472081218274
metabuli,marine2,order,Jaccard index,0.275080906148867
metabuli,marine2,family,True positives,136
metabuli,marine2,family,False negatives,26
metabuli,marine2,family,False positives,497
metabuli,marine2,family,Completeness,0.839506172839506
metabuli,marine2,family,Purity,0.214849921011058
metabuli,marine2,family,F1 score,0.342138364779874
metabuli,marine2,family,Jaccard index,0.206373292867982
metabuli,marine2,genus,True positives,203
metabuli,marine2,genus,False negatives,89
metabuli,marine2,genus,False positives,2015
metabuli,marine2,genus,Completeness,0.695205479452055
metabuli,marine2,genus,Purity,0.0915238954012624
metabuli,marine2,genus,F1 score,0.161752988047809
metabuli,marine2,genus,Jaccard index,0.0879930645860425
metabuli,marine2,species,True positives,205
metabuli,marine2,species,False negatives,212
metabuli,marine2,species,False positives,6627
metabuli,marine2,species,Completeness,0.491606714628297
metabuli,marine2,species,Purity,0.0300058548009368
metabuli,marine2,species,F1 score,0.0565595254517865
metabuli,marine2,species,Jaccard index,0.0291027825099375
metabuli,marine2,kingdom,L1 norm error,0.00736275113087185
metabuli,marine2,phylum,L1 norm error,0.264834384006552
metabuli,marine2,class,L1 norm error,0.312361154556035
metabuli,marine2,order,L1 norm error,0.484014619822444
metabuli,marine2,family,L1 norm error,0.596795343031669
metabuli,marine2,genus,L1 norm error,0.882362354470142
metabuli,marine2,species,L1 norm error,1.2337128250016
metabuli,marine2,na,Weighted UniFrac error,0.0282648846636008
metabuli,marine2,na,Unweighted UniFrac error,16.1335108636446
metabuli,marine2,na,Weighted UniFrac (CAMI),3.78144343201932
metabuli,marine2,na,Unweighted UniFrac (CAMI),52451
metabuli,marine2,phylum,Sum of abundances,0.974448615639077
metabuli,marine2,class,Sum of abundances,0.968270633531768
metabuli,marine2,order,Sum of abundances,0.947641602901385
metabuli,marine2,family,Sum of abundances,0.939480699296797
metabuli,marine2,genus,Sum of abundances,0.912235273196886
metabuli,marine2,species,Sum of abundances,0.822104536446084
metabuli,marine2,phylum,Taxon counts,57
metabuli,marine2,class,Taxon counts,121
metabuli,marine2,order,Taxon counts,296
metabuli,marine2,family,Taxon counts,633
metabuli,marine2,genus,Taxon counts,2218
metabuli,marine2,species,Taxon counts,6832
sylph,marine2,kingdom,Bray-Curtis distance,2.53045347932984e-05
sylph,marine2,phylum,Bray-Curtis distance,0.00925439773696097
sylph,marine2,class,Bray-Curtis distance,0.011271845252851
sylph,marine2,order,Bray-Curtis distance,0.0133018034458062
sylph,marine2,family,Bray-Curtis distance,0.0151447612688181
sylph,marine2,genus,Bray-Curtis distance,0.0173751684661694
sylph,marine2,species,Bray-Curtis distance,0.0245768192814116
sylph,marine2,phylum,Shannon diversity,1.79595213043594
sylph,marine2,phylum,Shannon equitability,0.505141015556034
sylph,marine2,class,Shannon diversity,2.26194572766328
sylph,marine2,class,Shannon equitability,0.575291464819103
sylph,marine2,order,Shannon diversity,3.40041068548617
sylph,marine2,order,Shannon equitability,0.741643359806803
sylph,marine2,family,Shannon diversity,4.01931376377932
sylph,marine2,family,Shannon equitability,0.79002214384521
sylph,marine2,genus,Shannon diversity,4.74227437518916
sylph,marine2,genus,Shannon equitability,0.835384894320108
sylph,marine2,species,Shannon diversity,5.12995604348629
sylph,marine2,species,Shannon equitability,0.851322625788457
sylph,marine2,kingdom,True positives,2
sylph,marine2,kingdom,False negatives,0
sylph,marine2,kingdom,False positives,0
sylph,marine2,kingdom,Completeness,1
sylph,marine2,kingdom,Purity,1
sylph,marine2,kingdom,F1 score,1
sylph,marine2,kingdom,Jaccard index,1
sylph,marine2,phylum,True positives,35
sylph,marine2,phylum,False negatives,0
sylph,marine2,phylum,False positives,0
sylph,marine2,phylum,Completeness,1
sylph,marine2,phylum,Purity,1
sylph,marine2,phylum,F1 score,1
sylph,marine2,phylum,Jaccard index,1
sylph,marine2,class,True positives,51
sylph,marine2,class,False negatives,0
sylph,marine2,class,False positives,0
sylph,marine2,class,Completeness,1
sylph,marine2,class,Purity,1
sylph,marine2,class,F1 score,1
sylph,marine2,class,Jaccard index,1
sylph,marine2,order,True positives,98
sylph,marine2,order,False negatives,0
sylph,marine2,order,False positives,0
sylph,marine2,order,Completeness,1
sylph,marine2,order,Purity,1
sylph,marine2,order,F1 score,1
sylph,marine2,order,Jaccard index,1
sylph,marine2,family,True positives,162
sylph,marine2,family,False negatives,0
sylph,marine2,family,False positives,0
sylph,marine2,family,Completeness,1
sylph,marine2,family,Purity,1
sylph,marine2,family,F1 score,1
sylph,marine2,family,Jaccard index,1
sylph,marine2,genus,True positives,292
sylph,marine2,genus,False negatives,0
sylph,marine2,genus,False positives,0
sylph,marine2,genus,Completeness,1
sylph,marine2,genus,Purity,1
sylph,marine2,genus,F1 score,1
sylph,marine2,genus,Jaccard index,1
sylph,marine2,species,True positives,411
sylph,marine2,species,False negatives,6
sylph,marine2,species,False positives,3
sylph,marine2,species,Completeness,0.985611510791367
sylph,marine2,species,Purity,0.992753623188406
sylph,marine2,species,F1 score,0.989169675090253
sylph,marine2,species,Jaccard index,0.978571428571428
sylph,marine2,kingdom,L1 norm error,5.06090695865968e-05
sylph,marine2,phylum,L1 norm error,0.0185087954739219
sylph,marine2,class,L1 norm error,0.0225436905057021
sylph,marine2,order,L1 norm error,0.0266036068916124
sylph,marine2,family,L1 norm error,0.0302895225376362
sylph,marine2,genus,L1 norm error,0.0347503369323388
sylph,marine2,species,L1 norm error,0.0491536385628232
sylph,marine2,na,Weighted UniFrac error,0.00148197167044684
sylph,marine2,na,Unweighted UniFrac error,0.0397432318195751
sylph,marine2,na,Weighted UniFrac (CAMI),0.181900199973622
sylph,marine2,na,Unweighted UniFrac (CAMI),180
sylph,marine2,phylum,Sum of abundances,1
sylph,marine2,class,Sum of abundances,1
sylph,marine2,order,Sum of abundances,1
sylph,marine2,family,Sum of abundances,1
sylph,marine2,genus,Sum of abundances,1
sylph,marine2,species,Sum of abundances,1
sylph,marine2,phylum,Taxon counts,35
sylph,marine2,class,Taxon counts,51
sylph,marine2,order,Taxon counts,98
sylph,marine2,family,Taxon counts,162
sylph,marine2,genus,Taxon counts,292
sylph,marine2,species,Taxon counts,414
metaphlan42,marine2,kingdom,Bray-Curtis distance,0.00073488857431247
metaphlan42,marine2,phylum,Bray-Curtis distance,0.0412041373504776
metaphlan42,marine2,class,Bray-Curtis distance,0.0924615759963423
metaphlan42,marine2,order,Bray-Curtis distance,0.11561433458073
metaphlan42,marine2,family,Bray-Curtis distance,0.139206892770247
metaphlan42,marine2,genus,Bray-Curtis distance,0.16284865813286
metaphlan42,marine2,species,Bray-Curtis distance,0.231008142110317
metaphlan42,marine2,phylum,Shannon diversity,1.78305439873466
metaphlan42,marine2,phylum,Shannon equitability,0.52424314106207
metaphlan42,marine2,class,Shannon diversity,2.24042934420654
metaphlan42,marine2,class,Shannon equitability,0.595668742766005
metaphlan42,marine2,order,Shannon diversity,3.29066723075903
metaphlan42,marine2,order,Shannon equitability,0.740698974728584
metaphlan42,marine2,family,Shannon diversity,3.901625292622
metaphlan42,marine2,family,Shannon equitability,0.789540189061647
metaphlan42,marine2,genus,Shannon diversity,4.60878760759299
metaphlan42,marine2,genus,Shannon equitability,0.830550444269141
metaphlan42,marine2,species,Shannon diversity,4.95079944626789
metaphlan42,marine2,species,Shannon equitability,0.838356661903597
metaphlan42,marine2,kingdom,True positives,2
metaphlan42,marine2,kingdom,False negatives,0
metaphlan42,marine2,kingdom,False positives,0
metaphlan42,marine2,kingdom,Completeness,1
metaphlan42,marine2,kingdom,Purity,1
metaphlan42,marine2,kingdom,F1 score,1
metaphlan42,marine2,kingdom,Jaccard index,1
metaphlan42,marine2,phylum,True positives,30
metaphlan42,marine2,phylum,False negatives,5
metaphlan42,marine2,phylum,False positives,0
metaphlan42,marine2,phylum,Completeness,0.857142857142857
metaphlan42,marine2,phylum,Purity,1
metaphlan42,marine2,phylum,F1 score,0.923076923076923
metaphlan42,marine2,phylum,Jaccard index,0.857142857142857
metaphlan42,marine2,class,True positives,43
metaphlan42,marine2,class,False negatives,8
metaphlan42,marine2,class,False positives,0
metaphlan42,marine2,class,Completeness,0.843137254901961
metaphlan42,marine2,class,Purity,1
metaphlan42,marine2,class,F1 score,0.914893617021277
metaphlan42,marine2,class,Jaccard index,0.843137254901961
metaphlan42,marine2,order,True positives,85
metaphlan42,marine2,order,False negatives,13
metaphlan42,marine2,order,False positives,0
metaphlan42,marine2,order,Completeness,0.86734693877551
metaphlan42,marine2,order,Purity,1
metaphlan42,marine2,order,F1 score,0.92896174863388
metaphlan42,marine2,order,Jaccard index,0.86734693877551
metaphlan42,marine2,family,True positives,140
metaphlan42,marine2,family,False negatives,22
metaphlan42,marine2,family,False positives,0
metaphlan42,marine2,family,Completeness,0.864197530864198
metaphlan42,marine2,family,Purity,1
metaphlan42,marine2,family,F1 score,0.927152317880795
metaphlan42,marine2,family,Jaccard index,0.864197530864198
metaphlan42,marine2,genus,True positives,257
metaphlan42,marine2,genus,False negatives,35
metaphlan42,marine2,genus,False positives,0
metaphlan42,marine2,genus,Completeness,0.88013698630137
metaphlan42,marine2,genus,Purity,1
metaphlan42,marine2,genus,F1 score,0.936247723132969
metaphlan42,marine2,genus,Jaccard index,0.88013698630137
metaphlan42,marine2,species,True positives,330
metaphlan42,marine2,species,False negatives,87
metaphlan42,marine2,species,False positives,37
metaphlan42,marine2,species,Completeness,0.79136690647482
metaphlan42,marine2,species,Purity,0.899182561307902
metaphlan42,marine2,species,F1 score,0.841836734693878
metaphlan42,marine2,species,Jaccard index,0.726872246696035
metaphlan42,marine2,kingdom,L1 norm error,0.00146977714862494
metaphlan42,marine2,phylum,L1 norm error,0.0824082747009552
metaphlan42,marine2,class,L1 norm error,0.184923151992685
metaphlan42,marine2,order,L1 norm error,0.23122866916146
metaphlan42,marine2,family,L1 norm error,0.278413785540493
metaphlan42,marine2,genus,L1 norm error,0.32569731626572
metaphlan42,marine2,species,L1 norm error,0.462016284220635
metaphlan42,marine2,na,Weighted UniFrac error,0.011833153567316
metaphlan42,marine2,na,Unweighted UniFrac error,0.139160856909138
metaphlan42,marine2,na,Weighted UniFrac (CAMI),1.56615725903057
metaphlan42,marine2,na,Unweighted UniFrac (CAMI),519
metaphlan42,marine2,phylum,Sum of abundances,1
metaphlan42,marine2,class,Sum of abundances,1
metaphlan42,marine2,order,Sum of abundances,1
metaphlan42,marine2,family,Sum of abundances,1
metaphlan42,marine2,genus,Sum of abundances,1
metaphlan42,marine2,species,Sum of abundances,1
metaphlan42,marine2,phylum,Taxon counts,30
metaphlan42,marine2,class,Taxon counts,43
metaphlan42,marine2,order,Taxon counts,85
metaphlan42,marine2,family,Taxon counts,140
metaphlan42,marine2,genus,Taxon counts,257
metaphlan42,marine2,species,Taxon counts,367
metakssd,marine2,kingdom,Bray-Curtis distance,0.000701952040827103
metakssd,marine2,phylum,Bray-Curtis distance,0.0311418503654449
metakssd,marine2,class,Bray-Curtis distance,0.0678513924102494
metakssd,marine2,order,Bray-Curtis distance,0.0893675999275129
metakssd,marine2,family,Bray-Curtis distance,0.0980148855196979
metakssd,marine2,genus,Bray-Curtis distance,0.120855614228039
metakssd,marine2,species,Bray-Curtis distance,0.147005418363344
metakssd,marine2,phylum,Shannon diversity,1.81765904941904
metakssd,marine2,phylum,Shannon equitability,0.51124644281876
metakssd,marine2,class,Shannon diversity,2.25551669015026
metakssd,marine2,class,Shannon equitability,0.573656336989551
metakssd,marine2,order,Shannon diversity,3.37564342718338
metakssd,marine2,order,Shannon equitability,0.736241520335093
metakssd,marine2,family,Shannon diversity,3.96409446316944
metakssd,marine2,family,Shannon equitability,0.781075605976423
metakssd,marine2,genus,Shannon diversity,4.72234466429495
metakssd,marine2,genus,Shannon equitability,0.83339023413149
metakssd,marine2,species,Shannon diversity,5.30171207526601
metakssd,marine2,species,Shannon equitability,0.862581852192665
metakssd,marine2,kingdom,True positives,2
metakssd,marine2,kingdom,False negatives,0
metakssd,marine2,kingdom,False positives,0
metakssd,marine2,kingdom,Completeness,1
metakssd,marine2,kingdom,Purity,1
metakssd,marine2,kingdom,F1 score,1
metakssd,marine2,kingdom,Jaccard index,1
metakssd,marine2,phylum,True positives,35
metakssd,marine2,phylum,False negatives,0
metakssd,marine2,phylum,False positives,0
metakssd,marine2,phylum,Completeness,1
metakssd,marine2,phylum,Purity,1
metakssd,marine2,phylum,F1 score,1
metakssd,marine2,phylum,Jaccard index,1
metakssd,marine2,class,True positives,51
metakssd,marine2,class,False negatives,0
metakssd,marine2,class,False positives,0
metakssd,marine2,class,Completeness,1
metakssd,marine2,class,Purity,1
metakssd,marine2,class,F1 score,1
metakssd,marine2,class,Jaccard index,1
metakssd,marine2,order,True positives,98
metakssd,marine2,order,False negatives,0
metakssd,marine2,order,False positives,0
metakssd,marine2,order,Completeness,1
metakssd,marine2,order,Purity,1
metakssd,marine2,order,F1 score,1
metakssd,marine2,order,Jaccard index,1
metakssd,marine2,family,True positives,160
metakssd,marine2,family,False negatives,2
metakssd,marine2,family,False positives,0
metakssd,marine2,family,Completeness,0.987654320987654
metakssd,marine2,family,Purity,1
metakssd,marine2,family,F1 score,0.993788819875776
metakssd,marine2,family,Jaccard index,0.987654320987654
metakssd,marine2,genus,True positives,289
metakssd,marine2,genus,False negatives,3
metakssd,marine2,genus,False positives,0
metakssd,marine2,genus,Completeness,0.98972602739726
metakssd,marine2,genus,Purity,1
metakssd,marine2,genus,F1 score,0.994836488812392
metakssd,marine2,genus,Jaccard index,0.98972602739726
metakssd,marine2,species,True positives,406
metakssd,marine2,species,False negatives,11
metakssd,marine2,species,False positives,61
metakssd,marine2,species,Completeness,0.973621103117506
metakssd,marine2,species,Purity,0.869379014989293
metakssd,marine2,species,F1 score,0.918552036199095
metakssd,marine2,species,Jaccard index,0.849372384937239
metakssd,marine2,kingdom,L1 norm error,0.00140390408165421
metakssd,marine2,phylum,L1 norm error,0.0622837007308899
metakssd,marine2,class,L1 norm error,0.135702784820499
metakssd,marine2,order,L1 norm error,0.178735199855026
metakssd,marine2,family,L1 norm error,0.196029771039396
metakssd,marine2,genus,L1 norm error,0.241711228456078
metakssd,marine2,species,L1 norm error,0.294010836726687
metakssd,marine2,na,Weighted UniFrac error,0.00853847830752209
metakssd,marine2,na,Unweighted UniFrac error,0.127917487451509
metakssd,marine2,na,Weighted UniFrac (CAMI),1.10987742571022
metakssd,marine2,na,Unweighted UniFrac (CAMI),501
metakssd,marine2,phylum,Sum of abundances,1
metakssd,marine2,class,Sum of abundances,1
metakssd,marine2,order,Sum of abundances,1
metakssd,marine2,family,Sum of abundances,1
metakssd,marine2,genus,Sum of abundances,1
metakssd,marine2,species,Sum of abundances,1.00000000000001
metakssd,marine2,phylum,Taxon counts,35
metakssd,marine2,class,Taxon counts,51
metakssd,marine2,order,Taxon counts,98
metakssd,marine2,family,Taxon counts,160
metakssd,marine2,genus,Taxon counts,289
metakssd,marine2,species,Taxon counts,467
singlem,marine3,kingdom,Bray-Curtis distance,0.00196914576197959
singlem,marine3,phylum,Bray-Curtis distance,0.0111524913810414
singlem,marine3,class,Bray-Curtis distance,0.0139905946221138
singlem,marine3,order,Bray-Curtis distance,0.0232119738466058
singlem,marine3,family,Bray-Curtis distance,0.0302136421501606
singlem,marine3,genus,Bray-Curtis distance,0.0491182051525059
singlem,marine3,species,Bray-Curtis distance,0.198809754599432
singlem,marine3,phylum,Shannon diversity,2.07630423536428
singlem,marine3,phylum,Shannon equitability,0.566744724374377
singlem,marine3,class,Shannon diversity,2.44613645385396
singlem,marine3,class,Shannon equitability,0.602430928718978
singlem,marine3,order,Shannon diversity,3.52220601467568
singlem,marine3,order,Shannon equitability,0.742309040338298
singlem,marine3,family,Shannon diversity,4.15666047210614
singlem,marine3,family,Shannon equitability,0.785267542630608
singlem,marine3,genus,Shannon diversity,4.77794530653257
singlem,marine3,genus,Shannon equitability,0.804344707123453
singlem,marine3,species,Shannon diversity,4.75398382170903
singlem,marine3,species,Shannon equitability,0.757408610156329
singlem,marine3,kingdom,True positives,2
singlem,marine3,kingdom,False negatives,0
singlem,marine3,kingdom,False positives,0
singlem,marine3,kingdom,Completeness,1
singlem,marine3,kingdom,Purity,1
singlem,marine3,kingdom,F1 score,1
singlem,marine3,kingdom,Jaccard index,1
singlem,marine3,phylum,True positives,39
singlem,marine3,phylum,False negatives,0
singlem,marine3,phylum,False positives,0
singlem,marine3,phylum,Completeness,1
singlem,marine3,phylum,Purity,1
singlem,marine3,phylum,F1 score,1
singlem,marine3,phylum,Jaccard index,1
singlem,marine3,class,True positives,58
singlem,marine3,class,False negatives,0
singlem,marine3,class,False positives,0
singlem,marine3,class,Completeness,1
singlem,marine3,class,Purity,1
singlem,marine3,class,F1 score,1
singlem,marine3,class,Jaccard index,1
singlem,marine3,order,True positives,115
singlem,marine3,order,False negatives,0
singlem,marine3,order,False positives,0
singlem,marine3,order,Completeness,1
singlem,marine3,order,Purity,1
singlem,marine3,order,F1 score,1
singlem,marine3,order,Jaccard index,1
singlem,marine3,family,True positives,199
singlem,marine3,family,False negatives,2
singlem,marine3,family,False positives,0
singlem,marine3,family,Completeness,0.990049751243781
singlem,marine3,family,Purity,1
singlem,marine3,family,F1 score,0.995
singlem,marine3,family,Jaccard index,0.990049751243781
singlem,marine3,genus,True positives,380
singlem,marine3,genus,False negatives,2
singlem,marine3,genus,False positives,0
singlem,marine3,genus,Completeness,0.994764397905759
singlem,marine3,genus,Purity,1
singlem,marine3,genus,F1 score,0.99737532808399
singlem,marine3,genus,Jaccard index,0.994764397905759
singlem,marine3,species,True positives,491
singlem,marine3,species,False negatives,90
singlem,marine3,species,False positives,41
singlem,marine3,species,Completeness,0.845094664371773
singlem,marine3,species,Purity,0.922932330827068
singlem,marine3,species,F1 score,0.88230008984726
singlem,marine3,species,Jaccard index,0.789389067524116
singlem,marine3,kingdom,L1 norm error,0.00393829152395918
singlem,marine3,phylum,L1 norm error,0.0222325696423889
singlem,marine3,class,L1 norm error,0.0278490640883441
singlem,marine3,order,L1 norm error,0.0460452171554678
singlem,marine3,family,L1 norm error,0.0596444295684225
singlem,marine3,genus,L1 norm error,0.0955293881211173
singlem,marine3,species,L1 norm error,0.366821574826237
singlem,marine3,na,Weighted UniFrac error,0.00406358521503806
singlem,marine3,na,Unweighted UniFrac error,0.283818094798318
singlem,marine3,na,Weighted UniFrac (CAMI),0.622060534925933
singlem,marine3,na,Unweighted UniFrac (CAMI),1320
singlem,marine3,phylum,Sum of abundances,0.993507000613599
singlem,marine3,class,Sum of abundances,0.990556144363251
singlem,marine3,order,Sum of abundances,0.983683828861494
singlem,marine3,family,Sum of abundances,0.974089362414235
singlem,marine3,genus,Sum of abundances,0.944887599709934
singlem,marine3,species,Sum of abundances,0.845088414123947
singlem,marine3,phylum,Taxon counts,39
singlem,marine3,class,Taxon counts,58
singlem,marine3,order,Taxon counts,115
singlem,marine3,family,Taxon counts,199
singlem,marine3,genus,Taxon counts,380
singlem,marine3,species,Taxon counts,532
metaphlan,marine3,kingdom,Bray-Curtis distance,0.00056262222170432
metaphlan,marine3,phylum,Bray-Curtis distance,0.0515994040793831
metaphlan,marine3,class,Bray-Curtis distance,0.0735772801937898
metaphlan,marine3,order,Bray-Curtis distance,0.0814116989887342
metaphlan,marine3,family,Bray-Curtis distance,0.10046434139809
metaphlan,marine3,genus,Bray-Curtis distance,0.118611659942017
metaphlan,marine3,species,Bray-Curtis distance,0.182490649711869
metaphlan,marine3,phylum,Shannon diversity,2.08736296888893
metaphlan,marine3,phylum,Shannon equitability,0.59698511505963
metaphlan,marine3,class,Shannon diversity,2.44616929891373
metaphlan,marine3,class,Shannon equitability,0.625295223345961
metaphlan,marine3,order,Shannon diversity,3.50970389811255
metaphlan,marine3,order,Shannon equitability,0.762122518032306
metaphlan,marine3,family,Shannon diversity,4.1750679873845
metaphlan,marine3,family,Shannon equitability,0.808371926438771
metaphlan,marine3,genus,Shannon diversity,4.91817836045881
metaphlan,marine3,genus,Shannon equitability,0.846773020624598
metaphlan,marine3,species,Shannon diversity,5.33652151039693
metaphlan,marine3,species,Shannon equitability,0.858706040007865
metaphlan,marine3,kingdom,True positives,2
metaphlan,marine3,kingdom,False negatives,0
metaphlan,marine3,kingdom,False positives,0
metaphlan,marine3,kingdom,Completeness,1
metaphlan,marine3,kingdom,Purity,1
metaphlan,marine3,kingdom,F1 score,1
metaphlan,marine3,kingdom,Jaccard index,1
metaphlan,marine3,phylum,True positives,33
metaphlan,marine3,phylum,False negatives,6
metaphlan,marine3,phylum,False positives,0
metaphlan,marine3,phylum,Completeness,0.846153846153846
metaphlan,marine3,phylum,Purity,1
metaphlan,marine3,phylum,F1 score,0.916666666666667
metaphlan,marine3,phylum,Jaccard index,0.846153846153846
metaphlan,marine3,class,True positives,50
metaphlan,marine3,class,False negatives,8
metaphlan,marine3,class,False positives,0
metaphlan,marine3,class,Completeness,0.862068965517241
metaphlan,marine3,class,Purity,1
metaphlan,marine3,class,F1 score,0.925925925925926
metaphlan,marine3,class,Jaccard index,0.862068965517241
metaphlan,marine3,order,True positives,100
metaphlan,marine3,order,False negatives,15
metaphlan,marine3,order,False positives,0
metaphlan,marine3,order,Completeness,0.869565217391304
metaphlan,marine3,order,Purity,1
metaphlan,marine3,order,F1 score,0.930232558139535
metaphlan,marine3,order,Jaccard index,0.869565217391304
metaphlan,marine3,family,True positives,175
metaphlan,marine3,family,False negatives,26
metaphlan,marine3,family,False positives,0
metaphlan,marine3,family,Completeness,0.870646766169154
metaphlan,marine3,family,Purity,1
metaphlan,marine3,family,F1 score,0.930851063829787
metaphlan,marine3,family,Jaccard index,0.870646766169154
metaphlan,marine3,genus,True positives,333
metaphlan,marine3,genus,False negatives,49
metaphlan,marine3,genus,False positives,0
metaphlan,marine3,genus,Completeness,0.871727748691099
metaphlan,marine3,genus,Purity,1
metaphlan,marine3,genus,F1 score,0.931468531468532
metaphlan,marine3,genus,Jaccard index,0.871727748691099
metaphlan,marine3,species,True positives,455
metaphlan,marine3,species,False negatives,126
metaphlan,marine3,species,False positives,45
metaphlan,marine3,species,Completeness,0.783132530120482
metaphlan,marine3,species,Purity,0.91
metaphlan,marine3,species,F1 score,0.841813135985199
metaphlan,marine3,species,Jaccard index,0.726837060702875
metaphlan,marine3,kingdom,L1 norm error,0.00112524444340864
metaphlan,marine3,phylum,L1 norm error,0.103198808158766
metaphlan,marine3,class,L1 norm error,0.14715456038758
metaphlan,marine3,order,L1 norm error,0.162823397977469
metaphlan,marine3,family,L1 norm error,0.20092868279618
metaphlan,marine3,genus,L1 norm error,0.237223319884033
metaphlan,marine3,species,L1 norm error,0.364981299423737
metaphlan,marine3,na,Weighted UniFrac error,0.0096020806111378
metaphlan,marine3,na,Unweighted UniFrac error,0.169239600775319
metaphlan,marine3,na,Weighted UniFrac (CAMI),1.21743531307118
metaphlan,marine3,na,Unweighted UniFrac (CAMI),847
metaphlan,marine3,phylum,Sum of abundances,1
metaphlan,marine3,class,Sum of abundances,1
metaphlan,marine3,order,Sum of abundances,1
metaphlan,marine3,family,Sum of abundances,1
metaphlan,marine3,genus,Sum of abundances,1
metaphlan,marine3,species,Sum of abundances,1
metaphlan,marine3,phylum,Taxon counts,33
metaphlan,marine3,class,Taxon counts,50
metaphlan,marine3,order,Taxon counts,100
metaphlan,marine3,family,Taxon counts,175
metaphlan,marine3,genus,Taxon counts,333
metaphlan,marine3,species,Taxon counts,500
kraken,marine3,kingdom,Bray-Curtis distance,0.00536472828275735
kraken,marine3,phylum,Bray-Curtis distance,0.106512002025472
kraken,marine3,class,Bray-Curtis distance,0.114862953989036
kraken,marine3,order,Bray-Curtis distance,0.164064500292477
kraken,marine3,family,Bray-Curtis distance,0.191238785006258
kraken,marine3,genus,Bray-Curtis distance,0.206360109801906
kraken,marine3,species,Bray-Curtis distance,0.272762927434209
kraken,marine3,phylum,Shannon diversity,1.90369366721092
kraken,marine3,phylum,Shannon equitability,0.479484558984916
kraken,marine3,class,Shannon diversity,2.30885169728834
kraken,marine3,class,Shannon equitability,0.507007930220278
kraken,marine3,order,Shannon diversity,3.44926463841577
kraken,marine3,order,Shannon equitability,0.656718406927756
kraken,marine3,family,Shannon diversity,4.04137969339846
kraken,marine3,family,Shannon equitability,0.695453732456816
kraken,marine3,genus,Shannon diversity,4.91891152751118
kraken,marine3,genus,Shannon equitability,0.729624726801232
kraken,marine3,species,Shannon diversity,5.98620644175581
kraken,marine3,species,Shannon equitability,0.730490049139725
kraken,marine3,kingdom,True positives,2
kraken,marine3,kingdom,False negatives,0
kraken,marine3,kingdom,False positives,0
kraken,marine3,kingdom,Completeness,1
kraken,marine3,kingdom,Purity,1
kraken,marine3,kingdom,F1 score,1
kraken,marine3,kingdom,Jaccard index,1
kraken,marine3,phylum,True positives,39
kraken,marine3,phylum,False negatives,0
kraken,marine3,phylum,False positives,14
kraken,marine3,phylum,Completeness,1
kraken,marine3,phylum,Purity,0.735849056603774
kraken,marine3,phylum,F1 score,0.847826086956522
kraken,marine3,phylum,Jaccard index,0.735849056603774
kraken,marine3,class,True positives,58
kraken,marine3,class,False negatives,0
kraken,marine3,class,False positives,37
kraken,marine3,class,Completeness,1
kraken,marine3,class,Purity,0.610526315789474
kraken,marine3,class,F1 score,0.758169934640523
kraken,marine3,class,Jaccard index,0.610526315789474
kraken,marine3,order,True positives,114
kraken,marine3,order,False negatives,1
kraken,marine3,order,False positives,77
kraken,marine3,order,Completeness,0.991304347826087
kraken,marine3,order,Purity,0.596858638743456
kraken,marine3,order,F1 score,0.745098039215686
kraken,marine3,order,Jaccard index,0.59375
kraken,marine3,family,True positives,191
kraken,marine3,family,False negatives,10
kraken,marine3,family,False positives,143
kraken,marine3,family,Completeness,0.950248756218905
kraken,marine3,family,Purity,0.57185628742515
kraken,marine3,family,F1 score,0.714018691588785
kraken,marine3,family,Jaccard index,0.555232558139535
kraken,marine3,genus,True positives,370
kraken,marine3,genus,False negatives,12
kraken,marine3,genus,False positives,477
kraken,marine3,genus,Completeness,0.968586387434555
kraken,marine3,genus,Purity,0.436835891381346
kraken,marine3,genus,F1 score,0.602115541090317
kraken,marine3,genus,Jaccard index,0.430733410942957
kraken,marine3,species,True positives,572
kraken,marine3,species,False negatives,9
kraken,marine3,species,False positives,3050
kraken,marine3,species,Completeness,0.984509466437177
kraken,marine3,species,Purity,0.157923799006074
kraken,marine3,species,F1 score,0.272186533428503
kraken,marine3,species,Jaccard index,0.157532360231341
kraken,marine3,kingdom,L1 norm error,0.0107294565655147
kraken,marine3,phylum,L1 norm error,0.213017613330822
kraken,marine3,class,L1 norm error,0.229706381275894
kraken,marine3,order,L1 norm error,0.328056812204826
kraken,marine3,family,L1 norm error,0.38230736749386
kraken,marine3,genus,L1 norm error,0.412018595230485
kraken,marine3,species,L1 norm error,0.54215177745605
kraken,marine3,na,Weighted UniFrac error,0.017321155277935
kraken,marine3,na,Unweighted UniFrac error,5.73874310326874
kraken,marine3,na,Weighted UniFrac (CAMI),2.09984960548564
kraken,marine3,na,Unweighted UniFrac (CAMI),25650.8858200001
kraken,marine3,phylum,Sum of abundances,0.99994
kraken,marine3,class,Sum of abundances,0.999830000000001
kraken,marine3,order,Sum of abundances,0.999560000000002
kraken,marine3,family,Sum of abundances,0.999110000000003
kraken,marine3,genus,Sum of abundances,0.996600000000005
kraken,marine3,species,Sum of abundances,0.987630000000017
kraken,marine3,phylum,Taxon counts,53
kraken,marine3,class,Taxon counts,95
kraken,marine3,order,Taxon counts,191
kraken,marine3,family,Taxon counts,334
kraken,marine3,genus,Taxon counts,847
kraken,marine3,species,Taxon counts,3622
sourmash,marine3,kingdom,Bray-Curtis distance,0.0052773208753499
sourmash,marine3,phylum,Bray-Curtis distance,0.118774632641328
sourmash,marine3,class,Bray-Curtis distance,0.129599684749278
sourmash,marine3,order,Bray-Curtis distance,0.186535201506574
sourmash,marine3,family,Bray-Curtis distance,0.222712740015801
sourmash,marine3,genus,Bray-Curtis distance,0.273467719497799
sourmash,marine3,species,Bray-Curtis distance,0.346261626112885
sourmash,marine3,phylum,Shannon diversity,1.88153458464624
sourmash,marine3,phylum,Shannon equitability,0.558767236276295
sourmash,marine3,class,Shannon diversity,2.30036493976002
sourmash,marine3,class,Shannon equitability,0.607888388874993
sourmash,marine3,order,Shannon diversity,3.46561026958429
sourmash,marine3,order,Shannon equitability,0.772085324833542
sourmash,marine3,family,Shannon diversity,4.03952319715987
sourmash,marine3,family,Shannon equitability,0.809453514683651
sourmash,marine3,genus,Shannon diversity,4.56260938210311
sourmash,marine3,genus,Shannon equitability,0.835056704693296
sourmash,marine3,species,Shannon diversity,4.88197217196973
sourmash,marine3,species,Shannon equitability,0.840105614004211
sourmash,marine3,kingdom,True positives,2
sourmash,marine3,kingdom,False negatives,0
sourmash,marine3,kingdom,False positives,0
sourmash,marine3,kingdom,Completeness,1
sourmash,marine3,kingdom,Purity,1
sourmash,marine3,kingdom,F1 score,1
sourmash,marine3,kingdom,Jaccard index,1
sourmash,marine3,phylum,True positives,29
sourmash,marine3,phylum,False negatives,10
sourmash,marine3,phylum,False positives,0
sourmash,marine3,phylum,Completeness,0.743589743589744
sourmash,marine3,phylum,Purity,1
sourmash,marine3,phylum,F1 score,0.852941176470588
sourmash,marine3,phylum,Jaccard index,0.743589743589744
sourmash,marine3,class,True positives,44
sourmash,marine3,class,False negatives,14
sourmash,marine3,class,False positives,0
sourmash,marine3,class,Completeness,0.758620689655172
sourmash,marine3,class,Purity,1
sourmash,marine3,class,F1 score,0.862745098039216
sourmash,marine3,class,Jaccard index,0.758620689655172
sourmash,marine3,order,True positives,89
sourmash,marine3,order,False negatives,26
sourmash,marine3,order,False positives,0
sourmash,marine3,order,Completeness,0.773913043478261
sourmash,marine3,order,Purity,1
sourmash,marine3,order,F1 score,0.872549019607843
sourmash,marine3,order,Jaccard index,0.773913043478261
sourmash,marine3,family,True positives,147
sourmash,marine3,family,False negatives,54
sourmash,marine3,family,False positives,0
sourmash,marine3,family,Completeness,0.73134328358209
sourmash,marine3,family,Purity,1
sourmash,marine3,family,F1 score,0.844827586206896
sourmash,marine3,family,Jaccard index,0.73134328358209
sourmash,marine3,genus,True positives,236
sourmash,marine3,genus,False negatives,146
sourmash,marine3,genus,False positives,0
sourmash,marine3,genus,Completeness,0.617801047120419
sourmash,marine3,genus,Purity,1
sourmash,marine3,genus,F1 score,0.763754045307443
sourmash,marine3,genus,Jaccard index,0.617801047120419
sourmash,marine3,species,True positives,324
sourmash,marine3,species,False negatives,257
sourmash,marine3,species,False positives,10
sourmash,marine3,species,Completeness,0.557659208261618
sourmash,marine3,species,Purity,0.970059880239521
sourmash,marine3,species,F1 score,0.708196721311476
sourmash,marine3,species,Jaccard index,0.548223350253807
sourmash,marine3,kingdom,L1 norm error,0.0105546417506998
sourmash,marine3,phylum,L1 norm error,0.237021378026473
sourmash,marine3,class,L1 norm error,0.259007369965593
sourmash,marine3,order,L1 norm error,0.374452145246529
sourmash,marine3,family,L1 norm error,0.446745259231696
sourmash,marine3,genus,L1 norm error,0.537617279664562
sourmash,marine3,species,L1 norm error,0.664822322136738
sourmash,marine3,na,Weighted UniFrac error,0.0204029247205923
sourmash,marine3,na,Unweighted UniFrac error,0.386675395684367
sourmash,marine3,na,Weighted UniFrac (CAMI),2.53022039602229
sourmash,marine3,na,Unweighted UniFrac (CAMI),1777.21925925926
sourmash,marine3,phylum,Sum of abundances,0.995555555555556
sourmash,marine3,class,Sum of abundances,0.998518518518519
sourmash,marine3,order,Sum of abundances,1.00740740740741
sourmash,marine3,family,Sum of abundances,1.00592592592593
sourmash,marine3,genus,Sum of abundances,0.965925925925927
sourmash,marine3,species,Sum of abundances,0.92
sourmash,marine3,phylum,Taxon counts,29
sourmash,marine3,class,Taxon counts,44
sourmash,marine3,order,Taxon counts,89
sourmash,marine3,family,Taxon counts,147
sourmash,marine3,genus,Taxon counts,236
sourmash,marine3,species,Taxon counts,334
metabuli,marine3,kingdom,Bray-Curtis distance,0.00636994780189257
metabuli,marine3,phylum,Bray-Curtis distance,0.170699330439792
metabuli,marine3,class,Bray-Curtis distance,0.186611353344367
metabuli,marine3,order,Bray-Curtis distance,0.233889821448982
metabuli,marine3,family,Bray-Curtis distance,0.263424757585158
metabuli,marine3,genus,Bray-Curtis distance,0.348252093267773
metabuli,marine3,species,Bray-Curtis distance,0.577295696938234
metabuli,marine3,phylum,Shannon diversity,1.62807403748834
metabuli,marine3,phylum,Shannon equitability,0.402684489915046
metabuli,marine3,class,Shannon diversity,2.04110118588221
metabuli,marine3,class,Shannon equitability,0.425602654343662
metabuli,marine3,order,Shannon diversity,3.17435597853588
metabuli,marine3,order,Shannon equitability,0.557848059338977
metabuli,marine3,family,Shannon diversity,3.80552194661492
metabuli,marine3,family,Shannon equitability,0.589960374603181
metabuli,marine3,genus,Shannon diversity,4.72956972892677
metabuli,marine3,genus,Shannon equitability,0.613882141017228
metabuli,marine3,species,Shannon diversity,5.44284232490146
metabuli,marine3,species,Shannon equitability,0.616385943029774
metabuli,marine3,kingdom,True positives,2
metabuli,marine3,kingdom,False negatives,0
metabuli,marine3,kingdom,False positives,0
metabuli,marine3,kingdom,Completeness,1
metabuli,marine3,kingdom,Purity,1
metabuli,marine3,kingdom,F1 score,1
metabuli,marine3,kingdom,Jaccard index,1
metabuli,marine3,phylum,True positives,35
metabuli,marine3,phylum,False negatives,4
metabuli,marine3,phylum,False positives,22
metabuli,marine3,phylum,Completeness,0.897435897435897
metabuli,marine3,phylum,Purity,0.614035087719298
metabuli,marine3,phylum,F1 score,0.729166666666667
metabuli,marine3,phylum,Jaccard index,0.573770491803279
metabuli,marine3,class,True positives,52
metabuli,marine3,class,False negatives,6
metabuli,marine3,class,False positives,69
metabuli,marine3,class,Completeness,0.896551724137931
metabuli,marine3,class,Purity,0.429752066115702
metabuli,marine3,class,F1 score,0.581005586592179
metabuli,marine3,class,Jaccard index,0.409448818897638
metabuli,marine3,order,True positives,95
metabuli,marine3,order,False negatives,20
metabuli,marine3,order,False positives,201
metabuli,marine3,order,Completeness,0.826086956521739
metabuli,marine3,order,Purity,0.320945945945946
metabuli,marine3,order,F1 score,0.462287104622871
metabuli,marine3,order,Jaccard index,0.300632911392405
metabuli,marine3,family,True positives,164
metabuli,marine3,family,False negatives,37
metabuli,marine3,family,False positives,469
metabuli,marine3,family,Completeness,0.81592039800995
metabuli,marine3,family,Purity,0.259083728278041
metabuli,marine3,family,F1 score,0.393285371702638
metabuli,marine3,family,Jaccard index,0.244776119402985
metabuli,marine3,genus,True positives,262
metabuli,marine3,genus,False negatives,120
metabuli,marine3,genus,False positives,1956
metabuli,marine3,genus,Completeness,0.68586387434555
metabuli,marine3,genus,Purity,0.118124436429216
metabuli,marine3,genus,F1 score,0.201538461538462
metabuli,marine3,genus,Jaccard index,0.112061591103507
metabuli,marine3,species,True positives,278
metabuli,marine3,species,False negatives,303
metabuli,marine3,species,False positives,6560
metabuli,marine3,species,Completeness,0.478485370051635
metabuli,marine3,species,Purity,0.0406551623281661
metabuli,marine3,species,F1 score,0.0749427146515703
metabuli,marine3,species,Jaccard index,0.0389301218316762
metabuli,marine3,kingdom,L1 norm error,0.0127398956037851
metabuli,marine3,phylum,L1 norm error,0.337463921460127
metabuli,marine3,class,L1 norm error,0.368171277752926
metabuli,marine3,order,L1 norm error,0.459179104845893
metabuli,marine3,family,L1 norm error,0.515615209828877
metabuli,marine3,genus,L1 norm error,0.675136441893379
metabuli,marine3,species,L1 norm error,1.07436125207859
metabuli,marine3,na,Weighted UniFrac error,0.0275840723531102
metabuli,marine3,na,Unweighted UniFrac error,11.3581709547342
metabuli,marine3,na,Weighted UniFrac (CAMI),3.44266710346357
metabuli,marine3,na,Unweighted UniFrac (CAMI),51550
metabuli,marine3,phylum,Sum of abundances,0.976949297871762
metabuli,marine3,class,Sum of abundances,0.972930752361645
metabuli,marine3,order,Sum of abundances,0.963228249956373
metabuli,marine3,family,Sum of abundances,0.957352887236476
metabuli,marine3,genus,Sum of abundances,0.938642882396875
metabuli,marine3,species,Sum of abundances,0.861024181847549
metabuli,marine3,phylum,Taxon counts,57
metabuli,marine3,class,Taxon counts,121
metabuli,marine3,order,Taxon counts,296
metabuli,marine3,family,Taxon counts,633
metabuli,marine3,genus,Taxon counts,2218
metabuli,marine3,species,Taxon counts,6838
sylph,marine3,kingdom,Bray-Curtis distance,2.59032255336411e-07
sylph,marine3,phylum,Bray-Curtis distance,0.00591415667662561
sylph,marine3,class,Bray-Curtis distance,0.00665130580516394
sylph,marine3,order,Bray-Curtis distance,0.00959105960155136
sylph,marine3,family,Bray-Curtis distance,0.012183594976698
sylph,marine3,genus,Bray-Curtis distance,0.016493340075992
sylph,marine3,species,Bray-Curtis distance,0.024872095192571
sylph,marine3,phylum,Shannon diversity,2.1127628428041
sylph,marine3,phylum,Shannon equitability,0.576696408271476
sylph,marine3,class,Shannon diversity,2.49104743196606
sylph,marine3,class,Shannon equitability,0.613491539099533
sylph,marine3,order,Shannon diversity,3.60400212503967
sylph,marine3,order,Shannon equitability,0.75954766633993
sylph,marine3,family,Shannon diversity,4.31028723198319
sylph,marine3,family,Shannon equitability,0.812754934273746
sylph,marine3,genus,Shannon diversity,5.10576139799781
sylph,marine3,genus,Shannon equitability,0.85877210951345
sylph,marine3,species,Shannon diversity,5.60076804083103
sylph,marine3,species,Shannon equitability,0.881404136817981
sylph,marine3,kingdom,True positives,2
sylph,marine3,kingdom,False negatives,0
sylph,marine3,kingdom,False positives,0
sylph,marine3,kingdom,Completeness,1
sylph,marine3,kingdom,Purity,1
sylph,marine3,kingdom,F1 score,1
sylph,marine3,kingdom,Jaccard index,1
sylph,marine3,phylum,True positives,39
sylph,marine3,phylum,False negatives,0
sylph,marine3,phylum,False positives,0
sylph,marine3,phylum,Completeness,1
sylph,marine3,phylum,Purity,1
sylph,marine3,phylum,F1 score,1
sylph,marine3,phylum,Jaccard index,1
sylph,marine3,class,True positives,58
sylph,marine3,class,False negatives,0
sylph,marine3,class,False positives,0
sylph,marine3,class,Completeness,1
sylph,marine3,class,Purity,1
sylph,marine3,class,F1 score,1
sylph,marine3,class,Jaccard index,1
sylph,marine3,order,True positives,115
sylph,marine3,order,False negatives,0
sylph,marine3,order,False positives,0
sylph,marine3,order,Completeness,1
sylph,marine3,order,Purity,1
sylph,marine3,order,F1 score,1
sylph,marine3,order,Jaccard index,1
sylph,marine3,family,True positives,201
sylph,marine3,family,False negatives,0
sylph,marine3,family,False positives,0
sylph,marine3,family,Completeness,1
sylph,marine3,family,Purity,1
sylph,marine3,family,F1 score,1
sylph,marine3,family,Jaccard index,1
sylph,marine3,genus,True positives,382
sylph,marine3,genus,False negatives,0
sylph,marine3,genus,False positives,0
sylph,marine3,genus,Completeness,1
sylph,marine3,genus,Purity,1
sylph,marine3,genus,F1 score,1
sylph,marine3,genus,Jaccard index,1
sylph,marine3,species,True positives,571
sylph,marine3,species,False negatives,10
sylph,marine3,species,False positives,4
sylph,marine3,species,Completeness,0.982788296041308
sylph,marine3,species,Purity,0.99304347826087
sylph,marine3,species,F1 score,0.987889273356401
sylph,marine3,species,Jaccard index,0.976068376068376
sylph,marine3,kingdom,L1 norm error,5.18064510672822e-07
sylph,marine3,phylum,L1 norm error,0.0118283133532512
sylph,marine3,class,L1 norm error,0.0133026116103279
sylph,marine3,order,L1 norm error,0.0191821192031027
sylph,marine3,family,L1 norm error,0.024367189953396
sylph,marine3,genus,L1 norm error,0.0329866801519839
sylph,marine3,species,L1 norm error,0.049744190385142
sylph,marine3,na,Weighted UniFrac error,0.0011417678769068
sylph,marine3,na,Unweighted UniFrac error,0.0319110263993005
sylph,marine3,na,Weighted UniFrac (CAMI),0.151411622721715
sylph,marine3,na,Unweighted UniFrac (CAMI),204
sylph,marine3,phylum,Sum of abundances,1
sylph,marine3,class,Sum of abundances,1
sylph,marine3,order,Sum of abundances,1
sylph,marine3,family,Sum of abundances,1
sylph,marine3,genus,Sum of abundances,1
sylph,marine3,species,Sum of abundances,1
sylph,marine3,phylum,Taxon counts,39
sylph,marine3,class,Taxon counts,58
sylph,marine3,order,Taxon counts,115
sylph,marine3,family,Taxon counts,201
sylph,marine3,genus,Taxon counts,382
sylph,marine3,species,Taxon counts,575
metaphlan42,marine3,kingdom,Bray-Curtis distance,0.000562621009492983
metaphlan42,marine3,phylum,Bray-Curtis distance,0.0515992653433305
metaphlan42,marine3,class,Bray-Curtis distance,0.0735772551390922
metaphlan42,marine3,order,Bray-Curtis distance,0.0814115649062268
metaphlan42,marine3,family,Bray-Curtis distance,0.100464218079584
metaphlan42,marine3,genus,Bray-Curtis distance,0.118611545566001
metaphlan42,marine3,species,Bray-Curtis distance,0.182490643585762
metaphlan42,marine3,phylum,Shannon diversity,2.08736285257763
metaphlan42,marine3,phylum,Shannon equitability,0.596985081794635
metaphlan42,marine3,class,Shannon diversity,2.44616929818189
metaphlan42,marine3,class,Shannon equitability,0.625295223158887
metaphlan42,marine3,order,Shannon diversity,3.50970439480267
metaphlan42,marine3,order,Shannon equitability,0.762122625887195
metaphlan42,marine3,family,Shannon diversity,4.17506849586898
metaphlan42,marine3,family,Shannon equitability,0.80837202489096
metaphlan42,marine3,genus,Shannon diversity,4.9181785931943
metaphlan42,marine3,genus,Shannon equitability,0.846773060695152
metaphlan42,marine3,species,Shannon diversity,5.33652131081278
metaphlan42,marine3,species,Shannon equitability,0.858706007892541
metaphlan42,marine3,kingdom,True positives,2
metaphlan42,marine3,kingdom,False negatives,0
metaphlan42,marine3,kingdom,False positives,0
metaphlan42,marine3,kingdom,Completeness,1
metaphlan42,marine3,kingdom,Purity,1
metaphlan42,marine3,kingdom,F1 score,1
metaphlan42,marine3,kingdom,Jaccard index,1
metaphlan42,marine3,phylum,True positives,33
metaphlan42,marine3,phylum,False negatives,6
metaphlan42,marine3,phylum,False positives,0
metaphlan42,marine3,phylum,Completeness,0.846153846153846
metaphlan42,marine3,phylum,Purity,1
metaphlan42,marine3,phylum,F1 score,0.916666666666667
metaphlan42,marine3,phylum,Jaccard index,0.846153846153846
metaphlan42,marine3,class,True positives,50
metaphlan42,marine3,class,False negatives,8
metaphlan42,marine3,class,False positives,0
metaphlan42,marine3,class,Completeness,0.862068965517241
metaphlan42,marine3,class,Purity,1
metaphlan42,marine3,class,F1 score,0.925925925925926
metaphlan42,marine3,class,Jaccard index,0.862068965517241
metaphlan42,marine3,order,True positives,100
metaphlan42,marine3,order,False negatives,15
metaphlan42,marine3,order,False positives,0
metaphlan42,marine3,order,Completeness,0.869565217391304
metaphlan42,marine3,order,Purity,1
metaphlan42,marine3,order,F1 score,0.930232558139535
metaphlan42,marine3,order,Jaccard index,0.869565217391304
metaphlan42,marine3,family,True positives,175
metaphlan42,marine3,family,False negatives,26
metaphlan42,marine3,family,False positives,0
metaphlan42,marine3,family,Completeness,0.870646766169154
metaphlan42,marine3,family,Purity,1
metaphlan42,marine3,family,F1 score,0.930851063829787
metaphlan42,marine3,family,Jaccard index,0.870646766169154
metaphlan42,marine3,genus,True positives,333
metaphlan42,marine3,genus,False negatives,49
metaphlan42,marine3,genus,False positives,0
metaphlan42,marine3,genus,Completeness,0.871727748691099
metaphlan42,marine3,genus,Purity,1
metaphlan42,marine3,genus,F1 score,0.931468531468532
metaphlan42,marine3,genus,Jaccard index,0.871727748691099
metaphlan42,marine3,species,True positives,455
metaphlan42,marine3,species,False negatives,126
metaphlan42,marine3,species,False positives,45
metaphlan42,marine3,species,Completeness,0.783132530120482
metaphlan42,marine3,species,Purity,0.91
metaphlan42,marine3,species,F1 score,0.841813135985199
metaphlan42,marine3,species,Jaccard index,0.726837060702875
metaphlan42,marine3,kingdom,L1 norm error,0.00112524201898597
metaphlan42,marine3,phylum,L1 norm error,0.103198530686661
metaphlan42,marine3,class,L1 norm error,0.147154510278185
metaphlan42,marine3,order,L1 norm error,0.162823129812453
metaphlan42,marine3,family,L1 norm error,0.200928436159168
metaphlan42,marine3,genus,L1 norm error,0.237223091132002
metaphlan42,marine3,species,L1 norm error,0.364981287171523
metaphlan42,marine3,na,Weighted UniFrac error,0.00960206961736067
metaphlan42,marine3,na,Unweighted UniFrac error,0.154600613911108
metaphlan42,marine3,na,Weighted UniFrac (CAMI),1.21743422725898
metaphlan42,marine3,na,Unweighted UniFrac (CAMI),794
metaphlan42,marine3,phylum,Sum of abundances,1
metaphlan42,marine3,class,Sum of abundances,1
metaphlan42,marine3,order,Sum of abundances,1
metaphlan42,marine3,family,Sum of abundances,1
metaphlan42,marine3,genus,Sum of abundances,1
metaphlan42,marine3,species,Sum of abundances,1
metaphlan42,marine3,phylum,Taxon counts,33
metaphlan42,marine3,class,Taxon counts,50
metaphlan42,marine3,order,Taxon counts,100
metaphlan42,marine3,family,Taxon counts,175
metaphlan42,marine3,genus,Taxon counts,333
metaphlan42,marine3,species,Taxon counts,500
metakssd,marine3,kingdom,Bray-Curtis distance,0.00299059297742848
metakssd,marine3,phylum,Bray-Curtis distance,0.0502507460902826
metakssd,marine3,class,Bray-Curtis distance,0.0671366318177928
metakssd,marine3,order,Bray-Curtis distance,0.079395256956993
metakssd,marine3,family,Bray-Curtis distance,0.0889329857362495
metakssd,marine3,genus,Bray-Curtis distance,0.105707929742447
metakssd,marine3,species,Bray-Curtis distance,0.146425807159105
metakssd,marine3,phylum,Shannon diversity,2.06737710979487
metakssd,marine3,phylum,Shannon equitability,0.564307990280152
metakssd,marine3,class,Shannon diversity,2.43142016126219
metakssd,marine3,class,Shannon equitability,0.598806621579695
metakssd,marine3,order,Shannon diversity,3.53026810636528
metakssd,marine3,order,Shannon equitability,0.744008135598567
metakssd,marine3,family,Shannon diversity,4.19128151713154
metakssd,marine3,family,Shannon equitability,0.791058977250781
metakssd,marine3,genus,Shannon diversity,5.00249762549598
metakssd,marine3,genus,Shannon equitability,0.841774609863778
metakssd,marine3,species,Shannon diversity,5.68380148340564
metakssd,marine3,species,Shannon equitability,0.879220952115597
metakssd,marine3,kingdom,True positives,2
metakssd,marine3,kingdom,False negatives,0
metakssd,marine3,kingdom,False positives,0
metakssd,marine3,kingdom,Completeness,1
metakssd,marine3,kingdom,Purity,1
metakssd,marine3,kingdom,F1 score,1
metakssd,marine3,kingdom,Jaccard index,1
metakssd,marine3,phylum,True positives,39
metakssd,marine3,phylum,False negatives,0
metakssd,marine3,phylum,False positives,0
metakssd,marine3,phylum,Completeness,1
metakssd,marine3,phylum,Purity,1
metakssd,marine3,phylum,F1 score,1
metakssd,marine3,phylum,Jaccard index,1
metakssd,marine3,class,True positives,58
metakssd,marine3,class,False negatives,0
metakssd,marine3,class,False positives,0
metakssd,marine3,class,Completeness,1
metakssd,marine3,class,Purity,1
metakssd,marine3,class,F1 score,1
metakssd,marine3,class,Jaccard index,1
metakssd,marine3,order,True positives,115
metakssd,marine3,order,False negatives,0
metakssd,marine3,order,False positives,0
metakssd,marine3,order,Completeness,1
metakssd,marine3,order,Purity,1
metakssd,marine3,order,F1 score,1
metakssd,marine3,order,Jaccard index,1
metakssd,marine3,family,True positives,200
metakssd,marine3,family,False negatives,1
metakssd,marine3,family,False positives,0
metakssd,marine3,family,Completeness,0.995024875621891
metakssd,marine3,family,Purity,1
metakssd,marine3,family,F1 score,0.997506234413965
metakssd,marine3,family,Jaccard index,0.995024875621891
metakssd,marine3,genus,True positives,381
metakssd,marine3,genus,False negatives,1
metakssd,marine3,genus,False positives,0
metakssd,marine3,genus,Completeness,0.99738219895288
metakssd,marine3,genus,Purity,1
metakssd,marine3,genus,F1 score,0.998689384010485
metakssd,marine3,genus,Jaccard index,0.99738219895288
metakssd,marine3,species,True positives,566
metakssd,marine3,species,False negatives,15
metakssd,marine3,species,False positives,76
metakssd,marine3,species,Completeness,0.974182444061962
metakssd,marine3,species,Purity,0.881619937694704
metakssd,marine3,species,F1 score,0.925592804578904
metakssd,marine3,species,Jaccard index,0.861491628614916
metakssd,marine3,kingdom,L1 norm error,0.00598118595485696
metakssd,marine3,phylum,L1 norm error,0.100501492180565
metakssd,marine3,class,L1 norm error,0.134273263635586
metakssd,marine3,order,L1 norm error,0.158790513913986
metakssd,marine3,family,L1 norm error,0.177865971472499
metakssd,marine3,genus,L1 norm error,0.211415859484895
metakssd,marine3,species,L1 norm error,0.292851614318211
metakssd,marine3,na,Weighted UniFrac error,0.00886663507963619
metakssd,marine3,na,Unweighted UniFrac error,0.12594441114921
metakssd,marine3,na,Weighted UniFrac (CAMI),1.08167990096061
metakssd,marine3,na,Unweighted UniFrac (CAMI),672
metakssd,marine3,phylum,Sum of abundances,1
metakssd,marine3,class,Sum of abundances,1
metakssd,marine3,order,Sum of abundances,0.999999999999998
metakssd,marine3,family,Sum of abundances,0.999999999999998
metakssd,marine3,genus,Sum of abundances,0.999999999999996
metakssd,marine3,species,Sum of abundances,0.999999999999994
metakssd,marine3,phylum,Taxon counts,39
metakssd,marine3,class,Taxon counts,58
metakssd,marine3,order,Taxon counts,115
metakssd,marine3,family,Taxon counts,200
metakssd,marine3,genus,Taxon counts,381
metakssd,marine3,species,Taxon counts,642
singlem,marine4,kingdom,Bray-Curtis distance,0.00238908902524369
singlem,marine4,phylum,Bray-Curtis distance,0.0168084648004516
singlem,marine4,class,Bray-Curtis distance,0.0166844539086466
singlem,marine4,order,Bray-Curtis distance,0.0223481445490272
singlem,marine4,family,Bray-Curtis distance,0.0296180525878781
singlem,marine4,genus,Bray-Curtis distance,0.0420054095463891
singlem,marine4,species,Bray-Curtis distance,0.150770237706457
singlem,marine4,phylum,Shannon diversity,1.81181609498279
singlem,marine4,phylum,Shannon equitability,0.509603015976946
singlem,marine4,class,Shannon diversity,2.19180034649732
singlem,marine4,class,Shannon equitability,0.560272867377333
singlem,marine4,order,Shannon diversity,3.29088686669765
singlem,marine4,order,Shannon equitability,0.72099820799152
singlem,marine4,family,Shannon diversity,3.78363340280935
singlem,marine4,family,Shannon equitability,0.746440108525246
singlem,marine4,genus,Shannon diversity,4.53477449457944
singlem,marine4,genus,Shannon equitability,0.801764685356238
singlem,marine4,species,Shannon diversity,4.53575049355553
singlem,marine4,species,Shannon equitability,0.76357234506973
singlem,marine4,kingdom,True positives,2
singlem,marine4,kingdom,False negatives,0
singlem,marine4,kingdom,False positives,0
singlem,marine4,kingdom,Completeness,1
singlem,marine4,kingdom,Purity,1
singlem,marine4,kingdom,F1 score,1
singlem,marine4,kingdom,Jaccard index,1
singlem,marine4,phylum,True positives,34
singlem,marine4,phylum,False negatives,1
singlem,marine4,phylum,False positives,1
singlem,marine4,phylum,Completeness,0.971428571428571
singlem,marine4,phylum,Purity,0.971428571428571
singlem,marine4,phylum,F1 score,0.971428571428571
singlem,marine4,phylum,Jaccard index,0.944444444444444
singlem,marine4,class,True positives,49
singlem,marine4,class,False negatives,2
singlem,marine4,class,False positives,1
singlem,marine4,class,Completeness,0.96078431372549
singlem,marine4,class,Purity,0.98
singlem,marine4,class,F1 score,0.97029702970297
singlem,marine4,class,Jaccard index,0.942307692307692
singlem,marine4,order,True positives,96
singlem,marine4,order,False negatives,2
singlem,marine4,order,False positives,0
singlem,marine4,order,Completeness,0.979591836734694
singlem,marine4,order,Purity,1
singlem,marine4,order,F1 score,0.989690721649485
singlem,marine4,order,Jaccard index,0.979591836734694
singlem,marine4,family,True positives,159
singlem,marine4,family,False negatives,3
singlem,marine4,family,False positives,0
singlem,marine4,family,Completeness,0.981481481481481
singlem,marine4,family,Purity,1
singlem,marine4,family,F1 score,0.990654205607477
singlem,marine4,family,Jaccard index,0.981481481481481
singlem,marine4,genus,True positives,286
singlem,marine4,genus,False negatives,5
singlem,marine4,genus,False positives,0
singlem,marine4,genus,Completeness,0.982817869415807
singlem,marine4,genus,Purity,1
singlem,marine4,genus,F1 score,0.991334488734835
singlem,marine4,genus,Jaccard index,0.982817869415807
singlem,marine4,species,True positives,360
singlem,marine4,species,False negatives,56
singlem,marine4,species,False positives,20
singlem,marine4,species,Completeness,0.865384615384615
singlem,marine4,species,Purity,0.947368421052632
singlem,marine4,species,F1 score,0.904522613065327
singlem,marine4,species,Jaccard index,0.825688073394496
singlem,marine4,kingdom,L1 norm error,0.00477817805048738
singlem,marine4,phylum,L1 norm error,0.0334685918223841
singlem,marine4,class,L1 norm error,0.0331778181887066
singlem,marine4,order,L1 norm error,0.0442843300224304
singlem,marine4,family,L1 norm error,0.0584549446385735
singlem,marine4,genus,L1 norm error,0.0819553543502605
singlem,marine4,species,L1 norm error,0.284818281919593
singlem,marine4,na,Weighted UniFrac error,0.00383884794433446
singlem,marine4,na,Unweighted UniFrac error,0.33503604886428
singlem,marine4,na,Weighted UniFrac (CAMI),0.540937498992436
singlem,marine4,na,Unweighted UniFrac (CAMI),1048
singlem,marine4,phylum,Sum of abundances,0.991174816957997
singlem,marine4,class,Sum of abundances,0.988546845486649
singlem,marine4,order,Sum of abundances,0.98156629626588
singlem,marine4,family,Sum of abundances,0.973625526699811
singlem,marine4,genus,Sum of abundances,0.951066665824369
singlem,marine4,species,Sum of abundances,0.889088232878703
singlem,marine4,phylum,Taxon counts,35
singlem,marine4,class,Taxon counts,50
singlem,marine4,order,Taxon counts,96
singlem,marine4,family,Taxon counts,159
singlem,marine4,genus,Taxon counts,286
singlem,marine4,species,Taxon counts,380
metaphlan,marine4,kingdom,Bray-Curtis distance,0.00130588663442319
metaphlan,marine4,phylum,Bray-Curtis distance,0.0774623723120773
metaphlan,marine4,class,Bray-Curtis distance,0.0832632376007482
metaphlan,marine4,order,Bray-Curtis distance,0.0990051354332845
metaphlan,marine4,family,Bray-Curtis distance,0.114715357710322
metaphlan,marine4,genus,Bray-Curtis distance,0.17688571130551
metaphlan,marine4,species,Bray-Curtis distance,0.225712101733216
metaphlan,marine4,phylum,Shannon diversity,1.88974366464486
metaphlan,marine4,phylum,Shannon equitability,0.555611289963228
metaphlan,marine4,class,Shannon diversity,2.24011568812178
metaphlan,marine4,class,Shannon equitability,0.595585350211738
metaphlan,marine4,order,Shannon diversity,3.33581544770802
metaphlan,marine4,order,Shannon equitability,0.750861423757872
metaphlan,marine4,family,Shannon diversity,3.86287317118184
metaphlan,marine4,family,Shannon equitability,0.781698237312393
metaphlan,marine4,genus,Shannon diversity,4.66379290361608
metaphlan,marine4,genus,Shannon equitability,0.841053861722507
metaphlan,marine4,species,Shannon diversity,4.97546139384992
metaphlan,marine4,species,Shannon equitability,0.842922321753439
metaphlan,marine4,kingdom,True positives,2
metaphlan,marine4,kingdom,False negatives,0
metaphlan,marine4,kingdom,False positives,0
metaphlan,marine4,kingdom,Completeness,1
metaphlan,marine4,kingdom,Purity,1
metaphlan,marine4,kingdom,F1 score,1
metaphlan,marine4,kingdom,Jaccard index,1
metaphlan,marine4,phylum,True positives,30
metaphlan,marine4,phylum,False negatives,5
metaphlan,marine4,phylum,False positives,0
metaphlan,marine4,phylum,Completeness,0.857142857142857
metaphlan,marine4,phylum,Purity,1
metaphlan,marine4,phylum,F1 score,0.923076923076923
metaphlan,marine4,phylum,Jaccard index,0.857142857142857
metaphlan,marine4,class,True positives,43
metaphlan,marine4,class,False negatives,8
metaphlan,marine4,class,False positives,0
metaphlan,marine4,class,Completeness,0.843137254901961
metaphlan,marine4,class,Purity,1
metaphlan,marine4,class,F1 score,0.914893617021277
metaphlan,marine4,class,Jaccard index,0.843137254901961
metaphlan,marine4,order,True positives,85
metaphlan,marine4,order,False negatives,13
metaphlan,marine4,order,False positives,0
metaphlan,marine4,order,Completeness,0.86734693877551
metaphlan,marine4,order,Purity,1
metaphlan,marine4,order,F1 score,0.92896174863388
metaphlan,marine4,order,Jaccard index,0.86734693877551
metaphlan,marine4,family,True positives,140
metaphlan,marine4,family,False negatives,22
metaphlan,marine4,family,False positives,0
metaphlan,marine4,family,Completeness,0.864197530864198
metaphlan,marine4,family,Purity,1
metaphlan,marine4,family,F1 score,0.927152317880795
metaphlan,marine4,family,Jaccard index,0.864197530864198
metaphlan,marine4,genus,True positives,256
metaphlan,marine4,genus,False negatives,35
metaphlan,marine4,genus,False positives,0
metaphlan,marine4,genus,Completeness,0.879725085910653
metaphlan,marine4,genus,Purity,1
metaphlan,marine4,genus,F1 score,0.936014625228519
metaphlan,marine4,genus,Jaccard index,0.879725085910653
metaphlan,marine4,species,True positives,329
metaphlan,marine4,species,False negatives,87
metaphlan,marine4,species,False positives,37
metaphlan,marine4,species,Completeness,0.790865384615385
metaphlan,marine4,species,Purity,0.898907103825137
metaphlan,marine4,species,F1 score,0.841432225063939
metaphlan,marine4,species,Jaccard index,0.726269315673289
metaphlan,marine4,kingdom,L1 norm error,0.00261177326884638
metaphlan,marine4,phylum,L1 norm error,0.154924744624155
metaphlan,marine4,class,L1 norm error,0.166526475201497
metaphlan,marine4,order,L1 norm error,0.198010270866569
metaphlan,marine4,family,L1 norm error,0.229430715420645
metaphlan,marine4,genus,L1 norm error,0.35377142261102
metaphlan,marine4,species,L1 norm error,0.451424203466433
metaphlan,marine4,na,Weighted UniFrac error,0.0124047964999399
metaphlan,marine4,na,Unweighted UniFrac error,0.124160475715738
metaphlan,marine4,na,Weighted UniFrac (CAMI),1.55669960545916
metaphlan,marine4,na,Unweighted UniFrac (CAMI),491
metaphlan,marine4,phylum,Sum of abundances,1
metaphlan,marine4,class,Sum of abundances,1
metaphlan,marine4,order,Sum of abundances,1
metaphlan,marine4,family,Sum of abundances,1
metaphlan,marine4,genus,Sum of abundances,1
metaphlan,marine4,species,Sum of abundances,1
metaphlan,marine4,phylum,Taxon counts,30
metaphlan,marine4,class,Taxon counts,43
metaphlan,marine4,order,Taxon counts,85
metaphlan,marine4,family,Taxon counts,140
metaphlan,marine4,genus,Taxon counts,256
metaphlan,marine4,species,Taxon counts,366
kraken,marine4,kingdom,Bray-Curtis distance,0.00535640994188771
kraken,marine4,phylum,Bray-Curtis distance,0.116361182320334
kraken,marine4,class,Bray-Curtis distance,0.125314839347981
kraken,marine4,order,Bray-Curtis distance,0.160161442277863
kraken,marine4,family,Bray-Curtis distance,0.177703696176389
kraken,marine4,genus,Bray-Curtis distance,0.198545050620371
kraken,marine4,species,Bray-Curtis distance,0.258491773897899
kraken,marine4,phylum,Shannon diversity,1.61092010592827
kraken,marine4,phylum,Shannon equitability,0.401993054100096
kraken,marine4,class,Shannon diversity,2.04389323514631
kraken,marine4,class,Shannon equitability,0.446780844680808
kraken,marine4,order,Shannon diversity,3.0733931885681
kraken,marine4,order,Shannon equitability,0.585740249387234
kraken,marine4,family,Shannon diversity,3.55008339607382
kraken,marine4,family,Shannon equitability,0.613469215387295
kraken,marine4,genus,Shannon diversity,4.41739614617066
kraken,marine4,genus,Shannon equitability,0.661451011393612
kraken,marine4,species,Shannon diversity,5.26287329046966
kraken,marine4,species,Shannon equitability,0.663228866167254
kraken,marine4,kingdom,True positives,2
kraken,marine4,kingdom,False negatives,0
kraken,marine4,kingdom,False positives,0
kraken,marine4,kingdom,Completeness,1
kraken,marine4,kingdom,Purity,1
kraken,marine4,kingdom,F1 score,1
kraken,marine4,kingdom,Jaccard index,1
kraken,marine4,phylum,True positives,35
kraken,marine4,phylum,False negatives,0
kraken,marine4,phylum,False positives,20
kraken,marine4,phylum,Completeness,1
kraken,marine4,phylum,Purity,0.636363636363636
kraken,marine4,phylum,F1 score,0.777777777777778
kraken,marine4,phylum,Jaccard index,0.636363636363636
kraken,marine4,class,True positives,51
kraken,marine4,class,False negatives,0
kraken,marine4,class,False positives,46
kraken,marine4,class,Completeness,1
kraken,marine4,class,Purity,0.525773195876289
kraken,marine4,class,F1 score,0.689189189189189
kraken,marine4,class,Jaccard index,0.525773195876289
kraken,marine4,order,True positives,97
kraken,marine4,order,False negatives,1
kraken,marine4,order,False positives,93
kraken,marine4,order,Completeness,0.989795918367347
kraken,marine4,order,Purity,0.510526315789474
kraken,marine4,order,F1 score,0.673611111111111
kraken,marine4,order,Jaccard index,0.507853403141361
kraken,marine4,family,True positives,156
kraken,marine4,family,False negatives,6
kraken,marine4,family,False positives,170
kraken,marine4,family,Completeness,0.962962962962963
kraken,marine4,family,Purity,0.478527607361963
kraken,marine4,family,F1 score,0.639344262295082
kraken,marine4,family,Jaccard index,0.469879518072289
kraken,marine4,genus,True positives,281
kraken,marine4,genus,False negatives,10
kraken,marine4,genus,False positives,514
kraken,marine4,genus,Completeness,0.965635738831615
kraken,marine4,genus,Purity,0.353459119496855
kraken,marine4,genus,F1 score,0.517495395948435
kraken,marine4,genus,Jaccard index,0.349068322981366
kraken,marine4,species,True positives,411
kraken,marine4,species,False negatives,5
kraken,marine4,species,False positives,2383
kraken,marine4,species,Completeness,0.987980769230769
kraken,marine4,species,Purity,0.147100930565498
kraken,marine4,species,F1 score,0.25607476635514
kraken,marine4,species,Jaccard index,0.146838156484459
kraken,marine4,kingdom,L1 norm error,0.0107128198837754
kraken,marine4,phylum,L1 norm error,0.232717710193376
kraken,marine4,class,L1 norm error,0.250608375173272
kraken,marine4,order,L1 norm error,0.320250811906702
kraken,marine4,family,L1 norm error,0.355254567174066
kraken,marine4,genus,L1 norm error,0.396321731894842
kraken,marine4,species,L1 norm error,0.513522342943303
kraken,marine4,na,Weighted UniFrac error,0.0174451215376752
kraken,marine4,na,Unweighted UniFrac error,6.50461364025957
kraken,marine4,na,Weighted UniFrac (CAMI),2.06681713106094
kraken,marine4,na,Unweighted UniFrac (CAMI),20745.9166
kraken,marine4,phylum,Sum of abundances,0.99996
kraken,marine4,class,Sum of abundances,0.999830000000001
kraken,marine4,order,Sum of abundances,0.999550000000003
kraken,marine4,family,Sum of abundances,0.999140000000004
kraken,marine4,genus,Sum of abundances,0.996130000000009
kraken,marine4,species,Sum of abundances,0.986610000000016
kraken,marine4,phylum,Taxon counts,55
kraken,marine4,class,Taxon counts,97
kraken,marine4,order,Taxon counts,190
kraken,marine4,family,Taxon counts,326
kraken,marine4,genus,Taxon counts,795
kraken,marine4,species,Taxon counts,2794
sourmash,marine4,kingdom,Bray-Curtis distance,0.00562879800158924
sourmash,marine4,phylum,Bray-Curtis distance,0.14445007583034
sourmash,marine4,class,Bray-Curtis distance,0.155066281181854
sourmash,marine4,order,Bray-Curtis distance,0.18681615200344
sourmash,marine4,family,Bray-Curtis distance,0.214012310261845
sourmash,marine4,genus,Bray-Curtis distance,0.250679975962544
sourmash,marine4,species,Bray-Curtis distance,0.298403130214226
sourmash,marine4,phylum,Shannon diversity,1.52531752384452
sourmash,marine4,phylum,Shannon equitability,0.479953331588951
sourmash,marine4,class,Shannon diversity,1.98505810014949
sourmash,marine4,class,Shannon equitability,0.567725956616245
sourmash,marine4,order,Shannon diversity,2.95000112192681
sourmash,marine4,order,Shannon equitability,0.696723409938741
sourmash,marine4,family,Shannon diversity,3.37235903764477
sourmash,marine4,family,Shannon equitability,0.714710150332018
sourmash,marine4,genus,Shannon diversity,4.20004292784295
sourmash,marine4,genus,Shannon equitability,0.803721112041309
sourmash,marine4,species,Shannon diversity,4.35685761127782
sourmash,marine4,species,Shannon equitability,0.794954324161368
sourmash,marine4,kingdom,True positives,2
sourmash,marine4,kingdom,False negatives,0
sourmash,marine4,kingdom,False positives,0
sourmash,marine4,kingdom,Completeness,1
sourmash,marine4,kingdom,Purity,1
sourmash,marine4,kingdom,F1 score,1
sourmash,marine4,kingdom,Jaccard index,1
sourmash,marine4,phylum,True positives,24
sourmash,marine4,phylum,False negatives,11
sourmash,marine4,phylum,False positives,0
sourmash,marine4,phylum,Completeness,0.685714285714286
sourmash,marine4,phylum,Purity,1
sourmash,marine4,phylum,F1 score,0.813559322033898
sourmash,marine4,phylum,Jaccard index,0.685714285714286
sourmash,marine4,class,True positives,33
sourmash,marine4,class,False negatives,18
sourmash,marine4,class,False positives,0
sourmash,marine4,class,Completeness,0.647058823529412
sourmash,marine4,class,Purity,1
sourmash,marine4,class,F1 score,0.785714285714286
sourmash,marine4,class,Jaccard index,0.647058823529412
sourmash,marine4,order,True positives,69
sourmash,marine4,order,False negatives,29
sourmash,marine4,order,False positives,0
sourmash,marine4,order,Completeness,0.704081632653061
sourmash,marine4,order,Purity,1
sourmash,marine4,order,F1 score,0.826347305389222
sourmash,marine4,order,Jaccard index,0.704081632653061
sourmash,marine4,family,True positives,112
sourmash,marine4,family,False negatives,50
sourmash,marine4,family,False positives,0
sourmash,marine4,family,Completeness,0.691358024691358
sourmash,marine4,family,Purity,1
sourmash,marine4,family,F1 score,0.817518248175183
sourmash,marine4,family,Jaccard index,0.691358024691358
sourmash,marine4,genus,True positives,186
sourmash,marine4,genus,False negatives,105
sourmash,marine4,genus,False positives,0
sourmash,marine4,genus,Completeness,0.639175257731959
sourmash,marine4,genus,Purity,1
sourmash,marine4,genus,F1 score,0.779874213836478
sourmash,marine4,genus,Jaccard index,0.639175257731959
sourmash,marine4,species,True positives,232
sourmash,marine4,species,False negatives,184
sourmash,marine4,species,False positives,8
sourmash,marine4,species,Completeness,0.557692307692308
sourmash,marine4,species,Purity,0.966666666666667
sourmash,marine4,species,F1 score,0.707317073170732
sourmash,marine4,species,Jaccard index,0.547169811320755
sourmash,marine4,kingdom,L1 norm error,0.0112575960031785
sourmash,marine4,phylum,L1 norm error,0.28846895740447
sourmash,marine4,class,L1 norm error,0.310132562363709
sourmash,marine4,order,L1 norm error,0.371959323541177
sourmash,marine4,family,L1 norm error,0.424510985579092
sourmash,marine4,genus,L1 norm error,0.498740907400106
sourmash,marine4,species,L1 norm error,0.578545770370567
sourmash,marine4,na,Weighted UniFrac error,0.0210887076339918
sourmash,marine4,na,Unweighted UniFrac error,0.363692775806254
sourmash,marine4,na,Weighted UniFrac (CAMI),2.48361610266231
sourmash,marine4,na,Unweighted UniFrac (CAMI),1227.1671641791
sourmash,marine4,phylum,Sum of abundances,0.997014925373134
sourmash,marine4,class,Sum of abundances,1
sourmash,marine4,order,Sum of abundances,0.991044776119403
sourmash,marine4,family,Sum of abundances,0.983582089552238
sourmash,marine4,genus,Sum of abundances,0.989552238805968
sourmash,marine4,species,Sum of abundances,0.938805970149251
sourmash,marine4,phylum,Taxon counts,24
sourmash,marine4,class,Taxon counts,33
sourmash,marine4,order,Taxon counts,69
sourmash,marine4,family,Taxon counts,112
sourmash,marine4,genus,Taxon counts,186
sourmash,marine4,species,Taxon counts,240
metabuli,marine4,kingdom,Bray-Curtis distance,0.00573812369244975
metabuli,marine4,phylum,Bray-Curtis distance,0.159194162393885
metabuli,marine4,class,Bray-Curtis distance,0.171721594168395
metabuli,marine4,order,Bray-Curtis distance,0.240948779219057
metabuli,marine4,family,Bray-Curtis distance,0.268827846344917
metabuli,marine4,genus,Bray-Curtis distance,0.373438521312428
metabuli,marine4,species,Bray-Curtis distance,0.653455434148099
metabuli,marine4,phylum,Shannon diversity,1.45025673309018
metabuli,marine4,phylum,Shannon equitability,0.358703522913013
metabuli,marine4,class,Shannon diversity,1.89132411649062
metabuli,marine4,class,Shannon equitability,0.394371709629217
metabuli,marine4,order,Shannon diversity,2.90484812910526
metabuli,marine4,order,Shannon equitability,0.510485875702964
metabuli,marine4,family,Shannon diversity,3.41635070534389
metabuli,marine4,family,Shannon equitability,0.529628148299961
metabuli,marine4,genus,Shannon diversity,4.51505453123661
metabuli,marine4,genus,Shannon equitability,0.586038794500239
metabuli,marine4,species,Shannon diversity,5.24058459325838
metabuli,marine4,species,Shannon equitability,0.593500508949714
metabuli,marine4,kingdom,True positives,2
metabuli,marine4,kingdom,False negatives,0
metabuli,marine4,kingdom,False positives,0
metabuli,marine4,kingdom,Completeness,1
metabuli,marine4,kingdom,Purity,1
metabuli,marine4,kingdom,F1 score,1
metabuli,marine4,kingdom,Jaccard index,1
metabuli,marine4,phylum,True positives,32
metabuli,marine4,phylum,False negatives,3
metabuli,marine4,phylum,False positives,25
metabuli,marine4,phylum,Completeness,0.914285714285714
metabuli,marine4,phylum,Purity,0.56140350877193
metabuli,marine4,phylum,F1 score,0.695652173913044
metabuli,marine4,phylum,Jaccard index,0.533333333333333
metabuli,marine4,class,True positives,47
metabuli,marine4,class,False negatives,4
metabuli,marine4,class,False positives,74
metabuli,marine4,class,Completeness,0.92156862745098
metabuli,marine4,class,Purity,0.388429752066116
metabuli,marine4,class,F1 score,0.546511627906977
metabuli,marine4,class,Jaccard index,0.376
metabuli,marine4,order,True positives,85
metabuli,marine4,order,False negatives,13
metabuli,marine4,order,False positives,211
metabuli,marine4,order,Completeness,0.86734693877551
metabuli,marine4,order,Purity,0.287162162162162
metabuli,marine4,order,F1 score,0.431472081218274
metabuli,marine4,order,Jaccard index,0.275080906148867
metabuli,marine4,family,True positives,136
metabuli,marine4,family,False negatives,26
metabuli,marine4,family,False positives,497
metabuli,marine4,family,Completeness,0.839506172839506
metabuli,marine4,family,Purity,0.214849921011058
metabuli,marine4,family,F1 score,0.342138364779874
metabuli,marine4,family,Jaccard index,0.206373292867982
metabuli,marine4,genus,True positives,202
metabuli,marine4,genus,False negatives,89
metabuli,marine4,genus,False positives,2016
metabuli,marine4,genus,Completeness,0.694158075601375
metabuli,marine4,genus,Purity,0.09107303877367
metabuli,marine4,genus,F1 score,0.161020326823436
metabuli,marine4,genus,Jaccard index,0.0875596012136974
metabuli,marine4,species,True positives,204
metabuli,marine4,species,False negatives,212
metabuli,marine4,species,False positives,6632
metabuli,marine4,species,Completeness,0.490384615384615
metabuli,marine4,species,Purity,0.0298420128730252
metabuli,marine4,species,F1 score,0.0562603419746277
metabuli,marine4,species,Jaccard index,0.02894438138479
metabuli,marine4,kingdom,L1 norm error,0.0114762473848995
metabuli,marine4,phylum,L1 norm error,0.315111947801082
metabuli,marine4,class,L1 norm error,0.339264478734485
metabuli,marine4,order,L1 norm error,0.472427715582927
metabuli,marine4,family,L1 norm error,0.525480259236282
metabuli,marine4,genus,L1 norm error,0.72084005649156
metabuli,marine4,species,L1 norm error,1.2011278139955
metabuli,marine4,na,Weighted UniFrac error,0.0278968570557423
metabuli,marine4,na,Unweighted UniFrac error,16.1700025658251
metabuli,marine4,na,Weighted UniFrac (CAMI),3.58572851922673
metabuli,marine4,na,Unweighted UniFrac (CAMI),52407
metabuli,marine4,phylum,Sum of abundances,0.979418987873554
metabuli,marine4,class,Sum of abundances,0.975665788437718
metabuli,marine4,order,Sum of abundances,0.960697693153381
metabuli,marine4,family,Sum of abundances,0.954709180544006
metabuli,marine4,genus,Sum of abundances,0.930277717355482
metabuli,marine4,species,Sum of abundances,0.838117415859271
metabuli,marine4,phylum,Taxon counts,57
metabuli,marine4,class,Taxon counts,121
metabuli,marine4,order,Taxon counts,296
metabuli,marine4,family,Taxon counts,633
metabuli,marine4,genus,Taxon counts,2218
metabuli,marine4,species,Taxon counts,6836
sylph,marine4,kingdom,Bray-Curtis distance,0.000407351747538602
sylph,marine4,phylum,Bray-Curtis distance,0.0194348316254155
sylph,marine4,class,Bray-Curtis distance,0.0256032417089331
sylph,marine4,order,Bray-Curtis distance,0.0302261866392379
sylph,marine4,family,Bray-Curtis distance,0.0310696445992848
sylph,marine4,genus,Bray-Curtis distance,0.0342893076404425
sylph,marine4,species,Bray-Curtis distance,0.0407522469088703
sylph,marine4,phylum,Shannon diversity,1.80019023626109
sylph,marine4,phylum,Shannon equitability,0.506333052383892
sylph,marine4,class,Shannon diversity,2.19341425387459
sylph,marine4,class,Shannon equitability,0.557861527637175
sylph,marine4,order,Shannon diversity,3.32520983773062
sylph,marine4,order,Shannon equitability,0.725241749957793
sylph,marine4,family,Shannon diversity,3.84894655353127
sylph,marine4,family,Shannon equitability,0.756535365606097
sylph,marine4,genus,Shannon diversity,4.73435234166713
sylph,marine4,genus,Shannon equitability,0.834493667770056
sylph,marine4,species,Shannon diversity,5.15264442160148
sylph,marine4,species,Shannon equitability,0.855087790532204
sylph,marine4,kingdom,True positives,2
sylph,marine4,kingdom,False negatives,0
sylph,marine4,kingdom,False positives,0
sylph,marine4,kingdom,Completeness,1
sylph,marine4,kingdom,Purity,1
sylph,marine4,kingdom,F1 score,1
sylph,marine4,kingdom,Jaccard index,1
sylph,marine4,phylum,True positives,35
sylph,marine4,phylum,False negatives,0
sylph,marine4,phylum,False positives,0
sylph,marine4,phylum,Completeness,1
sylph,marine4,phylum,Purity,1
sylph,marine4,phylum,F1 score,1
sylph,marine4,phylum,Jaccard index,1
sylph,marine4,class,True positives,51
sylph,marine4,class,False negatives,0
sylph,marine4,class,False positives,0
sylph,marine4,class,Completeness,1
sylph,marine4,class,Purity,1
sylph,marine4,class,F1 score,1
sylph,marine4,class,Jaccard index,1
sylph,marine4,order,True positives,98
sylph,marine4,order,False negatives,0
sylph,marine4,order,False positives,0
sylph,marine4,order,Completeness,1
sylph,marine4,order,Purity,1
sylph,marine4,order,F1 score,1
sylph,marine4,order,Jaccard index,1
sylph,marine4,family,True positives,162
sylph,marine4,family,False negatives,0
sylph,marine4,family,False positives,0
sylph,marine4,family,Completeness,1
sylph,marine4,family,Purity,1
sylph,marine4,family,F1 score,1
sylph,marine4,family,Jaccard index,1
sylph,marine4,genus,True positives,291
sylph,marine4,genus,False negatives,0
sylph,marine4,genus,False positives,0
sylph,marine4,genus,Completeness,1
sylph,marine4,genus,Purity,1
sylph,marine4,genus,F1 score,1
sylph,marine4,genus,Jaccard index,1
sylph,marine4,species,True positives,411
sylph,marine4,species,False negatives,5
sylph,marine4,species,False positives,3
sylph,marine4,species,Completeness,0.987980769230769
sylph,marine4,species,Purity,0.992753623188406
sylph,marine4,species,F1 score,0.990361445783133
sylph,marine4,species,Jaccard index,0.98090692124105
sylph,marine4,kingdom,L1 norm error,0.000814703495077204
sylph,marine4,phylum,L1 norm error,0.038869663250831
sylph,marine4,class,L1 norm error,0.0512064834178663
sylph,marine4,order,L1 norm error,0.0604523732784759
sylph,marine4,family,L1 norm error,0.0621392891985695
sylph,marine4,genus,L1 norm error,0.0685786152808849
sylph,marine4,species,L1 norm error,0.0815044938177405
sylph,marine4,na,Weighted UniFrac error,0.00307764038456287
sylph,marine4,na,Unweighted UniFrac error,0.043525012878092
sylph,marine4,na,Weighted UniFrac (CAMI),0.363565621739444
sylph,marine4,na,Unweighted UniFrac (CAMI),180
sylph,marine4,phylum,Sum of abundances,1
sylph,marine4,class,Sum of abundances,1
sylph,marine4,order,Sum of abundances,1
sylph,marine4,family,Sum of abundances,1
sylph,marine4,genus,Sum of abundances,1
sylph,marine4,species,Sum of abundances,1
sylph,marine4,phylum,Taxon counts,35
sylph,marine4,class,Taxon counts,51
sylph,marine4,order,Taxon counts,98
sylph,marine4,family,Taxon counts,162
sylph,marine4,genus,Taxon counts,291
sylph,marine4,species,Taxon counts,414
metaphlan42,marine4,kingdom,Bray-Curtis distance,0.00130588663442326
metaphlan42,marine4,phylum,Bray-Curtis distance,0.0774623723120774
metaphlan42,marine4,class,Bray-Curtis distance,0.0832632376007483
metaphlan42,marine4,order,Bray-Curtis distance,0.0990051354332845
metaphlan42,marine4,family,Bray-Curtis distance,0.114715357710322
metaphlan42,marine4,genus,Bray-Curtis distance,0.17688571130551
metaphlan42,marine4,species,Bray-Curtis distance,0.225712101733216
metaphlan42,marine4,phylum,Shannon diversity,1.88974366464486
metaphlan42,marine4,phylum,Shannon equitability,0.555611289963228
metaphlan42,marine4,class,Shannon diversity,2.24011568812178
metaphlan42,marine4,class,Shannon equitability,0.595585350211738
metaphlan42,marine4,order,Shannon diversity,3.33581544770802
metaphlan42,marine4,order,Shannon equitability,0.750861423757872
metaphlan42,marine4,family,Shannon diversity,3.86287317118184
metaphlan42,marine4,family,Shannon equitability,0.781698237312393
metaphlan42,marine4,genus,Shannon diversity,4.66379290361608
metaphlan42,marine4,genus,Shannon equitability,0.841053861722507
metaphlan42,marine4,species,Shannon diversity,4.97546139384992
metaphlan42,marine4,species,Shannon equitability,0.842922321753439
metaphlan42,marine4,kingdom,True positives,2
metaphlan42,marine4,kingdom,False negatives,0
metaphlan42,marine4,kingdom,False positives,0
metaphlan42,marine4,kingdom,Completeness,1
metaphlan42,marine4,kingdom,Purity,1
metaphlan42,marine4,kingdom,F1 score,1
metaphlan42,marine4,kingdom,Jaccard index,1
metaphlan42,marine4,phylum,True positives,30
metaphlan42,marine4,phylum,False negatives,5
metaphlan42,marine4,phylum,False positives,0
metaphlan42,marine4,phylum,Completeness,0.857142857142857
metaphlan42,marine4,phylum,Purity,1
metaphlan42,marine4,phylum,F1 score,0.923076923076923
metaphlan42,marine4,phylum,Jaccard index,0.857142857142857
metaphlan42,marine4,class,True positives,43
metaphlan42,marine4,class,False negatives,8
metaphlan42,marine4,class,False positives,0
metaphlan42,marine4,class,Completeness,0.843137254901961
metaphlan42,marine4,class,Purity,1
metaphlan42,marine4,class,F1 score,0.914893617021277
metaphlan42,marine4,class,Jaccard index,0.843137254901961
metaphlan42,marine4,order,True positives,85
metaphlan42,marine4,order,False negatives,13
metaphlan42,marine4,order,False positives,0
metaphlan42,marine4,order,Completeness,0.86734693877551
metaphlan42,marine4,order,Purity,1
metaphlan42,marine4,order,F1 score,0.92896174863388
metaphlan42,marine4,order,Jaccard index,0.86734693877551
metaphlan42,marine4,family,True positives,140
metaphlan42,marine4,family,False negatives,22
metaphlan42,marine4,family,False positives,0
metaphlan42,marine4,family,Completeness,0.864197530864198
metaphlan42,marine4,family,Purity,1
metaphlan42,marine4,family,F1 score,0.927152317880795
metaphlan42,marine4,family,Jaccard index,0.864197530864198
metaphlan42,marine4,genus,True positives,256
metaphlan42,marine4,genus,False negatives,35
metaphlan42,marine4,genus,False positives,0
metaphlan42,marine4,genus,Completeness,0.879725085910653
metaphlan42,marine4,genus,Purity,1
metaphlan42,marine4,genus,F1 score,0.936014625228519
metaphlan42,marine4,genus,Jaccard index,0.879725085910653
metaphlan42,marine4,species,True positives,329
metaphlan42,marine4,species,False negatives,87
metaphlan42,marine4,species,False positives,37
metaphlan42,marine4,species,Completeness,0.790865384615385
metaphlan42,marine4,species,Purity,0.898907103825137
metaphlan42,marine4,species,F1 score,0.841432225063939
metaphlan42,marine4,species,Jaccard index,0.726269315673289
metaphlan42,marine4,kingdom,L1 norm error,0.00261177326884653
metaphlan42,marine4,phylum,L1 norm error,0.154924744624155
metaphlan42,marine4,class,L1 norm error,0.166526475201497
metaphlan42,marine4,order,L1 norm error,0.198010270866569
metaphlan42,marine4,family,L1 norm error,0.229430715420645
metaphlan42,marine4,genus,L1 norm error,0.35377142261102
metaphlan42,marine4,species,L1 norm error,0.451424203466433
metaphlan42,marine4,na,Weighted UniFrac error,0.0124047964999399
metaphlan42,marine4,na,Unweighted UniFrac error,0.140160648076513
metaphlan42,marine4,na,Weighted UniFrac (CAMI),1.55669960545917
metaphlan42,marine4,na,Unweighted UniFrac (CAMI),526
metaphlan42,marine4,phylum,Sum of abundances,1
metaphlan42,marine4,class,Sum of abundances,1
metaphlan42,marine4,order,Sum of abundances,1
metaphlan42,marine4,family,Sum of abundances,1
metaphlan42,marine4,genus,Sum of abundances,1
metaphlan42,marine4,species,Sum of abundances,1
metaphlan42,marine4,phylum,Taxon counts,30
metaphlan42,marine4,class,Taxon counts,43
metaphlan42,marine4,order,Taxon counts,85
metaphlan42,marine4,family,Taxon counts,140
metaphlan42,marine4,genus,Taxon counts,256
metaphlan42,marine4,species,Taxon counts,366
metakssd,marine4,kingdom,Bray-Curtis distance,0.000964991835024144
metakssd,marine4,phylum,Bray-Curtis distance,0.0350982089474597
metakssd,marine4,class,Bray-Curtis distance,0.048894508556973
metakssd,marine4,order,Bray-Curtis distance,0.0704260985949454
metakssd,marine4,family,Bray-Curtis distance,0.0796805576458135
metakssd,marine4,genus,Bray-Curtis distance,0.111339428937691
metakssd,marine4,species,Bray-Curtis distance,0.149784764636711
metakssd,marine4,phylum,Shannon diversity,1.78682263042216
metakssd,marine4,phylum,Shannon equitability,0.502573193824973
metakssd,marine4,class,Shannon diversity,2.18384999417591
metakssd,marine4,class,Shannon equitability,0.555429003768597
metakssd,marine4,order,Shannon diversity,3.28766740767091
metakssd,marine4,order,Shannon equitability,0.717053593720185
metakssd,marine4,family,Shannon diversity,3.79789350334518
metakssd,marine4,family,Shannon equitability,0.748327769966279
metakssd,marine4,genus,Shannon diversity,4.68078122156586
metakssd,marine4,genus,Shannon equitability,0.826560813550563
metakssd,marine4,species,Shannon diversity,5.25409272634166
metakssd,marine4,species,Shannon equitability,0.857855401007849
metakssd,marine4,kingdom,True positives,2
metakssd,marine4,kingdom,False negatives,0
metakssd,marine4,kingdom,False positives,0
metakssd,marine4,kingdom,Completeness,1
metakssd,marine4,kingdom,Purity,1
metakssd,marine4,kingdom,F1 score,1
metakssd,marine4,kingdom,Jaccard index,1
metakssd,marine4,phylum,True positives,35
metakssd,marine4,phylum,False negatives,0
metakssd,marine4,phylum,False positives,0
metakssd,marine4,phylum,Completeness,1
metakssd,marine4,phylum,Purity,1
metakssd,marine4,phylum,F1 score,1
metakssd,marine4,phylum,Jaccard index,1
metakssd,marine4,class,True positives,51
metakssd,marine4,class,False negatives,0
metakssd,marine4,class,False positives,0
metakssd,marine4,class,Completeness,1
metakssd,marine4,class,Purity,1
metakssd,marine4,class,F1 score,1
metakssd,marine4,class,Jaccard index,1
metakssd,marine4,order,True positives,98
metakssd,marine4,order,False negatives,0
metakssd,marine4,order,False positives,0
metakssd,marine4,order,Completeness,1
metakssd,marine4,order,Purity,1
metakssd,marine4,order,F1 score,1
metakssd,marine4,order,Jaccard index,1
metakssd,marine4,family,True positives,160
metakssd,marine4,family,False negatives,2
metakssd,marine4,family,False positives,0
metakssd,marine4,family,Completeness,0.987654320987654
metakssd,marine4,family,Purity,1
metakssd,marine4,family,F1 score,0.993788819875776
metakssd,marine4,family,Jaccard index,0.987654320987654
metakssd,marine4,genus,True positives,288
metakssd,marine4,genus,False negatives,3
metakssd,marine4,genus,False positives,0
metakssd,marine4,genus,Completeness,0.989690721649485
metakssd,marine4,genus,Purity,1
metakssd,marine4,genus,F1 score,0.994818652849741
metakssd,marine4,genus,Jaccard index,0.989690721649485
metakssd,marine4,species,True positives,402
metakssd,marine4,species,False negatives,14
metakssd,marine4,species,False positives,55
metakssd,marine4,species,Completeness,0.966346153846154
metakssd,marine4,species,Purity,0.87964989059081
metakssd,marine4,species,F1 score,0.920962199312715
metakssd,marine4,species,Jaccard index,0.853503184713376
metakssd,marine4,kingdom,L1 norm error,0.00192998367004829
metakssd,marine4,phylum,L1 norm error,0.0701964178949194
metakssd,marine4,class,L1 norm error,0.0977890171139459
metakssd,marine4,order,L1 norm error,0.140852197189891
metakssd,marine4,family,L1 norm error,0.159361115291627
metakssd,marine4,genus,L1 norm error,0.222678857875381
metakssd,marine4,species,L1 norm error,0.299569529273422
metakssd,marine4,na,Weighted UniFrac error,0.00758165079103525
metakssd,marine4,na,Unweighted UniFrac error,0.107427770062892
metakssd,marine4,na,Weighted UniFrac (CAMI),0.992377118309234
metakssd,marine4,na,Unweighted UniFrac (CAMI),448
metakssd,marine4,phylum,Sum of abundances,1
metakssd,marine4,class,Sum of abundances,1
metakssd,marine4,order,Sum of abundances,1
metakssd,marine4,family,Sum of abundances,0.999999999999999
metakssd,marine4,genus,Sum of abundances,0.999999999999999
metakssd,marine4,species,Sum of abundances,0.999999999999998
metakssd,marine4,phylum,Taxon counts,35
metakssd,marine4,class,Taxon counts,51
metakssd,marine4,order,Taxon counts,98
metakssd,marine4,family,Taxon counts,160
metakssd,marine4,genus,Taxon counts,288
metakssd,marine4,species,Taxon counts,457
singlem,marine5,kingdom,Bray-Curtis distance,0.00233517734603584
singlem,marine5,phylum,Bray-Curtis distance,0.0192003134671685
singlem,marine5,class,Bray-Curtis distance,0.0208747680756899
singlem,marine5,order,Bray-Curtis distance,0.0305408035796647
singlem,marine5,family,Bray-Curtis distance,0.0363196294230995
singlem,marine5,genus,Bray-Curtis distance,0.0543928494207631
singlem,marine5,species,Bray-Curtis distance,0.177081353697622
singlem,marine5,phylum,Shannon diversity,1.88716152188303
singlem,marine5,phylum,Shannon equitability,0.5307951540172
singlem,marine5,class,Shannon diversity,2.21769213673674
singlem,marine5,class,Shannon equitability,0.561264324523351
singlem,marine5,order,Shannon diversity,3.27550888612333
singlem,marine5,order,Shannon equitability,0.705261240333772
singlem,marine5,family,Shannon diversity,3.90481474305664
singlem,marine5,family,Shannon equitability,0.756885615017763
singlem,marine5,genus,Shannon diversity,4.51905815445572
singlem,marine5,genus,Shannon equitability,0.780499005359378
singlem,marine5,species,Shannon diversity,4.52113653542159
singlem,marine5,species,Shannon equitability,0.742780329199907
singlem,marine5,kingdom,True positives,2
singlem,marine5,kingdom,False negatives,0
singlem,marine5,kingdom,False positives,0
singlem,marine5,kingdom,Completeness,1
singlem,marine5,kingdom,Purity,1
singlem,marine5,kingdom,F1 score,1
singlem,marine5,kingdom,Jaccard index,1
singlem,marine5,phylum,True positives,35
singlem,marine5,phylum,False negatives,0
singlem,marine5,phylum,False positives,0
singlem,marine5,phylum,Completeness,1
singlem,marine5,phylum,Purity,1
singlem,marine5,phylum,F1 score,1
singlem,marine5,phylum,Jaccard index,1
singlem,marine5,class,True positives,52
singlem,marine5,class,False negatives,1
singlem,marine5,class,False positives,0
singlem,marine5,class,Completeness,0.981132075471698
singlem,marine5,class,Purity,1
singlem,marine5,class,F1 score,0.990476190476191
singlem,marine5,class,Jaccard index,0.981132075471698
singlem,marine5,order,True positives,104
singlem,marine5,order,False negatives,1
singlem,marine5,order,False positives,0
singlem,marine5,order,Completeness,0.990476190476191
singlem,marine5,order,Purity,1
singlem,marine5,order,F1 score,0.995215311004785
singlem,marine5,order,Jaccard index,0.990476190476191
singlem,marine5,family,True positives,174
singlem,marine5,family,False negatives,1
singlem,marine5,family,False positives,0
singlem,marine5,family,Completeness,0.994285714285714
singlem,marine5,family,Purity,1
singlem,marine5,family,F1 score,0.997134670487106
singlem,marine5,family,Jaccard index,0.994285714285714
singlem,marine5,genus,True positives,326
singlem,marine5,genus,False negatives,3
singlem,marine5,genus,False positives,1
singlem,marine5,genus,Completeness,0.990881458966565
singlem,marine5,genus,Purity,0.996941896024465
singlem,marine5,genus,F1 score,0.99390243902439
singlem,marine5,genus,Jaccard index,0.987878787878788
singlem,marine5,species,True positives,413
singlem,marine5,species,False negatives,77
singlem,marine5,species,False positives,27
singlem,marine5,species,Completeness,0.842857142857143
singlem,marine5,species,Purity,0.938636363636364
singlem,marine5,species,F1 score,0.888172043010753
singlem,marine5,species,Jaccard index,0.798839458413927
singlem,marine5,kingdom,L1 norm error,0.00467035469207168
singlem,marine5,phylum,L1 norm error,0.0382657073577923
singlem,marine5,class,L1 norm error,0.0415459162609051
singlem,marine5,order,L1 norm error,0.0605476318768527
singlem,marine5,family,L1 norm error,0.0716475929185235
singlem,marine5,genus,L1 norm error,0.105800529865723
singlem,marine5,species,L1 norm error,0.329826346039675
singlem,marine5,na,Weighted UniFrac error,0.00461544106646165
singlem,marine5,na,Unweighted UniFrac error,0.282689470385923
singlem,marine5,na,Weighted UniFrac (CAMI),0.652304079011546
singlem,marine5,na,Unweighted UniFrac (CAMI),1099
singlem,marine5,phylum,Sum of abundances,0.992973053446479
singlem,marine5,class,Sum of abundances,0.990245645377401
singlem,marine5,order,Sum of abundances,0.982516004168527
singlem,marine5,family,Sum of abundances,0.972696144111954
singlem,marine5,genus,Sum of abundances,0.945118356409111
singlem,marine5,species,Sum of abundances,0.862569599523596
singlem,marine5,phylum,Taxon counts,35
singlem,marine5,class,Taxon counts,52
singlem,marine5,order,Taxon counts,104
singlem,marine5,family,Taxon counts,174
singlem,marine5,genus,Taxon counts,327
singlem,marine5,species,Taxon counts,440
metaphlan,marine5,kingdom,Bray-Curtis distance,0.00157653168327761
metaphlan,marine5,phylum,Bray-Curtis distance,0.0704306862367774
metaphlan,marine5,class,Bray-Curtis distance,0.0786236649830624
metaphlan,marine5,order,Bray-Curtis distance,0.107278260569919
metaphlan,marine5,family,Bray-Curtis distance,0.120244046491791
metaphlan,marine5,genus,Bray-Curtis distance,0.13867881847317
metaphlan,marine5,species,Bray-Curtis distance,0.246584242999944
metaphlan,marine5,phylum,Shannon diversity,1.93062571335902
metaphlan,marine5,phylum,Shannon equitability,0.567631188877233
metaphlan,marine5,class,Shannon diversity,2.24304274402566
metaphlan,marine5,class,Shannon equitability,0.589241297344697
metaphlan,marine5,order,Shannon diversity,3.2540764519254
metaphlan,marine5,order,Shannon equitability,0.719643653496299
metaphlan,marine5,family,Shannon diversity,3.93209059103036
metaphlan,marine5,family,Shannon equitability,0.78370964325692
metaphlan,marine5,genus,Shannon diversity,4.65844716462715
metaphlan,marine5,genus,Shannon equitability,0.822616929955216
metaphlan,marine5,species,Shannon diversity,5.06365010943841
metaphlan,marine5,species,Shannon equitability,0.836353264081923
metaphlan,marine5,kingdom,True positives,2
metaphlan,marine5,kingdom,False negatives,0
metaphlan,marine5,kingdom,False positives,0
metaphlan,marine5,kingdom,Completeness,1
metaphlan,marine5,kingdom,Purity,1
metaphlan,marine5,kingdom,F1 score,1
metaphlan,marine5,kingdom,Jaccard index,1
metaphlan,marine5,phylum,True positives,30
metaphlan,marine5,phylum,False negatives,5
metaphlan,marine5,phylum,False positives,0
metaphlan,marine5,phylum,Completeness,0.857142857142857
metaphlan,marine5,phylum,Purity,1
metaphlan,marine5,phylum,F1 score,0.923076923076923
metaphlan,marine5,phylum,Jaccard index,0.857142857142857
metaphlan,marine5,class,True positives,45
metaphlan,marine5,class,False negatives,8
metaphlan,marine5,class,False positives,0
metaphlan,marine5,class,Completeness,0.849056603773585
metaphlan,marine5,class,Purity,1
metaphlan,marine5,class,F1 score,0.918367346938776
metaphlan,marine5,class,Jaccard index,0.849056603773585
metaphlan,marine5,order,True positives,92
metaphlan,marine5,order,False negatives,13
metaphlan,marine5,order,False positives,0
metaphlan,marine5,order,Completeness,0.876190476190476
metaphlan,marine5,order,Purity,1
metaphlan,marine5,order,F1 score,0.934010152284264
metaphlan,marine5,order,Jaccard index,0.876190476190476
metaphlan,marine5,family,True positives,151
metaphlan,marine5,family,False negatives,24
metaphlan,marine5,family,False positives,0
metaphlan,marine5,family,Completeness,0.862857142857143
metaphlan,marine5,family,Purity,1
metaphlan,marine5,family,F1 score,0.92638036809816
metaphlan,marine5,family,Jaccard index,0.862857142857143
metaphlan,marine5,genus,True positives,288
metaphlan,marine5,genus,False negatives,41
metaphlan,marine5,genus,False positives,0
metaphlan,marine5,genus,Completeness,0.875379939209726
metaphlan,marine5,genus,Purity,1
metaphlan,marine5,genus,F1 score,0.93354943273906
metaphlan,marine5,genus,Jaccard index,0.875379939209726
metaphlan,marine5,species,True positives,383
metaphlan,marine5,species,False negatives,107
metaphlan,marine5,species,False positives,43
metaphlan,marine5,species,Completeness,0.781632653061225
metaphlan,marine5,species,Purity,0.89906103286385
metaphlan,marine5,species,F1 score,0.836244541484716
metaphlan,marine5,species,Jaccard index,0.718574108818011
metaphlan,marine5,kingdom,L1 norm error,0.00315306336655522
metaphlan,marine5,phylum,L1 norm error,0.140861372473555
metaphlan,marine5,class,L1 norm error,0.157247329966125
metaphlan,marine5,order,L1 norm error,0.214556521139839
metaphlan,marine5,family,L1 norm error,0.240488092983582
metaphlan,marine5,genus,L1 norm error,0.277357636946339
metaphlan,marine5,species,L1 norm error,0.493168485999888
metaphlan,marine5,na,Weighted UniFrac error,0.0120545316087665
metaphlan,marine5,na,Unweighted UniFrac error,0.167175737000614
metaphlan,marine5,na,Weighted UniFrac (CAMI),1.52683250287588
metaphlan,marine5,na,Unweighted UniFrac (CAMI),715
metaphlan,marine5,phylum,Sum of abundances,1
metaphlan,marine5,class,Sum of abundances,1
metaphlan,marine5,order,Sum of abundances,1
metaphlan,marine5,family,Sum of abundances,1
metaphlan,marine5,genus,Sum of abundances,1
metaphlan,marine5,species,Sum of abundances,1
metaphlan,marine5,phylum,Taxon counts,30
metaphlan,marine5,class,Taxon counts,45
metaphlan,marine5,order,Taxon counts,92
metaphlan,marine5,family,Taxon counts,151
metaphlan,marine5,genus,Taxon counts,288
metaphlan,marine5,species,Taxon counts,426
kraken,marine5,kingdom,Bray-Curtis distance,0.00557287237854362
kraken,marine5,phylum,Bray-Curtis distance,0.12620842286093
kraken,marine5,class,Bray-Curtis distance,0.142871727908571
kraken,marine5,order,Bray-Curtis distance,0.176583824114315
kraken,marine5,family,Bray-Curtis distance,0.1976925318585
kraken,marine5,genus,Bray-Curtis distance,0.215288227353893
kraken,marine5,species,Bray-Curtis distance,0.280508041772147
kraken,marine5,phylum,Shannon diversity,1.66801400266666
kraken,marine5,phylum,Shannon equitability,0.428594815509966
kraken,marine5,class,Shannon diversity,2.03407121823958
kraken,marine5,class,Shannon equitability,0.447708395717013
kraken,marine5,order,Shannon diversity,3.07486930488189
kraken,marine5,order,Shannon equitability,0.589015271738829
kraken,marine5,family,Shannon diversity,3.71255845628842
kraken,marine5,family,Shannon equitability,0.637887552585724
kraken,marine5,genus,Shannon diversity,4.45753661314944
kraken,marine5,genus,Shannon equitability,0.664865919250498
kraken,marine5,species,Shannon diversity,5.52151330018804
kraken,marine5,species,Shannon equitability,0.679197224412654
kraken,marine5,kingdom,True positives,2
kraken,marine5,kingdom,False negatives,0
kraken,marine5,kingdom,False positives,0
kraken,marine5,kingdom,Completeness,1
kraken,marine5,kingdom,Purity,1
kraken,marine5,kingdom,F1 score,1
kraken,marine5,kingdom,Jaccard index,1
kraken,marine5,phylum,True positives,35
kraken,marine5,phylum,False negatives,0
kraken,marine5,phylum,False positives,14
kraken,marine5,phylum,Completeness,1
kraken,marine5,phylum,Purity,0.714285714285714
kraken,marine5,phylum,F1 score,0.833333333333333
kraken,marine5,phylum,Jaccard index,0.714285714285714
kraken,marine5,class,True positives,53
kraken,marine5,class,False negatives,0
kraken,marine5,class,False positives,41
kraken,marine5,class,Completeness,1
kraken,marine5,class,Purity,0.563829787234043
kraken,marine5,class,F1 score,0.72108843537415
kraken,marine5,class,Jaccard index,0.563829787234043
kraken,marine5,order,True positives,104
kraken,marine5,order,False negatives,1
kraken,marine5,order,False positives,81
kraken,marine5,order,Completeness,0.990476190476191
kraken,marine5,order,Purity,0.562162162162162
kraken,marine5,order,F1 score,0.717241379310345
kraken,marine5,order,Jaccard index,0.559139784946237
kraken,marine5,family,True positives,166
kraken,marine5,family,False negatives,9
kraken,marine5,family,False positives,171
kraken,marine5,family,Completeness,0.948571428571429
kraken,marine5,family,Purity,0.492581602373887
kraken,marine5,family,F1 score,0.6484375
kraken,marine5,family,Jaccard index,0.479768786127168
kraken,marine5,genus,True positives,317
kraken,marine5,genus,False negatives,12
kraken,marine5,genus,False positives,499
kraken,marine5,genus,Completeness,0.963525835866261
kraken,marine5,genus,Purity,0.388480392156863
kraken,marine5,genus,F1 score,0.553711790393013
kraken,marine5,genus,Jaccard index,0.382850241545894
kraken,marine5,species,True positives,484
kraken,marine5,species,False negatives,6
kraken,marine5,species,False positives,2909
kraken,marine5,species,Completeness,0.987755102040816
kraken,marine5,species,Purity,0.142646625405246
kraken,marine5,species,F1 score,0.24929178470255
kraken,marine5,species,Jaccard index,0.142394822006473
kraken,marine5,kingdom,L1 norm error,0.0111457447570872
kraken,marine5,phylum,L1 norm error,0.25240801113226
kraken,marine5,class,L1 norm error,0.285720596340677
kraken,marine5,order,L1 norm error,0.353091717184261
kraken,marine5,family,L1 norm error,0.395252609720655
kraken,marine5,genus,L1 norm error,0.429889685262526
kraken,marine5,species,L1 norm error,0.557248860543288
kraken,marine5,na,Weighted UniFrac error,0.0191648687696904
kraken,marine5,na,Unweighted UniFrac error,6.40222503098012
kraken,marine5,na,Weighted UniFrac (CAMI),2.26570603059156
kraken,marine5,na,Unweighted UniFrac (CAMI),24453.92284
kraken,marine5,phylum,Sum of abundances,0.99993
kraken,marine5,class,Sum of abundances,0.999840000000001
kraken,marine5,order,Sum of abundances,0.999570000000003
kraken,marine5,family,Sum of abundances,0.999330000000004
kraken,marine5,genus,Sum of abundances,0.99681000000001
kraken,marine5,species,Sum of abundances,0.986570000000022
kraken,marine5,phylum,Taxon counts,49
kraken,marine5,class,Taxon counts,94
kraken,marine5,order,Taxon counts,185
kraken,marine5,family,Taxon counts,337
kraken,marine5,genus,Taxon counts,816
kraken,marine5,species,Taxon counts,3393
sourmash,marine5,kingdom,Bray-Curtis distance,0.00549038046915849
sourmash,marine5,phylum,Bray-Curtis distance,0.120307627271688
sourmash,marine5,class,Bray-Curtis distance,0.143528385872116
sourmash,marine5,order,Bray-Curtis distance,0.180327891332471
sourmash,marine5,family,Bray-Curtis distance,0.208601726445771
sourmash,marine5,genus,Bray-Curtis distance,0.25603938488802
sourmash,marine5,species,Bray-Curtis distance,0.321664066694157
sourmash,marine5,phylum,Shannon diversity,1.70381637080278
sourmash,marine5,phylum,Shannon equitability,0.516960165224557
sourmash,marine5,class,Shannon diversity,2.03691495843195
sourmash,marine5,class,Shannon equitability,0.572915766108885
sourmash,marine5,order,Shannon diversity,3.05709087218873
sourmash,marine5,order,Shannon equitability,0.717175804979901
sourmash,marine5,family,Shannon diversity,3.68691940345149
sourmash,marine5,family,Shannon equitability,0.778455430789921
sourmash,marine5,genus,Shannon diversity,4.24819593312237
sourmash,marine5,genus,Shannon equitability,0.81210241351799
sourmash,marine5,species,Shannon diversity,4.54895331429431
sourmash,marine5,species,Shannon equitability,0.812005860593295
sourmash,marine5,kingdom,True positives,2
sourmash,marine5,kingdom,False negatives,0
sourmash,marine5,kingdom,False positives,0
sourmash,marine5,kingdom,Completeness,1
sourmash,marine5,kingdom,Purity,1
sourmash,marine5,kingdom,F1 score,1
sourmash,marine5,kingdom,Jaccard index,1
sourmash,marine5,phylum,True positives,27
sourmash,marine5,phylum,False negatives,8
sourmash,marine5,phylum,False positives,0
sourmash,marine5,phylum,Completeness,0.771428571428571
sourmash,marine5,phylum,Purity,1
sourmash,marine5,phylum,F1 score,0.870967741935484
sourmash,marine5,phylum,Jaccard index,0.771428571428571
sourmash,marine5,class,True positives,35
sourmash,marine5,class,False negatives,18
sourmash,marine5,class,False positives,0
sourmash,marine5,class,Completeness,0.660377358490566
sourmash,marine5,class,Purity,1
sourmash,marine5,class,F1 score,0.795454545454545
sourmash,marine5,class,Jaccard index,0.660377358490566
sourmash,marine5,order,True positives,71
sourmash,marine5,order,False negatives,34
sourmash,marine5,order,False positives,0
sourmash,marine5,order,Completeness,0.676190476190476
sourmash,marine5,order,Purity,1
sourmash,marine5,order,F1 score,0.806818181818182
sourmash,marine5,order,Jaccard index,0.676190476190476
sourmash,marine5,family,True positives,114
sourmash,marine5,family,False negatives,61
sourmash,marine5,family,False positives,0
sourmash,marine5,family,Completeness,0.651428571428571
sourmash,marine5,family,Purity,1
sourmash,marine5,family,F1 score,0.788927335640138
sourmash,marine5,family,Jaccard index,0.651428571428571
sourmash,marine5,genus,True positives,187
sourmash,marine5,genus,False negatives,142
sourmash,marine5,genus,False positives,0
sourmash,marine5,genus,Completeness,0.56838905775076
sourmash,marine5,genus,Purity,1
sourmash,marine5,genus,F1 score,0.724806201550388
sourmash,marine5,genus,Jaccard index,0.56838905775076
sourmash,marine5,species,True positives,256
sourmash,marine5,species,False negatives,234
sourmash,marine5,species,False positives,15
sourmash,marine5,species,Completeness,0.522448979591837
sourmash,marine5,species,Purity,0.944649446494465
sourmash,marine5,species,F1 score,0.672798948751643
sourmash,marine5,species,Jaccard index,0.506930693069307
sourmash,marine5,kingdom,L1 norm error,0.010980760938317
sourmash,marine5,phylum,L1 norm error,0.240809927079415
sourmash,marine5,class,L1 norm error,0.286592278586069
sourmash,marine5,order,L1 norm error,0.358905026438413
sourmash,marine5,family,L1 norm error,0.415178193411487
sourmash,marine5,genus,L1 norm error,0.504621311963767
sourmash,marine5,species,L1 norm error,0.614701072436569
sourmash,marine5,na,Weighted UniFrac error,0.020005872957423
sourmash,marine5,na,Unweighted UniFrac error,0.397913372943999
sourmash,marine5,na,Weighted UniFrac (CAMI),2.43178857085404
sourmash,marine5,na,Unweighted UniFrac (CAMI),1612.19417475728
sourmash,marine5,phylum,Sum of abundances,1.00161812297735
sourmash,marine5,class,Sum of abundances,0.996763754045307
sourmash,marine5,order,Sum of abundances,0.990291262135922
sourmash,marine5,family,Sum of abundances,0.990291262135921
sourmash,marine5,genus,Sum of abundances,0.970873786407766
sourmash,marine5,species,Sum of abundances,0.911003236245953
sourmash,marine5,phylum,Taxon counts,27
sourmash,marine5,class,Taxon counts,35
sourmash,marine5,order,Taxon counts,71
sourmash,marine5,family,Taxon counts,114
sourmash,marine5,genus,Taxon counts,187
sourmash,marine5,species,Taxon counts,271
metabuli,marine5,kingdom,Bray-Curtis distance,0.00600168934351526
metabuli,marine5,phylum,Bray-Curtis distance,0.176642311714815
metabuli,marine5,class,Bray-Curtis distance,0.19655502839395
metabuli,marine5,order,Bray-Curtis distance,0.239274636068131
metabuli,marine5,family,Bray-Curtis distance,0.25807095755752
metabuli,marine5,genus,Bray-Curtis distance,0.326250319767805
metabuli,marine5,species,Bray-Curtis distance,0.503098753661888
metabuli,marine5,phylum,Shannon diversity,1.44246020961853
metabuli,marine5,phylum,Shannon equitability,0.356775146804189
metabuli,marine5,class,Shannon diversity,1.80137064678262
metabuli,marine5,class,Shannon equitability,0.375614954334598
metabuli,marine5,order,Shannon diversity,2.83028856927012
metabuli,marine5,order,Shannon equitability,0.497383090117339
metabuli,marine5,family,Shannon diversity,3.50170451484805
metabuli,marine5,family,Shannon equitability,0.542860331988634
metabuli,marine5,genus,Shannon diversity,4.25370448195448
metabuli,marine5,genus,Shannon equitability,0.552116442784604
metabuli,marine5,species,Shannon diversity,4.87637233354879
metabuli,marine5,species,Shannon equitability,0.552262321335872
metabuli,marine5,kingdom,True positives,2
metabuli,marine5,kingdom,False negatives,0
metabuli,marine5,kingdom,False positives,0
metabuli,marine5,kingdom,Completeness,1
metabuli,marine5,kingdom,Purity,1
metabuli,marine5,kingdom,F1 score,1
metabuli,marine5,kingdom,Jaccard index,1
metabuli,marine5,phylum,True positives,32
metabuli,marine5,phylum,False negatives,3
metabuli,marine5,phylum,False positives,25
metabuli,marine5,phylum,Completeness,0.914285714285714
metabuli,marine5,phylum,Purity,0.56140350877193
metabuli,marine5,phylum,F1 score,0.695652173913044
metabuli,marine5,phylum,Jaccard index,0.533333333333333
metabuli,marine5,class,True positives,48
metabuli,marine5,class,False negatives,5
metabuli,marine5,class,False positives,73
metabuli,marine5,class,Completeness,0.905660377358491
metabuli,marine5,class,Purity,0.396694214876033
metabuli,marine5,class,F1 score,0.551724137931035
metabuli,marine5,class,Jaccard index,0.380952380952381
metabuli,marine5,order,True positives,88
metabuli,marine5,order,False negatives,17
metabuli,marine5,order,False positives,208
metabuli,marine5,order,Completeness,0.838095238095238
metabuli,marine5,order,Purity,0.297297297297297
metabuli,marine5,order,F1 score,0.438902743142145
metabuli,marine5,order,Jaccard index,0.281150159744409
metabuli,marine5,family,True positives,145
metabuli,marine5,family,False negatives,30
metabuli,marine5,family,False positives,488
metabuli,marine5,family,Completeness,0.828571428571429
metabuli,marine5,family,Purity,0.229067930489731
metabuli,marine5,family,F1 score,0.358910891089109
metabuli,marine5,family,Jaccard index,0.218702865761689
metabuli,marine5,genus,True positives,229
metabuli,marine5,genus,False negatives,100
metabuli,marine5,genus,False positives,1989
metabuli,marine5,genus,Completeness,0.696048632218845
metabuli,marine5,genus,Purity,0.103246167718665
metabuli,marine5,genus,F1 score,0.179819395367099
metabuli,marine5,genus,Jaccard index,0.0987920621225194
metabuli,marine5,species,True positives,237
metabuli,marine5,species,False negatives,253
metabuli,marine5,species,False positives,6598
metabuli,marine5,species,Completeness,0.483673469387755
metabuli,marine5,species,Purity,0.0346744696415508
metabuli,marine5,species,F1 score,0.0647098976109215
metabuli,marine5,species,Jaccard index,0.0334367945823928
metabuli,marine5,kingdom,L1 norm error,0.0120033786870305
metabuli,marine5,phylum,L1 norm error,0.350164940621071
metabuli,marine5,class,L1 norm error,0.389099561749914
metabuli,marine5,order,L1 norm error,0.471106366337928
metabuli,marine5,family,L1 norm error,0.507169132325802
metabuli,marine5,genus,L1 norm error,0.636251873461538
metabuli,marine5,species,L1 norm error,0.944844425807554
metabuli,marine5,na,Weighted UniFrac error,0.0271955556246314
metabuli,marine5,na,Unweighted UniFrac error,13.4587274721985
metabuli,marine5,na,Weighted UniFrac (CAMI),3.31063967899086
metabuli,marine5,na,Unweighted UniFrac (CAMI),52009
metabuli,marine5,phylum,Sum of abundances,0.982338983348479
metabuli,marine5,class,Sum of abundances,0.979596070012775
metabuli,marine5,order,Sum of abundances,0.968893878930754
metabuli,marine5,family,Sum of abundances,0.965231334536211
metabuli,marine5,genus,Sum of abundances,0.950195401844704
metabuli,marine5,species,Sum of abundances,0.878049625307845
metabuli,marine5,phylum,Taxon counts,57
metabuli,marine5,class,Taxon counts,121
metabuli,marine5,order,Taxon counts,296
metabuli,marine5,family,Taxon counts,633
metabuli,marine5,genus,Taxon counts,2218
metabuli,marine5,species,Taxon counts,6835
sylph,marine5,kingdom,Bray-Curtis distance,4.80795776485754e-05
sylph,marine5,phylum,Bray-Curtis distance,0.00614843437761019
sylph,marine5,class,Bray-Curtis distance,0.00620102023565384
sylph,marine5,order,Bray-Curtis distance,0.0073651564498998
sylph,marine5,family,Bray-Curtis distance,0.00920790525628921
sylph,marine5,genus,Bray-Curtis distance,0.0125260052868151
sylph,marine5,species,Bray-Curtis distance,0.0229042460943641
sylph,marine5,phylum,Shannon diversity,1.9222436209297
sylph,marine5,phylum,Shannon equitability,0.54066257021385
sylph,marine5,class,Shannon diversity,2.26362741687291
sylph,marine5,class,Shannon equitability,0.570141306019915
sylph,marine5,order,Shannon diversity,3.35320601616104
sylph,marine5,order,Shannon equitability,0.720505926967673
sylph,marine5,family,Shannon diversity,4.04259219714962
sylph,marine5,family,Shannon equitability,0.782722114248346
sylph,marine5,genus,Shannon diversity,4.82911481801019
sylph,marine5,genus,Shannon equitability,0.833172308777031
sylph,marine5,species,Shannon diversity,5.31618786333346
sylph,marine5,species,Shannon equitability,0.859075785647832
sylph,marine5,kingdom,True positives,2
sylph,marine5,kingdom,False negatives,0
sylph,marine5,kingdom,False positives,0
sylph,marine5,kingdom,Completeness,1
sylph,marine5,kingdom,Purity,1
sylph,marine5,kingdom,F1 score,1
sylph,marine5,kingdom,Jaccard index,1
sylph,marine5,phylum,True positives,35
sylph,marine5,phylum,False negatives,0
sylph,marine5,phylum,False positives,0
sylph,marine5,phylum,Completeness,1
sylph,marine5,phylum,Purity,1
sylph,marine5,phylum,F1 score,1
sylph,marine5,phylum,Jaccard index,1
sylph,marine5,class,True positives,53
sylph,marine5,class,False negatives,0
sylph,marine5,class,False positives,0
sylph,marine5,class,Completeness,1
sylph,marine5,class,Purity,1
sylph,marine5,class,F1 score,1
sylph,marine5,class,Jaccard index,1
sylph,marine5,order,True positives,105
sylph,marine5,order,False negatives,0
sylph,marine5,order,False positives,0
sylph,marine5,order,Completeness,1
sylph,marine5,order,Purity,1
sylph,marine5,order,F1 score,1
sylph,marine5,order,Jaccard index,1
sylph,marine5,family,True positives,175
sylph,marine5,family,False negatives,0
sylph,marine5,family,False positives,0
sylph,marine5,family,Completeness,1
sylph,marine5,family,Purity,1
sylph,marine5,family,F1 score,1
sylph,marine5,family,Jaccard index,1
sylph,marine5,genus,True positives,329
sylph,marine5,genus,False negatives,0
sylph,marine5,genus,False positives,0
sylph,marine5,genus,Completeness,1
sylph,marine5,genus,Purity,1
sylph,marine5,genus,F1 score,1
sylph,marine5,genus,Jaccard index,1
sylph,marine5,species,True positives,482
sylph,marine5,species,False negatives,8
sylph,marine5,species,False positives,5
sylph,marine5,species,Completeness,0.983673469387755
sylph,marine5,species,Purity,0.989733059548255
sylph,marine5,species,F1 score,0.986693961105425
sylph,marine5,species,Jaccard index,0.973737373737374
sylph,marine5,kingdom,L1 norm error,9.61591552971508e-05
sylph,marine5,phylum,L1 norm error,0.0122968687552204
sylph,marine5,class,L1 norm error,0.0124020404713077
sylph,marine5,order,L1 norm error,0.0147303128997996
sylph,marine5,family,L1 norm error,0.0184158105125784
sylph,marine5,genus,L1 norm error,0.0250520105736301
sylph,marine5,species,L1 norm error,0.0458084921887281
sylph,marine5,na,Weighted UniFrac error,0.00099623134656813
sylph,marine5,na,Unweighted UniFrac error,0.0343388089234519
sylph,marine5,na,Weighted UniFrac (CAMI),0.128801694556562
sylph,marine5,na,Unweighted UniFrac (CAMI),181
sylph,marine5,phylum,Sum of abundances,1
sylph,marine5,class,Sum of abundances,1
sylph,marine5,order,Sum of abundances,1
sylph,marine5,family,Sum of abundances,1
sylph,marine5,genus,Sum of abundances,1
sylph,marine5,species,Sum of abundances,1
sylph,marine5,phylum,Taxon counts,35
sylph,marine5,class,Taxon counts,53
sylph,marine5,order,Taxon counts,105
sylph,marine5,family,Taxon counts,175
sylph,marine5,genus,Taxon counts,329
sylph,marine5,species,Taxon counts,487
metaphlan42,marine5,kingdom,Bray-Curtis distance,0.0015764384529051
metaphlan42,marine5,phylum,Bray-Curtis distance,0.0704295848090859
metaphlan42,marine5,class,Bray-Curtis distance,0.0786225607946678
metaphlan42,marine5,order,Bray-Curtis distance,0.107278391951054
metaphlan42,marine5,family,Bray-Curtis distance,0.120242776373504
metaphlan42,marine5,genus,Bray-Curtis distance,0.13867756388555
metaphlan42,marine5,species,Bray-Curtis distance,0.246584322803052
metaphlan42,marine5,phylum,Shannon diversity,1.93062436383155
metaphlan42,marine5,phylum,Shannon equitability,0.567630792097124
metaphlan42,marine5,class,Shannon diversity,2.24304158547288
metaphlan42,marine5,class,Shannon equitability,0.589240992995996
metaphlan42,marine5,order,Shannon diversity,3.25407372170279
metaphlan42,marine5,order,Shannon equitability,0.719643049703669
metaphlan42,marine5,family,Shannon diversity,3.9320894272059
metaphlan42,marine5,family,Shannon equitability,0.783709411293685
metaphlan42,marine5,genus,Shannon diversity,4.65844640773892
metaphlan42,marine5,genus,Shannon equitability,0.822616796299289
metaphlan42,marine5,species,Shannon diversity,5.06365129681351
metaphlan42,marine5,species,Shannon equitability,0.836353460198363
metaphlan42,marine5,kingdom,True positives,2
metaphlan42,marine5,kingdom,False negatives,0
metaphlan42,marine5,kingdom,False positives,0
metaphlan42,marine5,kingdom,Completeness,1
metaphlan42,marine5,kingdom,Purity,1
metaphlan42,marine5,kingdom,F1 score,1
metaphlan42,marine5,kingdom,Jaccard index,1
metaphlan42,marine5,phylum,True positives,30
metaphlan42,marine5,phylum,False negatives,5
metaphlan42,marine5,phylum,False positives,0
metaphlan42,marine5,phylum,Completeness,0.857142857142857
metaphlan42,marine5,phylum,Purity,1
metaphlan42,marine5,phylum,F1 score,0.923076923076923
metaphlan42,marine5,phylum,Jaccard index,0.857142857142857
metaphlan42,marine5,class,True positives,45
metaphlan42,marine5,class,False negatives,8
metaphlan42,marine5,class,False positives,0
metaphlan42,marine5,class,Completeness,0.849056603773585
metaphlan42,marine5,class,Purity,1
metaphlan42,marine5,class,F1 score,0.918367346938776
metaphlan42,marine5,class,Jaccard index,0.849056603773585
metaphlan42,marine5,order,True positives,92
metaphlan42,marine5,order,False negatives,13
metaphlan42,marine5,order,False positives,0
metaphlan42,marine5,order,Completeness,0.876190476190476
metaphlan42,marine5,order,Purity,1
metaphlan42,marine5,order,F1 score,0.934010152284264
metaphlan42,marine5,order,Jaccard index,0.876190476190476
metaphlan42,marine5,family,True positives,151
metaphlan42,marine5,family,False negatives,24
metaphlan42,marine5,family,False positives,0
metaphlan42,marine5,family,Completeness,0.862857142857143
metaphlan42,marine5,family,Purity,1
metaphlan42,marine5,family,F1 score,0.92638036809816
metaphlan42,marine5,family,Jaccard index,0.862857142857143
metaphlan42,marine5,genus,True positives,288
metaphlan42,marine5,genus,False negatives,41
metaphlan42,marine5,genus,False positives,0
metaphlan42,marine5,genus,Completeness,0.875379939209726
metaphlan42,marine5,genus,Purity,1
metaphlan42,marine5,genus,F1 score,0.93354943273906
metaphlan42,marine5,genus,Jaccard index,0.875379939209726
metaphlan42,marine5,species,True positives,383
metaphlan42,marine5,species,False negatives,107
metaphlan42,marine5,species,False positives,43
metaphlan42,marine5,species,Completeness,0.781632653061225
metaphlan42,marine5,species,Purity,0.89906103286385
metaphlan42,marine5,species,F1 score,0.836244541484716
metaphlan42,marine5,species,Jaccard index,0.718574108818011
metaphlan42,marine5,kingdom,L1 norm error,0.00315287690581019
metaphlan42,marine5,phylum,L1 norm error,0.140859169618172
metaphlan42,marine5,class,L1 norm error,0.157245121589336
metaphlan42,marine5,order,L1 norm error,0.214556783902108
metaphlan42,marine5,family,L1 norm error,0.240485552747008
metaphlan42,marine5,genus,L1 norm error,0.277355127771099
metaphlan42,marine5,species,L1 norm error,0.493168645606104
metaphlan42,marine5,na,Weighted UniFrac error,0.0120544314469647
metaphlan42,marine5,na,Unweighted UniFrac error,0.169282745394106
metaphlan42,marine5,na,Weighted UniFrac (CAMI),1.52682327813963
metaphlan42,marine5,na,Unweighted UniFrac (CAMI),708
metaphlan42,marine5,phylum,Sum of abundances,1
metaphlan42,marine5,class,Sum of abundances,1
metaphlan42,marine5,order,Sum of abundances,1
metaphlan42,marine5,family,Sum of abundances,1
metaphlan42,marine5,genus,Sum of abundances,1
metaphlan42,marine5,species,Sum of abundances,1
metaphlan42,marine5,phylum,Taxon counts,30
metaphlan42,marine5,class,Taxon counts,45
metaphlan42,marine5,order,Taxon counts,92
metaphlan42,marine5,family,Taxon counts,151
metaphlan42,marine5,genus,Taxon counts,288
metaphlan42,marine5,species,Taxon counts,426
metakssd,marine5,kingdom,Bray-Curtis distance,0.00233377449547385
metakssd,marine5,phylum,Bray-Curtis distance,0.0396550724759645
metakssd,marine5,class,Bray-Curtis distance,0.0417406439786295
metakssd,marine5,order,Bray-Curtis distance,0.0760552932585974
metakssd,marine5,family,Bray-Curtis distance,0.118587506932482
metakssd,marine5,genus,Bray-Curtis distance,0.141376644657354
metakssd,marine5,species,Bray-Curtis distance,0.239274496906537
metakssd,marine5,phylum,Shannon diversity,1.83337535981541
metakssd,marine5,phylum,Shannon equitability,0.515666913086244
metakssd,marine5,class,Shannon diversity,2.15035468306821
metakssd,marine5,class,Shannon equitability,0.541611229070647
metakssd,marine5,order,Shannon diversity,3.1876351653628
metakssd,marine5,order,Shannon equitability,0.684929592332025
metakssd,marine5,family,Shannon diversity,3.83214341712652
metakssd,marine5,family,Shannon equitability,0.74279944580357
metakssd,marine5,genus,Shannon diversity,4.52352296182358
metakssd,marine5,genus,Shannon equitability,0.781683631783228
metakssd,marine5,species,Shannon diversity,5.31569593226085
metakssd,marine5,species,Shannon equitability,0.8419506580607
metakssd,marine5,kingdom,True positives,2
metakssd,marine5,kingdom,False negatives,0
metakssd,marine5,kingdom,False positives,0
metakssd,marine5,kingdom,Completeness,1
metakssd,marine5,kingdom,Purity,1
metakssd,marine5,kingdom,F1 score,1
metakssd,marine5,kingdom,Jaccard index,1
metakssd,marine5,phylum,True positives,35
metakssd,marine5,phylum,False negatives,0
metakssd,marine5,phylum,False positives,0
metakssd,marine5,phylum,Completeness,1
metakssd,marine5,phylum,Purity,1
metakssd,marine5,phylum,F1 score,1
metakssd,marine5,phylum,Jaccard index,1
metakssd,marine5,class,True positives,53
metakssd,marine5,class,False negatives,0
metakssd,marine5,class,False positives,0
metakssd,marine5,class,Completeness,1
metakssd,marine5,class,Purity,1
metakssd,marine5,class,F1 score,1
metakssd,marine5,class,Jaccard index,1
metakssd,marine5,order,True positives,105
metakssd,marine5,order,False negatives,0
metakssd,marine5,order,False positives,0
metakssd,marine5,order,Completeness,1
metakssd,marine5,order,Purity,1
metakssd,marine5,order,F1 score,1
metakssd,marine5,order,Jaccard index,1
metakssd,marine5,family,True positives,174
metakssd,marine5,family,False negatives,1
metakssd,marine5,family,False positives,0
metakssd,marine5,family,Completeness,0.994285714285714
metakssd,marine5,family,Purity,1
metakssd,marine5,family,F1 score,0.997134670487106
metakssd,marine5,family,Jaccard index,0.994285714285714
metakssd,marine5,genus,True positives,326
metakssd,marine5,genus,False negatives,3
metakssd,marine5,genus,False positives,0
metakssd,marine5,genus,Completeness,0.990881458966565
metakssd,marine5,genus,Purity,1
metakssd,marine5,genus,F1 score,0.995419847328244
metakssd,marine5,genus,Jaccard index,0.990881458966565
metakssd,marine5,species,True positives,478
metakssd,marine5,species,False negatives,12
metakssd,marine5,species,False positives,74
metakssd,marine5,species,Completeness,0.975510204081633
metakssd,marine5,species,Purity,0.865942028985507
metakssd,marine5,species,F1 score,0.91746641074856
metakssd,marine5,species,Jaccard index,0.847517730496454
metakssd,marine5,kingdom,L1 norm error,0.0046675489909477
metakssd,marine5,phylum,L1 norm error,0.0793101449519289
metakssd,marine5,class,L1 norm error,0.083481287957259
metakssd,marine5,order,L1 norm error,0.152110586517195
metakssd,marine5,family,L1 norm error,0.237175013864965
metakssd,marine5,genus,L1 norm error,0.282753289314707
metakssd,marine5,species,L1 norm error,0.478548993813075
metakssd,marine5,na,Weighted UniFrac error,0.00955857199665797
metakssd,marine5,na,Unweighted UniFrac error,0.162091612922327
metakssd,marine5,na,Weighted UniFrac (CAMI),1.31804686541009
metakssd,marine5,na,Unweighted UniFrac (CAMI),677
metakssd,marine5,phylum,Sum of abundances,1
metakssd,marine5,class,Sum of abundances,1
metakssd,marine5,order,Sum of abundances,0.999999999999999
metakssd,marine5,family,Sum of abundances,0.999999999999998
metakssd,marine5,genus,Sum of abundances,0.999999999999996
metakssd,marine5,species,Sum of abundances,0.999999999999994
metakssd,marine5,phylum,Taxon counts,35
metakssd,marine5,class,Taxon counts,53
metakssd,marine5,order,Taxon counts,105
metakssd,marine5,family,Taxon counts,174
metakssd,marine5,genus,Taxon counts,326
metakssd,marine5,species,Taxon counts,552
singlem,marine6,kingdom,Bray-Curtis distance,0.00363736692627533
singlem,marine6,phylum,Bray-Curtis distance,0.0102602441225279
singlem,marine6,class,Bray-Curtis distance,0.0121659942504114
singlem,marine6,order,Bray-Curtis distance,0.0216990065257288
singlem,marine6,family,Bray-Curtis distance,0.0305301701582445
singlem,marine6,genus,Bray-Curtis distance,0.0440809597615136
singlem,marine6,species,Bray-Curtis distance,0.123204915499147
singlem,marine6,phylum,Shannon diversity,2.08936616443187
singlem,marine6,phylum,Shannon equitability,0.583048729563024
singlem,marine6,class,Shannon diversity,2.44614891178685
singlem,marine6,class,Shannon equitability,0.613226045336963
singlem,marine6,order,Shannon diversity,3.52928296930319
singlem,marine6,order,Shannon equitability,0.755277604708069
singlem,marine6,family,Shannon diversity,4.02193080082753
singlem,marine6,family,Shannon equitability,0.776167271711073
singlem,marine6,genus,Shannon diversity,4.61147049373242
singlem,marine6,genus,Shannon equitability,0.794377825567274
singlem,marine6,species,Shannon diversity,4.63946736073025
singlem,marine6,species,Shannon equitability,0.759141316315663
singlem,marine6,kingdom,True positives,2
singlem,marine6,kingdom,False negatives,0
singlem,marine6,kingdom,False positives,0
singlem,marine6,kingdom,Completeness,1
singlem,marine6,kingdom,Purity,1
singlem,marine6,kingdom,F1 score,1
singlem,marine6,kingdom,Jaccard index,1
singlem,marine6,phylum,True positives,36
singlem,marine6,phylum,False negatives,0
singlem,marine6,phylum,False positives,0
singlem,marine6,phylum,Completeness,1
singlem,marine6,phylum,Purity,1
singlem,marine6,phylum,F1 score,1
singlem,marine6,phylum,Jaccard index,1
singlem,marine6,class,True positives,54
singlem,marine6,class,False negatives,0
singlem,marine6,class,False positives,0
singlem,marine6,class,Completeness,1
singlem,marine6,class,Purity,1
singlem,marine6,class,F1 score,1
singlem,marine6,class,Jaccard index,1
singlem,marine6,order,True positives,107
singlem,marine6,order,False negatives,0
singlem,marine6,order,False positives,0
singlem,marine6,order,Completeness,1
singlem,marine6,order,Purity,1
singlem,marine6,order,F1 score,1
singlem,marine6,order,Jaccard index,1
singlem,marine6,family,True positives,178
singlem,marine6,family,False negatives,0
singlem,marine6,family,False positives,0
singlem,marine6,family,Completeness,1
singlem,marine6,family,Purity,1
singlem,marine6,family,F1 score,1
singlem,marine6,family,Jaccard index,1
singlem,marine6,genus,True positives,332
singlem,marine6,genus,False negatives,2
singlem,marine6,genus,False positives,0
singlem,marine6,genus,Completeness,0.994011976047904
singlem,marine6,genus,Purity,1
singlem,marine6,genus,F1 score,0.996996996996997
singlem,marine6,genus,Jaccard index,0.994011976047904
singlem,marine6,species,True positives,426
singlem,marine6,species,False negatives,70
singlem,marine6,species,False positives,25
singlem,marine6,species,Completeness,0.858870967741936
singlem,marine6,species,Purity,0.944567627494457
singlem,marine6,species,F1 score,0.899683210137276
singlem,marine6,species,Jaccard index,0.817658349328215
singlem,marine6,kingdom,L1 norm error,0.00727473385255067
singlem,marine6,phylum,L1 norm error,0.0204812793810929
singlem,marine6,class,L1 norm error,0.0242512067758366
singlem,marine6,order,L1 norm error,0.0430968446736142
singlem,marine6,family,L1 norm error,0.0603664848109474
singlem,marine6,genus,L1 norm error,0.0861399806903109
singlem,marine6,species,L1 norm error,0.231229979857284
singlem,marine6,na,Weighted UniFrac error,0.00335426472427715
singlem,marine6,na,Unweighted UniFrac error,0.283412390562909
singlem,marine6,na,Weighted UniFrac (CAMI),0.472840510041634
singlem,marine6,na,Unweighted UniFrac (CAMI),1101
singlem,marine6,phylum,Sum of abundances,0.996178564223753
singlem,marine6,class,Sum of abundances,0.993360039194213
singlem,marine6,order,Sum of abundances,0.986120637482348
singlem,marine6,family,Sum of abundances,0.977273120262832
singlem,marine6,genus,Sum of abundances,0.954131242975302
singlem,marine6,species,Sum of abundances,0.87679183838151
singlem,marine6,phylum,Taxon counts,36
singlem,marine6,class,Taxon counts,54
singlem,marine6,order,Taxon counts,107
singlem,marine6,family,Taxon counts,178
singlem,marine6,genus,Taxon counts,332
singlem,marine6,species,Taxon counts,451
metaphlan,marine6,kingdom,Bray-Curtis distance,0.00241584930535398
metaphlan,marine6,phylum,Bray-Curtis distance,0.0662381501764622
metaphlan,marine6,class,Bray-Curtis distance,0.0954739367638747
metaphlan,marine6,order,Bray-Curtis distance,0.113042100368767
metaphlan,marine6,family,Bray-Curtis distance,0.125988060487583
metaphlan,marine6,genus,Bray-Curtis distance,0.151498879950616
metaphlan,marine6,species,Bray-Curtis distance,0.238359639996377
metaphlan,marine6,phylum,Shannon diversity,2.05088131177871
metaphlan,marine6,phylum,Shannon equitability,0.597230330124715
metaphlan,marine6,class,Shannon diversity,2.39297019213824
metaphlan,marine6,class,Shannon equitability,0.625018105464935
metaphlan,marine6,order,Shannon diversity,3.52727805697009
metaphlan,marine6,order,Shannon equitability,0.776370063139009
metaphlan,marine6,family,Shannon diversity,4.01257813396214
metaphlan,marine6,family,Shannon equitability,0.796628130278489
metaphlan,marine6,genus,Shannon diversity,4.69844740229902
metaphlan,marine6,genus,Shannon equitability,0.827166307383054
metaphlan,marine6,species,Shannon diversity,5.13892338210209
metaphlan,marine6,species,Shannon equitability,0.846829759609696
metaphlan,marine6,kingdom,True positives,2
metaphlan,marine6,kingdom,False negatives,0
metaphlan,marine6,kingdom,False positives,0
metaphlan,marine6,kingdom,Completeness,1
metaphlan,marine6,kingdom,Purity,1
metaphlan,marine6,kingdom,F1 score,1
metaphlan,marine6,kingdom,Jaccard index,1
metaphlan,marine6,phylum,True positives,31
metaphlan,marine6,phylum,False negatives,5
metaphlan,marine6,phylum,False positives,0
metaphlan,marine6,phylum,Completeness,0.861111111111111
metaphlan,marine6,phylum,Purity,1
metaphlan,marine6,phylum,F1 score,0.925373134328358
metaphlan,marine6,phylum,Jaccard index,0.861111111111111
metaphlan,marine6,class,True positives,46
metaphlan,marine6,class,False negatives,8
metaphlan,marine6,class,False positives,0
metaphlan,marine6,class,Completeness,0.851851851851852
metaphlan,marine6,class,Purity,1
metaphlan,marine6,class,F1 score,0.92
metaphlan,marine6,class,Jaccard index,0.851851851851852
metaphlan,marine6,order,True positives,94
metaphlan,marine6,order,False negatives,13
metaphlan,marine6,order,False positives,0
metaphlan,marine6,order,Completeness,0.878504672897196
metaphlan,marine6,order,Purity,1
metaphlan,marine6,order,F1 score,0.935323383084577
metaphlan,marine6,order,Jaccard index,0.878504672897196
metaphlan,marine6,family,True positives,154
metaphlan,marine6,family,False negatives,24
metaphlan,marine6,family,False positives,0
metaphlan,marine6,family,Completeness,0.865168539325843
metaphlan,marine6,family,Purity,1
metaphlan,marine6,family,F1 score,0.927710843373494
metaphlan,marine6,family,Jaccard index,0.865168539325843
metaphlan,marine6,genus,True positives,293
metaphlan,marine6,genus,False negatives,41
metaphlan,marine6,genus,False positives,0
metaphlan,marine6,genus,Completeness,0.877245508982036
metaphlan,marine6,genus,Purity,1
metaphlan,marine6,genus,F1 score,0.934609250398724
metaphlan,marine6,genus,Jaccard index,0.877245508982036
metaphlan,marine6,species,True positives,389
metaphlan,marine6,species,False negatives,107
metaphlan,marine6,species,False positives,43
metaphlan,marine6,species,Completeness,0.784274193548387
metaphlan,marine6,species,Purity,0.900462962962963
metaphlan,marine6,species,F1 score,0.838362068965517
metaphlan,marine6,species,Jaccard index,0.721706864564007
metaphlan,marine6,kingdom,L1 norm error,0.00483169861070795
metaphlan,marine6,phylum,L1 norm error,0.132476300352924
metaphlan,marine6,class,L1 norm error,0.19094787352775
metaphlan,marine6,order,L1 norm error,0.226084200737533
metaphlan,marine6,family,L1 norm error,0.251976120975166
metaphlan,marine6,genus,L1 norm error,0.302997759901233
metaphlan,marine6,species,L1 norm error,0.476719279992754
metaphlan,marine6,na,Weighted UniFrac error,0.0126083228347086
metaphlan,marine6,na,Unweighted UniFrac error,0.157088379815273
metaphlan,marine6,na,Weighted UniFrac (CAMI),1.58603323409807
metaphlan,marine6,na,Unweighted UniFrac (CAMI),674
metaphlan,marine6,phylum,Sum of abundances,1
metaphlan,marine6,class,Sum of abundances,1
metaphlan,marine6,order,Sum of abundances,1
metaphlan,marine6,family,Sum of abundances,1
metaphlan,marine6,genus,Sum of abundances,1
metaphlan,marine6,species,Sum of abundances,1
metaphlan,marine6,phylum,Taxon counts,31
metaphlan,marine6,class,Taxon counts,46
metaphlan,marine6,order,Taxon counts,94
metaphlan,marine6,family,Taxon counts,154
metaphlan,marine6,genus,Taxon counts,293
metaphlan,marine6,species,Taxon counts,432
kraken,marine6,kingdom,Bray-Curtis distance,0.00745946497089745
kraken,marine6,phylum,Bray-Curtis distance,0.176580261315798
kraken,marine6,class,Bray-Curtis distance,0.195694771020349
kraken,marine6,order,Bray-Curtis distance,0.215510321059708
kraken,marine6,family,Bray-Curtis distance,0.229452649769195
kraken,marine6,genus,Bray-Curtis distance,0.251474150200815
kraken,marine6,species,Bray-Curtis distance,0.293130675416363
kraken,marine6,phylum,Shannon diversity,1.82971602360113
kraken,marine6,phylum,Shannon equitability,0.470144015767997
kraken,marine6,class,Shannon diversity,2.28345144223052
kraken,marine6,class,Shannon equitability,0.508718295299735
kraken,marine6,order,Shannon diversity,3.43687183796566
kraken,marine6,order,Shannon equitability,0.667678586824488
kraken,marine6,family,Shannon diversity,3.95357181226939
kraken,marine6,family,Shannon equitability,0.696030223798699
kraken,marine6,genus,Shannon diversity,4.8175293244376
kraken,marine6,genus,Shannon equitability,0.728451450174176
kraken,marine6,species,Shannon diversity,5.84604440061101
kraken,marine6,species,Shannon equitability,0.723443666985824
kraken,marine6,kingdom,True positives,2
kraken,marine6,kingdom,False negatives,0
kraken,marine6,kingdom,False positives,0
kraken,marine6,kingdom,Completeness,1
kraken,marine6,kingdom,Purity,1
kraken,marine6,kingdom,F1 score,1
kraken,marine6,kingdom,Jaccard index,1
kraken,marine6,phylum,True positives,36
kraken,marine6,phylum,False negatives,0
kraken,marine6,phylum,False positives,13
kraken,marine6,phylum,Completeness,1
kraken,marine6,phylum,Purity,0.73469387755102
kraken,marine6,phylum,F1 score,0.847058823529412
kraken,marine6,phylum,Jaccard index,0.73469387755102
kraken,marine6,class,True positives,54
kraken,marine6,class,False negatives,0
kraken,marine6,class,False positives,35
kraken,marine6,class,Completeness,1
kraken,marine6,class,Purity,0.606741573033708
kraken,marine6,class,F1 score,0.755244755244755
kraken,marine6,class,Jaccard index,0.606741573033708
kraken,marine6,order,True positives,106
kraken,marine6,order,False negatives,1
kraken,marine6,order,False positives,66
kraken,marine6,order,Completeness,0.990654205607477
kraken,marine6,order,Purity,0.616279069767442
kraken,marine6,order,F1 score,0.759856630824373
kraken,marine6,order,Jaccard index,0.61271676300578
kraken,marine6,family,True positives,169
kraken,marine6,family,False negatives,9
kraken,marine6,family,False positives,124
kraken,marine6,family,Completeness,0.949438202247191
kraken,marine6,family,Purity,0.57679180887372
kraken,marine6,family,F1 score,0.717622080679405
kraken,marine6,family,Jaccard index,0.559602649006623
kraken,marine6,genus,True positives,322
kraken,marine6,genus,False negatives,12
kraken,marine6,genus,False positives,423
kraken,marine6,genus,Completeness,0.964071856287425
kraken,marine6,genus,Purity,0.432214765100671
kraken,marine6,genus,F1 score,0.596848934198332
kraken,marine6,genus,Jaccard index,0.425363276089828
kraken,marine6,species,True positives,490
kraken,marine6,species,False negatives,6
kraken,marine6,species,False positives,2742
kraken,marine6,species,Completeness,0.987903225806452
kraken,marine6,species,Purity,0.151608910891089
kraken,marine6,species,F1 score,0.262875536480687
kraken,marine6,species,Jaccard index,0.151327980234713
kraken,marine6,kingdom,L1 norm error,0.0149189299417949
kraken,marine6,phylum,L1 norm error,0.353151693618531
kraken,marine6,class,L1 norm error,0.391371929511306
kraken,marine6,order,L1 norm error,0.430947368610256
kraken,marine6,family,L1 norm error,0.458740093630556
kraken,marine6,genus,L1 norm error,0.502236628556561
kraken,marine6,species,L1 norm error,0.583306593624523
kraken,marine6,na,Weighted UniFrac error,0.0239567837254908
kraken,marine6,na,Unweighted UniFrac error,5.82336473004018
kraken,marine6,na,Weighted UniFrac (CAMI),2.71414471114332
kraken,marine6,na,Unweighted UniFrac (CAMI),22439.90304
kraken,marine6,phylum,Sum of abundances,0.999950000000001
kraken,marine6,class,Sum of abundances,0.999910000000001
kraken,marine6,order,Sum of abundances,0.999660000000001
kraken,marine6,family,Sum of abundances,0.999280000000002
kraken,marine6,genus,Sum of abundances,0.997170000000007
kraken,marine6,species,Sum of abundances,0.989920000000012
kraken,marine6,phylum,Taxon counts,49
kraken,marine6,class,Taxon counts,89
kraken,marine6,order,Taxon counts,172
kraken,marine6,family,Taxon counts,293
kraken,marine6,genus,Taxon counts,745
kraken,marine6,species,Taxon counts,3232
sourmash,marine6,kingdom,Bray-Curtis distance,0.00678393182968705
sourmash,marine6,phylum,Bray-Curtis distance,0.195348635524366
sourmash,marine6,class,Bray-Curtis distance,0.218580664542773
sourmash,marine6,order,Bray-Curtis distance,0.242692560154838
sourmash,marine6,family,Bray-Curtis distance,0.257803426541467
sourmash,marine6,genus,Bray-Curtis distance,0.297520189895872
sourmash,marine6,species,Bray-Curtis distance,0.348379314794271
sourmash,marine6,phylum,Shannon diversity,1.81654821489677
sourmash,marine6,phylum,Shannon equitability,0.534090795403654
sourmash,marine6,class,Shannon diversity,2.27984690951531
sourmash,marine6,class,Shannon equitability,0.602466348166248
sourmash,marine6,order,Shannon diversity,3.42826276451074
sourmash,marine6,order,Shannon equitability,0.765692398531396
sourmash,marine6,family,Shannon diversity,3.93585808502841
sourmash,marine6,family,Shannon equitability,0.797624658345554
sourmash,marine6,genus,Shannon diversity,4.59140958472686
sourmash,marine6,genus,Shannon equitability,0.850550425876555
sourmash,marine6,species,Shannon diversity,4.84893465594453
sourmash,marine6,species,Shannon equitability,0.848645678927973
sourmash,marine6,kingdom,True positives,2
sourmash,marine6,kingdom,False negatives,0
sourmash,marine6,kingdom,False positives,0
sourmash,marine6,kingdom,Completeness,1
sourmash,marine6,kingdom,Purity,1
sourmash,marine6,kingdom,F1 score,1
sourmash,marine6,kingdom,Jaccard index,1
sourmash,marine6,phylum,True positives,30
sourmash,marine6,phylum,False negatives,6
sourmash,marine6,phylum,False positives,0
sourmash,marine6,phylum,Completeness,0.833333333333333
sourmash,marine6,phylum,Purity,1
sourmash,marine6,phylum,F1 score,0.909090909090909
sourmash,marine6,phylum,Jaccard index,0.833333333333333
sourmash,marine6,class,True positives,44
sourmash,marine6,class,False negatives,10
sourmash,marine6,class,False positives,0
sourmash,marine6,class,Completeness,0.814814814814815
sourmash,marine6,class,Purity,1
sourmash,marine6,class,F1 score,0.897959183673469
sourmash,marine6,class,Jaccard index,0.814814814814815
sourmash,marine6,order,True positives,88
sourmash,marine6,order,False negatives,19
sourmash,marine6,order,False positives,0
sourmash,marine6,order,Completeness,0.822429906542056
sourmash,marine6,order,Purity,1
sourmash,marine6,order,F1 score,0.902564102564103
sourmash,marine6,order,Jaccard index,0.822429906542056
sourmash,marine6,family,True positives,139
sourmash,marine6,family,False negatives,39
sourmash,marine6,family,False positives,0
sourmash,marine6,family,Completeness,0.780898876404494
sourmash,marine6,family,Purity,1
sourmash,marine6,family,F1 score,0.876971608832808
sourmash,marine6,family,Jaccard index,0.780898876404494
sourmash,marine6,genus,True positives,221
sourmash,marine6,genus,False negatives,113
sourmash,marine6,genus,False positives,0
sourmash,marine6,genus,Completeness,0.661676646706587
sourmash,marine6,genus,Purity,1
sourmash,marine6,genus,F1 score,0.796396396396396
sourmash,marine6,genus,Jaccard index,0.661676646706587
sourmash,marine6,species,True positives,297
sourmash,marine6,species,False negatives,199
sourmash,marine6,species,False positives,6
sourmash,marine6,species,Completeness,0.598790322580645
sourmash,marine6,species,Purity,0.98019801980198
sourmash,marine6,species,F1 score,0.74342928660826
sourmash,marine6,species,Jaccard index,0.591633466135458
sourmash,marine6,kingdom,L1 norm error,0.0135678636593741
sourmash,marine6,phylum,L1 norm error,0.390697271048732
sourmash,marine6,class,L1 norm error,0.437161329085545
sourmash,marine6,order,L1 norm error,0.486084522500324
sourmash,marine6,family,L1 norm error,0.51709275179499
sourmash,marine6,genus,L1 norm error,0.590753345355203
sourmash,marine6,species,L1 norm error,0.673165217779708
sourmash,marine6,na,Weighted UniFrac error,0.0270970690820089
sourmash,marine6,na,Unweighted UniFrac error,0.324198470796703
sourmash,marine6,na,Weighted UniFrac (CAMI),3.1085223012239
sourmash,marine6,na,Unweighted UniFrac (CAMI),1321.15706051873
sourmash,marine6,phylum,Sum of abundances,1
sourmash,marine6,class,Sum of abundances,1
sourmash,marine6,order,Sum of abundances,1.0028818443804
sourmash,marine6,family,Sum of abundances,1.0057636887608
sourmash,marine6,genus,Sum of abundances,0.985590778097978
sourmash,marine6,species,Sum of abundances,0.932276657060514
sourmash,marine6,phylum,Taxon counts,30
sourmash,marine6,class,Taxon counts,44
sourmash,marine6,order,Taxon counts,88
sourmash,marine6,family,Taxon counts,139
sourmash,marine6,genus,Taxon counts,221
sourmash,marine6,species,Taxon counts,303
metabuli,marine6,kingdom,Bray-Curtis distance,0.00867248988050569
metabuli,marine6,phylum,Bray-Curtis distance,0.229352313818253
metabuli,marine6,class,Bray-Curtis distance,0.258192370440228
metabuli,marine6,order,Bray-Curtis distance,0.28383478678851
metabuli,marine6,family,Bray-Curtis distance,0.303611195320559
metabuli,marine6,genus,Bray-Curtis distance,0.389022378945133
metabuli,marine6,species,Bray-Curtis distance,0.546482581114497
metabuli,marine6,phylum,Shannon diversity,1.55175761832281
metabuli,marine6,phylum,Shannon equitability,0.383808543480066
metabuli,marine6,class,Shannon diversity,2.00294591405643
metabuli,marine6,class,Shannon equitability,0.417646662216187
metabuli,marine6,order,Shannon diversity,3.15587154839463
metabuli,marine6,order,Shannon equitability,0.554599682801499
metabuli,marine6,family,Shannon diversity,3.67990407874067
metabuli,marine6,family,Shannon equitability,0.570486156499179
metabuli,marine6,genus,Shannon diversity,4.65742487331543
metabuli,marine6,genus,Shannon equitability,0.604517982972323
metabuli,marine6,species,Shannon diversity,5.35771954939961
metabuli,marine6,species,Shannon equitability,0.606796303613705
metabuli,marine6,kingdom,True positives,2
metabuli,marine6,kingdom,False negatives,0
metabuli,marine6,kingdom,False positives,0
metabuli,marine6,kingdom,Completeness,1
metabuli,marine6,kingdom,Purity,1
metabuli,marine6,kingdom,F1 score,1
metabuli,marine6,kingdom,Jaccard index,1
metabuli,marine6,phylum,True positives,33
metabuli,marine6,phylum,False negatives,3
metabuli,marine6,phylum,False positives,24
metabuli,marine6,phylum,Completeness,0.916666666666667
metabuli,marine6,phylum,Purity,0.578947368421053
metabuli,marine6,phylum,F1 score,0.709677419354839
metabuli,marine6,phylum,Jaccard index,0.55
metabuli,marine6,class,True positives,49
metabuli,marine6,class,False negatives,5
metabuli,marine6,class,False positives,72
metabuli,marine6,class,Completeness,0.907407407407407
metabuli,marine6,class,Purity,0.40495867768595
metabuli,marine6,class,F1 score,0.56
metabuli,marine6,class,Jaccard index,0.388888888888889
metabuli,marine6,order,True positives,90
metabuli,marine6,order,False negatives,17
metabuli,marine6,order,False positives,206
metabuli,marine6,order,Completeness,0.841121495327103
metabuli,marine6,order,Purity,0.304054054054054
metabuli,marine6,order,F1 score,0.446650124069479
metabuli,marine6,order,Jaccard index,0.287539936102236
metabuli,marine6,family,True positives,148
metabuli,marine6,family,False negatives,30
metabuli,marine6,family,False positives,485
metabuli,marine6,family,Completeness,0.831460674157303
metabuli,marine6,family,Purity,0.233807266982622
metabuli,marine6,family,F1 score,0.36498150431566
metabuli,marine6,family,Jaccard index,0.223227752639517
metabuli,marine6,genus,True positives,231
metabuli,marine6,genus,False negatives,103
metabuli,marine6,genus,False positives,1987
metabuli,marine6,genus,Completeness,0.691616766467066
metabuli,marine6,genus,Purity,0.10414788097385
metabuli,marine6,genus,F1 score,0.181034482758621
metabuli,marine6,genus,Jaccard index,0.0995260663507109
metabuli,marine6,species,True positives,240
metabuli,marine6,species,False negatives,256
metabuli,marine6,species,False positives,6593
metabuli,marine6,species,Completeness,0.483870967741936
metabuli,marine6,species,Purity,0.0351236645690034
metabuli,marine6,species,F1 score,0.0654932460090053
metabuli,marine6,species,Jaccard index,0.0338552687261955
metabuli,marine6,kingdom,L1 norm error,0.0173449797610114
metabuli,marine6,phylum,L1 norm error,0.453102670219551
metabuli,marine6,class,L1 norm error,0.509323919698107
metabuli,marine6,order,L1 norm error,0.556989421504099
metabuli,marine6,family,L1 norm error,0.594476494540694
metabuli,marine6,genus,L1 norm error,0.754649918419563
metabuli,marine6,species,L1 norm error,1.02094668220752
metabuli,marine6,na,Weighted UniFrac error,0.0330203342520529
metabuli,marine6,na,Unweighted UniFrac error,13.3842263225371
metabuli,marine6,na,Weighted UniFrac (CAMI),3.90683408635054
metabuli,marine6,na,Unweighted UniFrac (CAMI),51977
metabuli,marine6,phylum,Sum of abundances,0.975574881614694
metabuli,marine6,class,Sum of abundances,0.97265286665787
metabuli,marine6,order,Sum of abundances,0.96237194110784
metabuli,marine6,family,Sum of abundances,0.958019018083421
metabuli,marine6,genus,Sum of abundances,0.939862484173429
metabuli,marine6,species,Sum of abundances,0.868214500314726
metabuli,marine6,phylum,Taxon counts,57
metabuli,marine6,class,Taxon counts,121
metabuli,marine6,order,Taxon counts,296
metabuli,marine6,family,Taxon counts,633
metabuli,marine6,genus,Taxon counts,2218
metabuli,marine6,species,Taxon counts,6833
sylph,marine6,kingdom,Bray-Curtis distance,8.35970813507625e-05
sylph,marine6,phylum,Bray-Curtis distance,0.00467912266395291
sylph,marine6,class,Bray-Curtis distance,0.00497048337708491
sylph,marine6,order,Bray-Curtis distance,0.0076224917707207
sylph,marine6,family,Bray-Curtis distance,0.00937002539837989
sylph,marine6,genus,Bray-Curtis distance,0.0127203466475592
sylph,marine6,species,Bray-Curtis distance,0.0183721024435873
sylph,marine6,phylum,Shannon diversity,2.09630590868481
sylph,marine6,phylum,Shannon equitability,0.584985302069579
sylph,marine6,class,Shannon diversity,2.46585290341283
sylph,marine6,class,Shannon equitability,0.61816564684852
sylph,marine6,order,Shannon diversity,3.58416507371146
sylph,marine6,order,Shannon equitability,0.767022546873193
sylph,marine6,family,Shannon diversity,4.13063311815806
sylph,marine6,family,Shannon equitability,0.797145052097983
sylph,marine6,genus,Shannon diversity,4.87257707685609
sylph,marine6,genus,Shannon equitability,0.838488875548717
sylph,marine6,species,Shannon diversity,5.37628695671667
sylph,marine6,species,Shannon equitability,0.86764067356002
sylph,marine6,kingdom,True positives,2
sylph,marine6,kingdom,False negatives,0
sylph,marine6,kingdom,False positives,0
sylph,marine6,kingdom,Completeness,1
sylph,marine6,kingdom,Purity,1
sylph,marine6,kingdom,F1 score,1
sylph,marine6,kingdom,Jaccard index,1
sylph,marine6,phylum,True positives,36
sylph,marine6,phylum,False negatives,0
sylph,marine6,phylum,False positives,0
sylph,marine6,phylum,Completeness,1
sylph,marine6,phylum,Purity,1
sylph,marine6,phylum,F1 score,1
sylph,marine6,phylum,Jaccard index,1
sylph,marine6,class,True positives,54
sylph,marine6,class,False negatives,0
sylph,marine6,class,False positives,0
sylph,marine6,class,Completeness,1
sylph,marine6,class,Purity,1
sylph,marine6,class,F1 score,1
sylph,marine6,class,Jaccard index,1
sylph,marine6,order,True positives,107
sylph,marine6,order,False negatives,0
sylph,marine6,order,False positives,0
sylph,marine6,order,Completeness,1
sylph,marine6,order,Purity,1
sylph,marine6,order,F1 score,1
sylph,marine6,order,Jaccard index,1
sylph,marine6,family,True positives,178
sylph,marine6,family,False negatives,0
sylph,marine6,family,False positives,0
sylph,marine6,family,Completeness,1
sylph,marine6,family,Purity,1
sylph,marine6,family,F1 score,1
sylph,marine6,family,Jaccard index,1
sylph,marine6,genus,True positives,334
sylph,marine6,genus,False negatives,0
sylph,marine6,genus,False positives,0
sylph,marine6,genus,Completeness,1
sylph,marine6,genus,Purity,1
sylph,marine6,genus,F1 score,1
sylph,marine6,genus,Jaccard index,1
sylph,marine6,species,True positives,489
sylph,marine6,species,False negatives,7
sylph,marine6,species,False positives,2
sylph,marine6,species,Completeness,0.985887096774194
sylph,marine6,species,Purity,0.995926680244399
sylph,marine6,species,F1 score,0.990881458966565
sylph,marine6,species,Jaccard index,0.981927710843373
sylph,marine6,kingdom,L1 norm error,0.000167194162701525
sylph,marine6,phylum,L1 norm error,0.00935824532790582
sylph,marine6,class,L1 norm error,0.00994096675416982
sylph,marine6,order,L1 norm error,0.0152449835414414
sylph,marine6,family,L1 norm error,0.0187400507967598
sylph,marine6,genus,L1 norm error,0.0254406932951183
sylph,marine6,species,L1 norm error,0.0367442048871746
sylph,marine6,na,Weighted UniFrac error,0.000882298064620545
sylph,marine6,na,Unweighted UniFrac error,0.034420595377076
sylph,marine6,na,Weighted UniFrac (CAMI),0.115636338765268
sylph,marine6,na,Unweighted UniFrac (CAMI),179
sylph,marine6,phylum,Sum of abundances,1
sylph,marine6,class,Sum of abundances,1
sylph,marine6,order,Sum of abundances,1
sylph,marine6,family,Sum of abundances,1
sylph,marine6,genus,Sum of abundances,1
sylph,marine6,species,Sum of abundances,1
sylph,marine6,phylum,Taxon counts,36
sylph,marine6,class,Taxon counts,54
sylph,marine6,order,Taxon counts,107
sylph,marine6,family,Taxon counts,178
sylph,marine6,genus,Taxon counts,334
sylph,marine6,species,Taxon counts,491
metaphlan42,marine6,kingdom,Bray-Curtis distance,0.00241584930535398
metaphlan42,marine6,phylum,Bray-Curtis distance,0.0662381501764622
metaphlan42,marine6,class,Bray-Curtis distance,0.0954739367638747
metaphlan42,marine6,order,Bray-Curtis distance,0.113042100368767
metaphlan42,marine6,family,Bray-Curtis distance,0.125988060487583
metaphlan42,marine6,genus,Bray-Curtis distance,0.151498879950616
metaphlan42,marine6,species,Bray-Curtis distance,0.238359639996377
metaphlan42,marine6,phylum,Shannon diversity,2.05088131177871
metaphlan42,marine6,phylum,Shannon equitability,0.597230330124715
metaphlan42,marine6,class,Shannon diversity,2.39297019213824
metaphlan42,marine6,class,Shannon equitability,0.625018105464934
metaphlan42,marine6,order,Shannon diversity,3.52727805697009
metaphlan42,marine6,order,Shannon equitability,0.776370063139009
metaphlan42,marine6,family,Shannon diversity,4.01257813396214
metaphlan42,marine6,family,Shannon equitability,0.796628130278489
metaphlan42,marine6,genus,Shannon diversity,4.69844740229902
metaphlan42,marine6,genus,Shannon equitability,0.827166307383054
metaphlan42,marine6,species,Shannon diversity,5.13892338210209
metaphlan42,marine6,species,Shannon equitability,0.846829759609696
metaphlan42,marine6,kingdom,True positives,2
metaphlan42,marine6,kingdom,False negatives,0
metaphlan42,marine6,kingdom,False positives,0
metaphlan42,marine6,kingdom,Completeness,1
metaphlan42,marine6,kingdom,Purity,1
metaphlan42,marine6,kingdom,F1 score,1
metaphlan42,marine6,kingdom,Jaccard index,1
metaphlan42,marine6,phylum,True positives,31
metaphlan42,marine6,phylum,False negatives,5
metaphlan42,marine6,phylum,False positives,0
metaphlan42,marine6,phylum,Completeness,0.861111111111111
metaphlan42,marine6,phylum,Purity,1
metaphlan42,marine6,phylum,F1 score,0.925373134328358
metaphlan42,marine6,phylum,Jaccard index,0.861111111111111
metaphlan42,marine6,class,True positives,46
metaphlan42,marine6,class,False negatives,8
metaphlan42,marine6,class,False positives,0
metaphlan42,marine6,class,Completeness,0.851851851851852
metaphlan42,marine6,class,Purity,1
metaphlan42,marine6,class,F1 score,0.92
metaphlan42,marine6,class,Jaccard index,0.851851851851852
metaphlan42,marine6,order,True positives,94
metaphlan42,marine6,order,False negatives,13
metaphlan42,marine6,order,False positives,0
metaphlan42,marine6,order,Completeness,0.878504672897196
metaphlan42,marine6,order,Purity,1
metaphlan42,marine6,order,F1 score,0.935323383084577
metaphlan42,marine6,order,Jaccard index,0.878504672897196
metaphlan42,marine6,family,True positives,154
metaphlan42,marine6,family,False negatives,24
metaphlan42,marine6,family,False positives,0
metaphlan42,marine6,family,Completeness,0.865168539325843
metaphlan42,marine6,family,Purity,1
metaphlan42,marine6,family,F1 score,0.927710843373494
metaphlan42,marine6,family,Jaccard index,0.865168539325843
metaphlan42,marine6,genus,True positives,293
metaphlan42,marine6,genus,False negatives,41
metaphlan42,marine6,genus,False positives,0
metaphlan42,marine6,genus,Completeness,0.877245508982036
metaphlan42,marine6,genus,Purity,1
metaphlan42,marine6,genus,F1 score,0.934609250398724
metaphlan42,marine6,genus,Jaccard index,0.877245508982036
metaphlan42,marine6,species,True positives,389
metaphlan42,marine6,species,False negatives,107
metaphlan42,marine6,species,False positives,43
metaphlan42,marine6,species,Completeness,0.784274193548387
metaphlan42,marine6,species,Purity,0.900462962962963
metaphlan42,marine6,species,F1 score,0.838362068965517
metaphlan42,marine6,species,Jaccard index,0.721706864564007
metaphlan42,marine6,kingdom,L1 norm error,0.00483169861070796
metaphlan42,marine6,phylum,L1 norm error,0.132476300352924
metaphlan42,marine6,class,L1 norm error,0.190947873527749
metaphlan42,marine6,order,L1 norm error,0.226084200737533
metaphlan42,marine6,family,L1 norm error,0.251976120975166
metaphlan42,marine6,genus,L1 norm error,0.302997759901233
metaphlan42,marine6,species,L1 norm error,0.476719279992754
metaphlan42,marine6,na,Weighted UniFrac error,0.0126083228347086
metaphlan42,marine6,na,Unweighted UniFrac error,0.161925143146254
metaphlan42,marine6,na,Weighted UniFrac (CAMI),1.58603323409807
metaphlan42,marine6,na,Unweighted UniFrac (CAMI),689
metaphlan42,marine6,phylum,Sum of abundances,1
metaphlan42,marine6,class,Sum of abundances,1
metaphlan42,marine6,order,Sum of abundances,1
metaphlan42,marine6,family,Sum of abundances,1
metaphlan42,marine6,genus,Sum of abundances,1
metaphlan42,marine6,species,Sum of abundances,1
metaphlan42,marine6,phylum,Taxon counts,31
metaphlan42,marine6,class,Taxon counts,46
metaphlan42,marine6,order,Taxon counts,94
metaphlan42,marine6,family,Taxon counts,154
metaphlan42,marine6,genus,Taxon counts,293
metaphlan42,marine6,species,Taxon counts,432
metakssd,marine6,kingdom,Bray-Curtis distance,0.00145577181764179
metakssd,marine6,phylum,Bray-Curtis distance,0.03870556333365
metakssd,marine6,class,Bray-Curtis distance,0.0406850066226784
metakssd,marine6,order,Bray-Curtis distance,0.0566764592534554
metakssd,marine6,family,Bray-Curtis distance,0.0754513124947423
metakssd,marine6,genus,Bray-Curtis distance,0.093107500764741
metakssd,marine6,species,Bray-Curtis distance,0.119479587885563
metakssd,marine6,phylum,Shannon diversity,2.06066497102655
metakssd,marine6,phylum,Shannon equitability,0.575039509045919
metakssd,marine6,class,Shannon diversity,2.45092232851116
metakssd,marine6,class,Shannon equitability,0.614422695077496
metakssd,marine6,order,Shannon diversity,3.57812085916629
metakssd,marine6,order,Shannon equitability,0.765729066037645
metakssd,marine6,family,Shannon diversity,4.11933997710297
metakssd,marine6,family,Shannon equitability,0.79583091485544
metakssd,marine6,genus,Shannon diversity,4.86933310386321
metakssd,marine6,genus,Shannon equitability,0.839671547602853
metakssd,marine6,species,Shannon diversity,5.5249264024254
metakssd,marine6,species,Shannon equitability,0.874839779644099
metakssd,marine6,kingdom,True positives,2
metakssd,marine6,kingdom,False negatives,0
metakssd,marine6,kingdom,False positives,0
metakssd,marine6,kingdom,Completeness,1
metakssd,marine6,kingdom,Purity,1
metakssd,marine6,kingdom,F1 score,1
metakssd,marine6,kingdom,Jaccard index,1
metakssd,marine6,phylum,True positives,36
metakssd,marine6,phylum,False negatives,0
metakssd,marine6,phylum,False positives,0
metakssd,marine6,phylum,Completeness,1
metakssd,marine6,phylum,Purity,1
metakssd,marine6,phylum,F1 score,1
metakssd,marine6,phylum,Jaccard index,1
metakssd,marine6,class,True positives,54
metakssd,marine6,class,False negatives,0
metakssd,marine6,class,False positives,0
metakssd,marine6,class,Completeness,1
metakssd,marine6,class,Purity,1
metakssd,marine6,class,F1 score,1
metakssd,marine6,class,Jaccard index,1
metakssd,marine6,order,True positives,107
metakssd,marine6,order,False negatives,0
metakssd,marine6,order,False positives,0
metakssd,marine6,order,Completeness,1
metakssd,marine6,order,Purity,1
metakssd,marine6,order,F1 score,1
metakssd,marine6,order,Jaccard index,1
metakssd,marine6,family,True positives,177
metakssd,marine6,family,False negatives,1
metakssd,marine6,family,False positives,0
metakssd,marine6,family,Completeness,0.99438202247191
metakssd,marine6,family,Purity,1
metakssd,marine6,family,F1 score,0.997183098591549
metakssd,marine6,family,Jaccard index,0.99438202247191
metakssd,marine6,genus,True positives,330
metakssd,marine6,genus,False negatives,4
metakssd,marine6,genus,False positives,0
metakssd,marine6,genus,Completeness,0.988023952095808
metakssd,marine6,genus,Purity,1
metakssd,marine6,genus,F1 score,0.993975903614458
metakssd,marine6,genus,Jaccard index,0.988023952095808
metakssd,marine6,species,True positives,481
metakssd,marine6,species,False negatives,15
metakssd,marine6,species,False positives,72
metakssd,marine6,species,Completeness,0.969758064516129
metakssd,marine6,species,Purity,0.869801084990959
metakssd,marine6,species,F1 score,0.917063870352717
metakssd,marine6,species,Jaccard index,0.846830985915493
metakssd,marine6,kingdom,L1 norm error,0.00291154363528358
metakssd,marine6,phylum,L1 norm error,0.0774111266673
metakssd,marine6,class,L1 norm error,0.0813700132453569
metakssd,marine6,order,L1 norm error,0.113352918506911
metakssd,marine6,family,L1 norm error,0.150902624989485
metakssd,marine6,genus,L1 norm error,0.186215001529482
metakssd,marine6,species,L1 norm error,0.238959175771126
metakssd,marine6,na,Weighted UniFrac error,0.00673512203141465
metakssd,marine6,na,Unweighted UniFrac error,0.184000039296655
metakssd,marine6,na,Weighted UniFrac (CAMI),0.851122404344937
metakssd,marine6,na,Unweighted UniFrac (CAMI),766
metakssd,marine6,phylum,Sum of abundances,1
metakssd,marine6,class,Sum of abundances,1
metakssd,marine6,order,Sum of abundances,1
metakssd,marine6,family,Sum of abundances,1
metakssd,marine6,genus,Sum of abundances,1
metakssd,marine6,species,Sum of abundances,1.00000000000001
metakssd,marine6,phylum,Taxon counts,36
metakssd,marine6,class,Taxon counts,54
metakssd,marine6,order,Taxon counts,107
metakssd,marine6,family,Taxon counts,177
metakssd,marine6,genus,Taxon counts,330
metakssd,marine6,species,Taxon counts,553
singlem,marine7,kingdom,Bray-Curtis distance,0.00169595460126274
singlem,marine7,phylum,Bray-Curtis distance,0.0480720956581721
singlem,marine7,class,Bray-Curtis distance,0.0500677893957604
singlem,marine7,order,Bray-Curtis distance,0.0522511432913639
singlem,marine7,family,Bray-Curtis distance,0.0568033578774613
singlem,marine7,genus,Bray-Curtis distance,0.0708163717686271
singlem,marine7,species,Bray-Curtis distance,0.163579911945035
singlem,marine7,phylum,Shannon diversity,2.07184716458313
singlem,marine7,phylum,Shannon equitability,0.582741022468329
singlem,marine7,class,Shannon diversity,2.36694790862736
singlem,marine7,class,Shannon equitability,0.605044475797583
singlem,marine7,order,Shannon diversity,3.42005671560422
singlem,marine7,order,Shannon equitability,0.747600609453822
singlem,marine7,family,Shannon diversity,3.89857475132562
singlem,marine7,family,Shannon equitability,0.768165760081657
singlem,marine7,genus,Shannon diversity,4.56221398952315
singlem,marine7,genus,Shannon equitability,0.804151953745039
singlem,marine7,species,Shannon diversity,4.54625163562772
singlem,marine7,species,Shannon equitability,0.762008015293214
singlem,marine7,kingdom,True positives,2
singlem,marine7,kingdom,False negatives,0
singlem,marine7,kingdom,False positives,0
singlem,marine7,kingdom,Completeness,1
singlem,marine7,kingdom,Purity,1
singlem,marine7,kingdom,F1 score,1
singlem,marine7,kingdom,Jaccard index,1
singlem,marine7,phylum,True positives,35
singlem,marine7,phylum,False negatives,0
singlem,marine7,phylum,False positives,0
singlem,marine7,phylum,Completeness,1
singlem,marine7,phylum,Purity,1
singlem,marine7,phylum,F1 score,1
singlem,marine7,phylum,Jaccard index,1
singlem,marine7,class,True positives,50
singlem,marine7,class,False negatives,1
singlem,marine7,class,False positives,0
singlem,marine7,class,Completeness,0.980392156862745
singlem,marine7,class,Purity,1
singlem,marine7,class,F1 score,0.99009900990099
singlem,marine7,class,Jaccard index,0.980392156862745
singlem,marine7,order,True positives,97
singlem,marine7,order,False negatives,1
singlem,marine7,order,False positives,0
singlem,marine7,order,Completeness,0.989795918367347
singlem,marine7,order,Purity,1
singlem,marine7,order,F1 score,0.994871794871795
singlem,marine7,order,Jaccard index,0.989795918367347
singlem,marine7,family,True positives,160
singlem,marine7,family,False negatives,2
singlem,marine7,family,False positives,0
singlem,marine7,family,Completeness,0.987654320987654
singlem,marine7,family,Purity,1
singlem,marine7,family,F1 score,0.993788819875776
singlem,marine7,family,Jaccard index,0.987654320987654
singlem,marine7,genus,True positives,291
singlem,marine7,genus,False negatives,3
singlem,marine7,genus,False positives,0
singlem,marine7,genus,Completeness,0.989795918367347
singlem,marine7,genus,Purity,1
singlem,marine7,genus,F1 score,0.994871794871795
singlem,marine7,genus,Jaccard index,0.989795918367347
singlem,marine7,species,True positives,364
singlem,marine7,species,False negatives,57
singlem,marine7,species,False positives,26
singlem,marine7,species,Completeness,0.864608076009501
singlem,marine7,species,Purity,0.933333333333333
singlem,marine7,species,F1 score,0.897657213316893
singlem,marine7,species,Jaccard index,0.814317673378076
singlem,marine7,kingdom,L1 norm error,0.00339190920252547
singlem,marine7,phylum,L1 norm error,0.0958637637300779
singlem,marine7,class,L1 norm error,0.0996486918448415
singlem,marine7,order,L1 norm error,0.103513222296134
singlem,marine7,family,L1 norm error,0.111993687747324
singlem,marine7,genus,L1 norm error,0.137853557101796
singlem,marine7,species,L1 norm error,0.307533842324594
singlem,marine7,na,Weighted UniFrac error,0.0069904122295938
singlem,marine7,na,Unweighted UniFrac error,0.310037026608206
singlem,marine7,na,Weighted UniFrac (CAMI),0.859798674247291
singlem,marine7,na,Unweighted UniFrac (CAMI),1007
singlem,marine7,phylum,Sum of abundances,0.994166520464172
singlem,marine7,class,Sum of abundances,0.990275445499887
singlem,marine7,order,Sum of abundances,0.981070954159252
singlem,marine7,family,Sum of abundances,0.971603298328279
singlem,marine7,genus,Sum of abundances,0.946634000852152
singlem,marine7,species,Sum of abundances,0.88002205569062
singlem,marine7,phylum,Taxon counts,35
singlem,marine7,class,Taxon counts,50
singlem,marine7,order,Taxon counts,97
singlem,marine7,family,Taxon counts,160
singlem,marine7,genus,Taxon counts,291
singlem,marine7,species,Taxon counts,390
metaphlan,marine7,kingdom,Bray-Curtis distance,0.00378293882619849
metaphlan,marine7,phylum,Bray-Curtis distance,0.109211346086166
metaphlan,marine7,class,Bray-Curtis distance,0.127527649547181
metaphlan,marine7,order,Bray-Curtis distance,0.189124721713438
metaphlan,marine7,family,Bray-Curtis distance,0.209447138730605
metaphlan,marine7,genus,Bray-Curtis distance,0.268210395264411
metaphlan,marine7,species,Bray-Curtis distance,0.332524956473922
metaphlan,marine7,phylum,Shannon diversity,2.13828023115103
metaphlan,marine7,phylum,Shannon equitability,0.628684545824875
metaphlan,marine7,class,Shannon diversity,2.42192738716318
metaphlan,marine7,class,Shannon equitability,0.643924096741813
metaphlan,marine7,order,Shannon diversity,3.38194859039145
metaphlan,marine7,order,Shannon equitability,0.761245570525197
metaphlan,marine7,family,Shannon diversity,3.91810771415632
metaphlan,marine7,family,Shannon equitability,0.792875602700422
metaphlan,marine7,genus,Shannon diversity,4.70905070910204
metaphlan,marine7,genus,Shannon equitability,0.847435021709452
metaphlan,marine7,species,Shannon diversity,5.0802320260714
metaphlan,marine7,species,Shannon equitability,0.858698193927542
metaphlan,marine7,kingdom,True positives,2
metaphlan,marine7,kingdom,False negatives,0
metaphlan,marine7,kingdom,False positives,0
metaphlan,marine7,kingdom,Completeness,1
metaphlan,marine7,kingdom,Purity,1
metaphlan,marine7,kingdom,F1 score,1
metaphlan,marine7,kingdom,Jaccard index,1
metaphlan,marine7,phylum,True positives,30
metaphlan,marine7,phylum,False negatives,5
metaphlan,marine7,phylum,False positives,0
metaphlan,marine7,phylum,Completeness,0.857142857142857
metaphlan,marine7,phylum,Purity,1
metaphlan,marine7,phylum,F1 score,0.923076923076923
metaphlan,marine7,phylum,Jaccard index,0.857142857142857
metaphlan,marine7,class,True positives,43
metaphlan,marine7,class,False negatives,8
metaphlan,marine7,class,False positives,0
metaphlan,marine7,class,Completeness,0.843137254901961
metaphlan,marine7,class,Purity,1
metaphlan,marine7,class,F1 score,0.914893617021277
metaphlan,marine7,class,Jaccard index,0.843137254901961
metaphlan,marine7,order,True positives,85
metaphlan,marine7,order,False negatives,13
metaphlan,marine7,order,False positives,0
metaphlan,marine7,order,Completeness,0.86734693877551
metaphlan,marine7,order,Purity,1
metaphlan,marine7,order,F1 score,0.92896174863388
metaphlan,marine7,order,Jaccard index,0.86734693877551
metaphlan,marine7,family,True positives,140
metaphlan,marine7,family,False negatives,22
metaphlan,marine7,family,False positives,0
metaphlan,marine7,family,Completeness,0.864197530864198
metaphlan,marine7,family,Purity,1
metaphlan,marine7,family,F1 score,0.927152317880795
metaphlan,marine7,family,Jaccard index,0.864197530864198
metaphlan,marine7,genus,True positives,259
metaphlan,marine7,genus,False negatives,35
metaphlan,marine7,genus,False positives,0
metaphlan,marine7,genus,Completeness,0.880952380952381
metaphlan,marine7,genus,Purity,1
metaphlan,marine7,genus,F1 score,0.936708860759494
metaphlan,marine7,genus,Jaccard index,0.880952380952381
metaphlan,marine7,species,True positives,335
metaphlan,marine7,species,False negatives,86
metaphlan,marine7,species,False positives,36
metaphlan,marine7,species,Completeness,0.795724465558195
metaphlan,marine7,species,Purity,0.902964959568733
metaphlan,marine7,species,F1 score,0.845959595959596
metaphlan,marine7,species,Jaccard index,0.733041575492341
metaphlan,marine7,kingdom,L1 norm error,0.00756587765239697
metaphlan,marine7,phylum,L1 norm error,0.218422692172331
metaphlan,marine7,class,L1 norm error,0.255055299094362
metaphlan,marine7,order,L1 norm error,0.378249443426876
metaphlan,marine7,family,L1 norm error,0.418894277461211
metaphlan,marine7,genus,L1 norm error,0.536420790528823
metaphlan,marine7,species,L1 norm error,0.665049912947844
metaphlan,marine7,na,Weighted UniFrac error,0.0197591614019883
metaphlan,marine7,na,Unweighted UniFrac error,0.144231377033542
metaphlan,marine7,na,Weighted UniFrac (CAMI),2.47965829328385
metaphlan,marine7,na,Unweighted UniFrac (CAMI),540
metaphlan,marine7,phylum,Sum of abundances,1
metaphlan,marine7,class,Sum of abundances,1
metaphlan,marine7,order,Sum of abundances,1
metaphlan,marine7,family,Sum of abundances,1
metaphlan,marine7,genus,Sum of abundances,1
metaphlan,marine7,species,Sum of abundances,1
metaphlan,marine7,phylum,Taxon counts,30
metaphlan,marine7,class,Taxon counts,43
metaphlan,marine7,order,Taxon counts,85
metaphlan,marine7,family,Taxon counts,140
metaphlan,marine7,genus,Taxon counts,259
metaphlan,marine7,species,Taxon counts,371
kraken,marine7,kingdom,Bray-Curtis distance,0.00575195336635541
kraken,marine7,phylum,Bray-Curtis distance,0.116807278340742
kraken,marine7,class,Bray-Curtis distance,0.12524555415495
kraken,marine7,order,Bray-Curtis distance,0.162596750767498
kraken,marine7,family,Bray-Curtis distance,0.179380115234597
kraken,marine7,genus,Bray-Curtis distance,0.20190501294815
kraken,marine7,species,Bray-Curtis distance,0.24461797528465
kraken,marine7,phylum,Shannon diversity,1.93246935625858
kraken,marine7,phylum,Shannon equitability,0.475925742890434
kraken,marine7,class,Shannon diversity,2.2708640029185
kraken,marine7,class,Shannon equitability,0.482184826479233
kraken,marine7,order,Shannon diversity,3.32566604553229
kraken,marine7,order,Shannon equitability,0.613530960685386
kraken,marine7,family,Shannon diversity,3.82158133417913
kraken,marine7,family,Shannon equitability,0.645951793690909
kraken,marine7,genus,Shannon diversity,4.65259172075689
kraken,marine7,genus,Shannon equitability,0.679936733712875
kraken,marine7,species,Shannon diversity,5.45534088345924
kraken,marine7,species,Shannon equitability,0.676057680474246
kraken,marine7,kingdom,True positives,2
kraken,marine7,kingdom,False negatives,0
kraken,marine7,kingdom,False positives,0
kraken,marine7,kingdom,Completeness,1
kraken,marine7,kingdom,Purity,1
kraken,marine7,kingdom,F1 score,1
kraken,marine7,kingdom,Jaccard index,1
kraken,marine7,phylum,True positives,35
kraken,marine7,phylum,False negatives,0
kraken,marine7,phylum,False positives,23
kraken,marine7,phylum,Completeness,1
kraken,marine7,phylum,Purity,0.603448275862069
kraken,marine7,phylum,F1 score,0.752688172043011
kraken,marine7,phylum,Jaccard index,0.603448275862069
kraken,marine7,class,True positives,51
kraken,marine7,class,False negatives,0
kraken,marine7,class,False positives,60
kraken,marine7,class,Completeness,1
kraken,marine7,class,Purity,0.45945945945946
kraken,marine7,class,F1 score,0.62962962962963
kraken,marine7,class,Jaccard index,0.45945945945946
kraken,marine7,order,True positives,97
kraken,marine7,order,False negatives,1
kraken,marine7,order,False positives,129
kraken,marine7,order,Completeness,0.989795918367347
kraken,marine7,order,Purity,0.429203539823009
kraken,marine7,order,F1 score,0.598765432098765
kraken,marine7,order,Jaccard index,0.427312775330396
kraken,marine7,family,True positives,156
kraken,marine7,family,False negatives,6
kraken,marine7,family,False positives,215
kraken,marine7,family,Completeness,0.962962962962963
kraken,marine7,family,Purity,0.420485175202156
kraken,marine7,family,F1 score,0.585365853658536
kraken,marine7,family,Jaccard index,0.413793103448276
kraken,marine7,genus,True positives,284
kraken,marine7,genus,False negatives,10
kraken,marine7,genus,False positives,653
kraken,marine7,genus,Completeness,0.965986394557823
kraken,marine7,genus,Purity,0.303094983991462
kraken,marine7,genus,F1 score,0.461413484971568
kraken,marine7,genus,Jaccard index,0.299894403379092
kraken,marine7,species,True positives,416
kraken,marine7,species,False negatives,5
kraken,marine7,species,False positives,2779
kraken,marine7,species,Completeness,0.98812351543943
kraken,marine7,species,Purity,0.130203442879499
kraken,marine7,species,F1 score,0.230088495575221
kraken,marine7,species,Jaccard index,0.13
kraken,marine7,kingdom,L1 norm error,0.0115039067327108
kraken,marine7,phylum,L1 norm error,0.233612220535918
kraken,marine7,class,L1 norm error,0.250477331298943
kraken,marine7,order,L1 norm error,0.325123584932166
kraken,marine7,family,L1 norm error,0.358586231757417
kraken,marine7,genus,L1 norm error,0.40303269159645
kraken,marine7,species,L1 norm error,0.485845545431847
kraken,marine7,na,Weighted UniFrac error,0.017462003455172
kraken,marine7,na,Unweighted UniFrac error,7.36371301447928
kraken,marine7,na,Weighted UniFrac (CAMI),2.05588713597247
kraken,marine7,na,Unweighted UniFrac (CAMI),24045.92267
kraken,marine7,phylum,Sum of abundances,0.99998
kraken,marine7,class,Sum of abundances,0.999890000000001
kraken,marine7,order,Sum of abundances,0.999570000000002
kraken,marine7,family,Sum of abundances,0.999030000000003
kraken,marine7,genus,Sum of abundances,0.996150000000009
kraken,marine7,species,Sum of abundances,0.986140000000016
kraken,marine7,phylum,Taxon counts,58
kraken,marine7,class,Taxon counts,111
kraken,marine7,order,Taxon counts,226
kraken,marine7,family,Taxon counts,371
kraken,marine7,genus,Taxon counts,937
kraken,marine7,species,Taxon counts,3195
sourmash,marine7,kingdom,Bray-Curtis distance,0.00563040297875852
sourmash,marine7,phylum,Bray-Curtis distance,0.127198578995393
sourmash,marine7,class,Bray-Curtis distance,0.134511862139897
sourmash,marine7,order,Bray-Curtis distance,0.165452282611429
sourmash,marine7,family,Bray-Curtis distance,0.189231224350139
sourmash,marine7,genus,Bray-Curtis distance,0.226907825963499
sourmash,marine7,species,Bray-Curtis distance,0.277457244144104
sourmash,marine7,phylum,Shannon diversity,1.92315285832486
sourmash,marine7,phylum,Shannon equitability,0.58350972348227
sourmash,marine7,class,Shannon diversity,2.27606006679049
sourmash,marine7,class,Shannon equitability,0.621269760588039
sourmash,marine7,order,Shannon diversity,3.27722723878302
sourmash,marine7,order,Shannon equitability,0.774006802905101
sourmash,marine7,family,Shannon diversity,3.74867076802596
sourmash,marine7,family,Shannon equitability,0.794462575975366
sourmash,marine7,genus,Shannon diversity,4.40955385048303
sourmash,marine7,genus,Shannon equitability,0.840391389450473
sourmash,marine7,species,Shannon diversity,4.5630388440472
sourmash,marine7,species,Shannon equitability,0.824637205340941
sourmash,marine7,kingdom,True positives,2
sourmash,marine7,kingdom,False negatives,0
sourmash,marine7,kingdom,False positives,0
sourmash,marine7,kingdom,Completeness,1
sourmash,marine7,kingdom,Purity,1
sourmash,marine7,kingdom,F1 score,1
sourmash,marine7,kingdom,Jaccard index,1
sourmash,marine7,phylum,True positives,27
sourmash,marine7,phylum,False negatives,8
sourmash,marine7,phylum,False positives,0
sourmash,marine7,phylum,Completeness,0.771428571428571
sourmash,marine7,phylum,Purity,1
sourmash,marine7,phylum,F1 score,0.870967741935484
sourmash,marine7,phylum,Jaccard index,0.771428571428571
sourmash,marine7,class,True positives,39
sourmash,marine7,class,False negatives,12
sourmash,marine7,class,False positives,0
sourmash,marine7,class,Completeness,0.764705882352941
sourmash,marine7,class,Purity,1
sourmash,marine7,class,F1 score,0.866666666666667
sourmash,marine7,class,Jaccard index,0.764705882352941
sourmash,marine7,order,True positives,69
sourmash,marine7,order,False negatives,29
sourmash,marine7,order,False positives,0
sourmash,marine7,order,Completeness,0.704081632653061
sourmash,marine7,order,Purity,1
sourmash,marine7,order,F1 score,0.826347305389222
sourmash,marine7,order,Jaccard index,0.704081632653061
sourmash,marine7,family,True positives,112
sourmash,marine7,family,False negatives,50
sourmash,marine7,family,False positives,0
sourmash,marine7,family,Completeness,0.691358024691358
sourmash,marine7,family,Purity,1
sourmash,marine7,family,F1 score,0.817518248175183
sourmash,marine7,family,Jaccard index,0.691358024691358
sourmash,marine7,genus,True positives,190
sourmash,marine7,genus,False negatives,104
sourmash,marine7,genus,False positives,0
sourmash,marine7,genus,Completeness,0.646258503401361
sourmash,marine7,genus,Purity,1
sourmash,marine7,genus,F1 score,0.785123966942149
sourmash,marine7,genus,Jaccard index,0.646258503401361
sourmash,marine7,species,True positives,246
sourmash,marine7,species,False negatives,175
sourmash,marine7,species,False positives,7
sourmash,marine7,species,Completeness,0.584323040380047
sourmash,marine7,species,Purity,0.972332015810277
sourmash,marine7,species,F1 score,0.729970326409496
sourmash,marine7,species,Jaccard index,0.574766355140187
sourmash,marine7,kingdom,L1 norm error,0.011260805957517
sourmash,marine7,phylum,L1 norm error,0.254594365090003
sourmash,marine7,class,L1 norm error,0.269232269802491
sourmash,marine7,order,L1 norm error,0.329621989388661
sourmash,marine7,family,L1 norm error,0.377288921727563
sourmash,marine7,genus,L1 norm error,0.449242315899827
sourmash,marine7,species,L1 norm error,0.53555700613862
sourmash,marine7,na,Weighted UniFrac error,0.018814152811303
sourmash,marine7,na,Unweighted UniFrac error,0.346113006490589
sourmash,marine7,na,Weighted UniFrac (CAMI),2.22679767400469
sourmash,marine7,na,Unweighted UniFrac (CAMI),1191.1023255814
sourmash,marine7,phylum,Sum of abundances,1.0015503875969
sourmash,marine7,class,Sum of abundances,1.0015503875969
sourmash,marine7,order,Sum of abundances,0.992248062015502
sourmash,marine7,family,Sum of abundances,0.9937984496124
sourmash,marine7,genus,Sum of abundances,0.979844961240306
sourmash,marine7,species,Sum of abundances,0.930232558139531
sourmash,marine7,phylum,Taxon counts,27
sourmash,marine7,class,Taxon counts,39
sourmash,marine7,order,Taxon counts,69
sourmash,marine7,family,Taxon counts,112
sourmash,marine7,genus,Taxon counts,190
sourmash,marine7,species,Taxon counts,253
metabuli,marine7,kingdom,Bray-Curtis distance,0.00518070156646742
metabuli,marine7,phylum,Bray-Curtis distance,0.200037190332406
metabuli,marine7,class,Bray-Curtis distance,0.222152626236897
metabuli,marine7,order,Bray-Curtis distance,0.318733717296945
metabuli,marine7,family,Bray-Curtis distance,0.36856725705193
metabuli,marine7,genus,Bray-Curtis distance,0.499479765398324
metabuli,marine7,species,Bray-Curtis distance,0.677202431171694
metabuli,marine7,phylum,Shannon diversity,1.70544236071441
metabuli,marine7,phylum,Shannon equitability,0.421820612140752
metabuli,marine7,class,Shannon diversity,2.10903017648926
metabuli,marine7,class,Shannon equitability,0.439766949043608
metabuli,marine7,order,Shannon diversity,3.2250639592401
metabuli,marine7,order,Shannon equitability,0.566759268044026
metabuli,marine7,family,Shannon diversity,3.85566645675129
metabuli,marine7,family,Shannon equitability,0.597734150290025
metabuli,marine7,genus,Shannon diversity,4.94725374763769
metabuli,marine7,genus,Shannon equitability,0.642136789776115
metabuli,marine7,species,Shannon diversity,5.67757323749211
metabuli,marine7,species,Shannon equitability,0.643021797285448
metabuli,marine7,kingdom,True positives,2
metabuli,marine7,kingdom,False negatives,0
metabuli,marine7,kingdom,False positives,0
metabuli,marine7,kingdom,Completeness,1
metabuli,marine7,kingdom,Purity,1
metabuli,marine7,kingdom,F1 score,1
metabuli,marine7,kingdom,Jaccard index,1
metabuli,marine7,phylum,True positives,32
metabuli,marine7,phylum,False negatives,3
metabuli,marine7,phylum,False positives,25
metabuli,marine7,phylum,Completeness,0.914285714285714
metabuli,marine7,phylum,Purity,0.56140350877193
metabuli,marine7,phylum,F1 score,0.695652173913044
metabuli,marine7,phylum,Jaccard index,0.533333333333333
metabuli,marine7,class,True positives,47
metabuli,marine7,class,False negatives,4
metabuli,marine7,class,False positives,74
metabuli,marine7,class,Completeness,0.92156862745098
metabuli,marine7,class,Purity,0.388429752066116
metabuli,marine7,class,F1 score,0.546511627906977
metabuli,marine7,class,Jaccard index,0.376
metabuli,marine7,order,True positives,85
metabuli,marine7,order,False negatives,13
metabuli,marine7,order,False positives,211
metabuli,marine7,order,Completeness,0.86734693877551
metabuli,marine7,order,Purity,0.287162162162162
metabuli,marine7,order,F1 score,0.431472081218274
metabuli,marine7,order,Jaccard index,0.275080906148867
metabuli,marine7,family,True positives,136
metabuli,marine7,family,False negatives,26
metabuli,marine7,family,False positives,497
metabuli,marine7,family,Completeness,0.839506172839506
metabuli,marine7,family,Purity,0.214849921011058
metabuli,marine7,family,F1 score,0.342138364779874
metabuli,marine7,family,Jaccard index,0.206373292867982
metabuli,marine7,genus,True positives,205
metabuli,marine7,genus,False negatives,89
metabuli,marine7,genus,False positives,2013
metabuli,marine7,genus,Completeness,0.697278911564626
metabuli,marine7,genus,Purity,0.0924256086564472
metabuli,marine7,genus,F1 score,0.163216560509554
metabuli,marine7,genus,Jaccard index,0.0888599913307326
metabuli,marine7,species,True positives,207
metabuli,marine7,species,False negatives,214
metabuli,marine7,species,False positives,6626
metabuli,marine7,species,Completeness,0.491686460807601
metabuli,marine7,species,Purity,0.0302941606907654
metabuli,marine7,species,F1 score,0.0570719602977668
metabuli,marine7,species,Jaccard index,0.0293742017879949
metabuli,marine7,kingdom,L1 norm error,0.0103614031329348
metabuli,marine7,phylum,L1 norm error,0.393690135168287
metabuli,marine7,class,L1 norm error,0.435961273754373
metabuli,marine7,order,L1 norm error,0.618403441344492
metabuli,marine7,family,L1 norm error,0.712017105266725
metabuli,marine7,genus,L1 norm error,0.95287726716504
metabuli,marine7,species,L1 norm error,1.23624580157582
metabuli,marine7,na,Weighted UniFrac error,0.0344732709172053
metabuli,marine7,na,Unweighted UniFrac error,15.8091626010186
metabuli,marine7,na,Weighted UniFrac (CAMI),4.35955642740766
metabuli,marine7,na,Unweighted UniFrac (CAMI),52387
metabuli,marine7,phylum,Sum of abundances,0.968084707219108
metabuli,marine7,class,Sum of abundances,0.962440332753376
metabuli,marine7,order,Sum of abundances,0.940188338368868
metabuli,marine7,family,Sum of abundances,0.931851220214074
metabuli,marine7,genus,Sum of abundances,0.907739478505484
metabuli,marine7,species,Sum of abundances,0.82551884735095
metabuli,marine7,phylum,Taxon counts,57
metabuli,marine7,class,Taxon counts,121
metabuli,marine7,order,Taxon counts,296
metabuli,marine7,family,Taxon counts,633
metabuli,marine7,genus,Taxon counts,2218
metabuli,marine7,species,Taxon counts,6833
sylph,marine7,kingdom,Bray-Curtis distance,7.29768843083589e-05
sylph,marine7,phylum,Bray-Curtis distance,0.00994567579675817
sylph,marine7,class,Bray-Curtis distance,0.0100946363803512
sylph,marine7,order,Bray-Curtis distance,0.011474130117029
sylph,marine7,family,Bray-Curtis distance,0.0128113431108423
sylph,marine7,genus,Bray-Curtis distance,0.0150032911325296
sylph,marine7,species,Bray-Curtis distance,0.0241195647140133
sylph,marine7,phylum,Shannon diversity,2.11827013502318
sylph,marine7,phylum,Shannon equitability,0.595798244894142
sylph,marine7,class,Shannon diversity,2.41902166767401
sylph,marine7,class,Shannon equitability,0.615241339173501
sylph,marine7,order,Shannon diversity,3.4757497256258
sylph,marine7,order,Shannon equitability,0.758075109975175
sylph,marine7,family,Shannon diversity,3.98776624905339
sylph,marine7,family,Shannon equitability,0.783821275567304
sylph,marine7,genus,Shannon diversity,4.79834011221083
sylph,marine7,genus,Shannon equitability,0.844246110485687
sylph,marine7,species,Shannon diversity,5.16836671906719
sylph,marine7,species,Shannon equitability,0.85599158836172
sylph,marine7,kingdom,True positives,2
sylph,marine7,kingdom,False negatives,0
sylph,marine7,kingdom,False positives,0
sylph,marine7,kingdom,Completeness,1
sylph,marine7,kingdom,Purity,1
sylph,marine7,kingdom,F1 score,1
sylph,marine7,kingdom,Jaccard index,1
sylph,marine7,phylum,True positives,35
sylph,marine7,phylum,False negatives,0
sylph,marine7,phylum,False positives,0
sylph,marine7,phylum,Completeness,1
sylph,marine7,phylum,Purity,1
sylph,marine7,phylum,F1 score,1
sylph,marine7,phylum,Jaccard index,1
sylph,marine7,class,True positives,51
sylph,marine7,class,False negatives,0
sylph,marine7,class,False positives,0
sylph,marine7,class,Completeness,1
sylph,marine7,class,Purity,1
sylph,marine7,class,F1 score,1
sylph,marine7,class,Jaccard index,1
sylph,marine7,order,True positives,98
sylph,marine7,order,False negatives,0
sylph,marine7,order,False positives,0
sylph,marine7,order,Completeness,1
sylph,marine7,order,Purity,1
sylph,marine7,order,F1 score,1
sylph,marine7,order,Jaccard index,1
sylph,marine7,family,True positives,162
sylph,marine7,family,False negatives,0
sylph,marine7,family,False positives,0
sylph,marine7,family,Completeness,1
sylph,marine7,family,Purity,1
sylph,marine7,family,F1 score,1
sylph,marine7,family,Jaccard index,1
sylph,marine7,genus,True positives,294
sylph,marine7,genus,False negatives,0
sylph,marine7,genus,False positives,0
sylph,marine7,genus,Completeness,1
sylph,marine7,genus,Purity,1
sylph,marine7,genus,F1 score,1
sylph,marine7,genus,Jaccard index,1
sylph,marine7,species,True positives,415
sylph,marine7,species,False negatives,6
sylph,marine7,species,False positives,4
sylph,marine7,species,Completeness,0.985748218527316
sylph,marine7,species,Purity,0.990453460620525
sylph,marine7,species,F1 score,0.988095238095238
sylph,marine7,species,Jaccard index,0.976470588235294
sylph,marine7,kingdom,L1 norm error,0.000145953768616718
sylph,marine7,phylum,L1 norm error,0.0198913515935163
sylph,marine7,class,L1 norm error,0.0201892727607024
sylph,marine7,order,L1 norm error,0.0229482602340581
sylph,marine7,family,L1 norm error,0.0256226862216845
sylph,marine7,genus,L1 norm error,0.0300065822650592
sylph,marine7,species,L1 norm error,0.0482391294280265
sylph,marine7,na,Weighted UniFrac error,0.00138513867461575
sylph,marine7,na,Unweighted UniFrac error,0.0343353311994667
sylph,marine7,na,Weighted UniFrac (CAMI),0.167043236271666
sylph,marine7,na,Unweighted UniFrac (CAMI),155
sylph,marine7,phylum,Sum of abundances,1
sylph,marine7,class,Sum of abundances,1
sylph,marine7,order,Sum of abundances,1
sylph,marine7,family,Sum of abundances,1
sylph,marine7,genus,Sum of abundances,1
sylph,marine7,species,Sum of abundances,1
sylph,marine7,phylum,Taxon counts,35
sylph,marine7,class,Taxon counts,51
sylph,marine7,order,Taxon counts,98
sylph,marine7,family,Taxon counts,162
sylph,marine7,genus,Taxon counts,294
sylph,marine7,species,Taxon counts,419
metaphlan42,marine7,kingdom,Bray-Curtis distance,0.00378293882619842
metaphlan42,marine7,phylum,Bray-Curtis distance,0.109211346086166
metaphlan42,marine7,class,Bray-Curtis distance,0.127527649547181
metaphlan42,marine7,order,Bray-Curtis distance,0.189124721713438
metaphlan42,marine7,family,Bray-Curtis distance,0.209447138730605
metaphlan42,marine7,genus,Bray-Curtis distance,0.268210395264411
metaphlan42,marine7,species,Bray-Curtis distance,0.332524956473922
metaphlan42,marine7,phylum,Shannon diversity,2.13828023115103
metaphlan42,marine7,phylum,Shannon equitability,0.628684545824875
metaphlan42,marine7,class,Shannon diversity,2.42192738716318
metaphlan42,marine7,class,Shannon equitability,0.643924096741813
metaphlan42,marine7,order,Shannon diversity,3.38194859039145
metaphlan42,marine7,order,Shannon equitability,0.761245570525197
metaphlan42,marine7,family,Shannon diversity,3.91810771415632
metaphlan42,marine7,family,Shannon equitability,0.792875602700422
metaphlan42,marine7,genus,Shannon diversity,4.70905070910204
metaphlan42,marine7,genus,Shannon equitability,0.847435021709452
metaphlan42,marine7,species,Shannon diversity,5.0802320260714
metaphlan42,marine7,species,Shannon equitability,0.858698193927542
metaphlan42,marine7,kingdom,True positives,2
metaphlan42,marine7,kingdom,False negatives,0
metaphlan42,marine7,kingdom,False positives,0
metaphlan42,marine7,kingdom,Completeness,1
metaphlan42,marine7,kingdom,Purity,1
metaphlan42,marine7,kingdom,F1 score,1
metaphlan42,marine7,kingdom,Jaccard index,1
metaphlan42,marine7,phylum,True positives,30
metaphlan42,marine7,phylum,False negatives,5
metaphlan42,marine7,phylum,False positives,0
metaphlan42,marine7,phylum,Completeness,0.857142857142857
metaphlan42,marine7,phylum,Purity,1
metaphlan42,marine7,phylum,F1 score,0.923076923076923
metaphlan42,marine7,phylum,Jaccard index,0.857142857142857
metaphlan42,marine7,class,True positives,43
metaphlan42,marine7,class,False negatives,8
metaphlan42,marine7,class,False positives,0
metaphlan42,marine7,class,Completeness,0.843137254901961
metaphlan42,marine7,class,Purity,1
metaphlan42,marine7,class,F1 score,0.914893617021277
metaphlan42,marine7,class,Jaccard index,0.843137254901961
metaphlan42,marine7,order,True positives,85
metaphlan42,marine7,order,False negatives,13
metaphlan42,marine7,order,False positives,0
metaphlan42,marine7,order,Completeness,0.86734693877551
metaphlan42,marine7,order,Purity,1
metaphlan42,marine7,order,F1 score,0.92896174863388
metaphlan42,marine7,order,Jaccard index,0.86734693877551
metaphlan42,marine7,family,True positives,140
metaphlan42,marine7,family,False negatives,22
metaphlan42,marine7,family,False positives,0
metaphlan42,marine7,family,Completeness,0.864197530864198
metaphlan42,marine7,family,Purity,1
metaphlan42,marine7,family,F1 score,0.927152317880795
metaphlan42,marine7,family,Jaccard index,0.864197530864198
metaphlan42,marine7,genus,True positives,259
metaphlan42,marine7,genus,False negatives,35
metaphlan42,marine7,genus,False positives,0
metaphlan42,marine7,genus,Completeness,0.880952380952381
metaphlan42,marine7,genus,Purity,1
metaphlan42,marine7,genus,F1 score,0.936708860759494
metaphlan42,marine7,genus,Jaccard index,0.880952380952381
metaphlan42,marine7,species,True positives,335
metaphlan42,marine7,species,False negatives,86
metaphlan42,marine7,species,False positives,36
metaphlan42,marine7,species,Completeness,0.795724465558195
metaphlan42,marine7,species,Purity,0.902964959568733
metaphlan42,marine7,species,F1 score,0.845959595959596
metaphlan42,marine7,species,Jaccard index,0.733041575492341
metaphlan42,marine7,kingdom,L1 norm error,0.00756587765239683
metaphlan42,marine7,phylum,L1 norm error,0.218422692172331
metaphlan42,marine7,class,L1 norm error,0.255055299094362
metaphlan42,marine7,order,L1 norm error,0.378249443426876
metaphlan42,marine7,family,L1 norm error,0.418894277461211
metaphlan42,marine7,genus,L1 norm error,0.536420790528823
metaphlan42,marine7,species,L1 norm error,0.665049912947844
metaphlan42,marine7,na,Weighted UniFrac error,0.0197591614019882
metaphlan42,marine7,na,Unweighted UniFrac error,0.148629364226512
metaphlan42,marine7,na,Weighted UniFrac (CAMI),2.47965829328385
metaphlan42,marine7,na,Unweighted UniFrac (CAMI),556
metaphlan42,marine7,phylum,Sum of abundances,1
metaphlan42,marine7,class,Sum of abundances,1
metaphlan42,marine7,order,Sum of abundances,1
metaphlan42,marine7,family,Sum of abundances,1
metaphlan42,marine7,genus,Sum of abundances,1
metaphlan42,marine7,species,Sum of abundances,1
metaphlan42,marine7,phylum,Taxon counts,30
metaphlan42,marine7,class,Taxon counts,43
metaphlan42,marine7,order,Taxon counts,85
metaphlan42,marine7,family,Taxon counts,140
metaphlan42,marine7,genus,Taxon counts,259
metaphlan42,marine7,species,Taxon counts,371
metakssd,marine7,kingdom,Bray-Curtis distance,0.00182860615376375
metakssd,marine7,phylum,Bray-Curtis distance,0.0565224298245071
metakssd,marine7,class,Bray-Curtis distance,0.0625793656571118
metakssd,marine7,order,Bray-Curtis distance,0.0853839843083661
metakssd,marine7,family,Bray-Curtis distance,0.0965090704531891
metakssd,marine7,genus,Bray-Curtis distance,0.109238471773972
metakssd,marine7,species,Bray-Curtis distance,0.135932047417698
metakssd,marine7,phylum,Shannon diversity,2.049303643805
metakssd,marine7,phylum,Shannon equitability,0.576400287218714
metakssd,marine7,class,Shannon diversity,2.35122012130704
metakssd,marine7,class,Shannon equitability,0.597997047920433
metakssd,marine7,order,Shannon diversity,3.42272322907526
metakssd,marine7,order,Shannon equitability,0.746509816045127
metakssd,marine7,family,Shannon diversity,3.92750255804559
metakssd,marine7,family,Shannon equitability,0.773865625302657
metakssd,marine7,genus,Shannon diversity,4.73818344694365
metakssd,marine7,genus,Shannon equitability,0.836185431796702
metakssd,marine7,species,Shannon diversity,5.26622702656742
metakssd,marine7,species,Shannon equitability,0.856213159071844
metakssd,marine7,kingdom,True positives,2
metakssd,marine7,kingdom,False negatives,0
metakssd,marine7,kingdom,False positives,0
metakssd,marine7,kingdom,Completeness,1
metakssd,marine7,kingdom,Purity,1
metakssd,marine7,kingdom,F1 score,1
metakssd,marine7,kingdom,Jaccard index,1
metakssd,marine7,phylum,True positives,35
metakssd,marine7,phylum,False negatives,0
metakssd,marine7,phylum,False positives,0
metakssd,marine7,phylum,Completeness,1
metakssd,marine7,phylum,Purity,1
metakssd,marine7,phylum,F1 score,1
metakssd,marine7,phylum,Jaccard index,1
metakssd,marine7,class,True positives,51
metakssd,marine7,class,False negatives,0
metakssd,marine7,class,False positives,0
metakssd,marine7,class,Completeness,1
metakssd,marine7,class,Purity,1
metakssd,marine7,class,F1 score,1
metakssd,marine7,class,Jaccard index,1
metakssd,marine7,order,True positives,98
metakssd,marine7,order,False negatives,0
metakssd,marine7,order,False positives,0
metakssd,marine7,order,Completeness,1
metakssd,marine7,order,Purity,1
metakssd,marine7,order,F1 score,1
metakssd,marine7,order,Jaccard index,1
metakssd,marine7,family,True positives,160
metakssd,marine7,family,False negatives,2
metakssd,marine7,family,False positives,0
metakssd,marine7,family,Completeness,0.987654320987654
metakssd,marine7,family,Purity,1
metakssd,marine7,family,F1 score,0.993788819875776
metakssd,marine7,family,Jaccard index,0.987654320987654
metakssd,marine7,genus,True positives,289
metakssd,marine7,genus,False negatives,5
metakssd,marine7,genus,False positives,0
metakssd,marine7,genus,Completeness,0.982993197278912
metakssd,marine7,genus,Purity,1
metakssd,marine7,genus,F1 score,0.991423670668954
metakssd,marine7,genus,Jaccard index,0.982993197278912
metakssd,marine7,species,True positives,407
metakssd,marine7,species,False negatives,14
metakssd,marine7,species,False positives,62
metakssd,marine7,species,Completeness,0.966745843230404
metakssd,marine7,species,Purity,0.867803837953092
metakssd,marine7,species,F1 score,0.914606741573034
metakssd,marine7,species,Jaccard index,0.842650103519669
metakssd,marine7,kingdom,L1 norm error,0.0036572123075275
metakssd,marine7,phylum,L1 norm error,0.113044859649014
metakssd,marine7,class,L1 norm error,0.125158731314224
metakssd,marine7,order,L1 norm error,0.170767968616732
metakssd,marine7,family,L1 norm error,0.193018140906378
metakssd,marine7,genus,L1 norm error,0.218476943547944
metakssd,marine7,species,L1 norm error,0.271864094835396
metakssd,marine7,na,Weighted UniFrac error,0.00904558869656819
metakssd,marine7,na,Unweighted UniFrac error,0.124798633099451
metakssd,marine7,na,Weighted UniFrac (CAMI),1.09598795117721
metakssd,marine7,na,Unweighted UniFrac (CAMI),494
metakssd,marine7,phylum,Sum of abundances,1
metakssd,marine7,class,Sum of abundances,1
metakssd,marine7,order,Sum of abundances,1
metakssd,marine7,family,Sum of abundances,1
metakssd,marine7,genus,Sum of abundances,1
metakssd,marine7,species,Sum of abundances,1.00000000000001
metakssd,marine7,phylum,Taxon counts,35
metakssd,marine7,class,Taxon counts,51
metakssd,marine7,order,Taxon counts,98
metakssd,marine7,family,Taxon counts,160
metakssd,marine7,genus,Taxon counts,289
metakssd,marine7,species,Taxon counts,469
singlem,marine8,kingdom,Bray-Curtis distance,0.00244427239157361
singlem,marine8,phylum,Bray-Curtis distance,0.0124707610660082
singlem,marine8,class,Bray-Curtis distance,0.0136070283951521
singlem,marine8,order,Bray-Curtis distance,0.025399206518903
singlem,marine8,family,Bray-Curtis distance,0.0309896066331239
singlem,marine8,genus,Bray-Curtis distance,0.0444699278308973
singlem,marine8,species,Bray-Curtis distance,0.120733654548504
singlem,marine8,phylum,Shannon diversity,1.85814862628085
singlem,marine8,phylum,Shannon equitability,0.514591766202782
singlem,marine8,class,Shannon diversity,2.27028046050319
singlem,marine8,class,Shannon equitability,0.56653149502753
singlem,marine8,order,Shannon diversity,3.40660999081416
singlem,marine8,order,Shannon equitability,0.724736564289396
singlem,marine8,family,Shannon diversity,3.92270047645615
singlem,marine8,family,Shannon equitability,0.752204947248417
singlem,marine8,genus,Shannon diversity,4.5086822572353
singlem,marine8,genus,Shannon equitability,0.772721251881614
singlem,marine8,species,Shannon diversity,4.47447030864268
singlem,marine8,species,Shannon equitability,0.731878134490377
singlem,marine8,kingdom,True positives,2
singlem,marine8,kingdom,False negatives,0
singlem,marine8,kingdom,False positives,0
singlem,marine8,kingdom,Completeness,1
singlem,marine8,kingdom,Purity,1
singlem,marine8,kingdom,F1 score,1
singlem,marine8,kingdom,Jaccard index,1
singlem,marine8,phylum,True positives,37
singlem,marine8,phylum,False negatives,0
singlem,marine8,phylum,False positives,0
singlem,marine8,phylum,Completeness,1
singlem,marine8,phylum,Purity,1
singlem,marine8,phylum,F1 score,1
singlem,marine8,phylum,Jaccard index,1
singlem,marine8,class,True positives,55
singlem,marine8,class,False negatives,0
singlem,marine8,class,False positives,0
singlem,marine8,class,Completeness,1
singlem,marine8,class,Purity,1
singlem,marine8,class,F1 score,1
singlem,marine8,class,Jaccard index,1
singlem,marine8,order,True positives,110
singlem,marine8,order,False negatives,0
singlem,marine8,order,False positives,0
singlem,marine8,order,Completeness,1
singlem,marine8,order,Purity,1
singlem,marine8,order,F1 score,1
singlem,marine8,order,Jaccard index,1
singlem,marine8,family,True positives,184
singlem,marine8,family,False negatives,0
singlem,marine8,family,False positives,0
singlem,marine8,family,Completeness,1
singlem,marine8,family,Purity,1
singlem,marine8,family,F1 score,1
singlem,marine8,family,Jaccard index,1
singlem,marine8,genus,True positives,342
singlem,marine8,genus,False negatives,3
singlem,marine8,genus,False positives,0
singlem,marine8,genus,Completeness,0.991304347826087
singlem,marine8,genus,Purity,1
singlem,marine8,genus,F1 score,0.995633187772926
singlem,marine8,genus,Jaccard index,0.991304347826087
singlem,marine8,species,True positives,432
singlem,marine8,species,False negatives,84
singlem,marine8,species,False positives,20
singlem,marine8,species,Completeness,0.837209302325582
singlem,marine8,species,Purity,0.955752212389381
singlem,marine8,species,F1 score,0.892561983471074
singlem,marine8,species,Jaccard index,0.805970149253731
singlem,marine8,kingdom,L1 norm error,0.00488854478314723
singlem,marine8,phylum,L1 norm error,0.0249265228982155
singlem,marine8,class,L1 norm error,0.0271513079832424
singlem,marine8,order,L1 norm error,0.0504309569659317
singlem,marine8,family,L1 norm error,0.0612652004064277
singlem,marine8,genus,L1 norm error,0.0867664361337631
singlem,marine8,species,L1 norm error,0.227382369867398
singlem,marine8,na,Weighted UniFrac error,0.00343725514768092
singlem,marine8,na,Unweighted UniFrac error,0.28218302310949
singlem,marine8,na,Weighted UniFrac (CAMI),0.482811339038127
singlem,marine8,na,Unweighted UniFrac (CAMI),1145
singlem,marine8,phylum,Sum of abundances,0.998797247920835
singlem,marine8,class,Sum of abundances,0.995388500322063
singlem,marine8,order,Sum of abundances,0.985532773569096
singlem,marine8,family,Sum of abundances,0.976959602350781
singlem,marine8,genus,Sum of abundances,0.951126083759426
singlem,marine8,species,Sum of abundances,0.883338748567813
singlem,marine8,phylum,Taxon counts,37
singlem,marine8,class,Taxon counts,55
singlem,marine8,order,Taxon counts,110
singlem,marine8,family,Taxon counts,184
singlem,marine8,genus,Taxon counts,342
singlem,marine8,species,Taxon counts,452
metaphlan,marine8,kingdom,Bray-Curtis distance,0.00313590604325265
metaphlan,marine8,phylum,Bray-Curtis distance,0.0327431679276606
metaphlan,marine8,class,Bray-Curtis distance,0.0525205926179235
metaphlan,marine8,order,Bray-Curtis distance,0.0712455115618793
metaphlan,marine8,family,Bray-Curtis distance,0.0786691386831175
metaphlan,marine8,genus,Bray-Curtis distance,0.0967422790332852
metaphlan,marine8,species,Bray-Curtis distance,0.140346998308372
metaphlan,marine8,phylum,Shannon diversity,1.83874559604064
metaphlan,marine8,phylum,Shannon equitability,0.53054983057285
metaphlan,marine8,class,Shannon diversity,2.24268126866561
metaphlan,marine8,class,Shannon equitability,0.582492283586613
metaphlan,marine8,order,Shannon diversity,3.33521502797701
metaphlan,marine8,order,Shannon equitability,0.730710035271093
metaphlan,marine8,family,Shannon diversity,3.88107614975563
metaphlan,marine8,family,Shannon equitability,0.765663740114813
metaphlan,marine8,genus,Shannon diversity,4.58447288245177
metaphlan,marine8,genus,Shannon equitability,0.802824879558533
metaphlan,marine8,species,Shannon diversity,4.99052596362585
metaphlan,marine8,species,Shannon equitability,0.817476657051603
metaphlan,marine8,kingdom,True positives,2
metaphlan,marine8,kingdom,False negatives,0
metaphlan,marine8,kingdom,False positives,0
metaphlan,marine8,kingdom,Completeness,1
metaphlan,marine8,kingdom,Purity,1
metaphlan,marine8,kingdom,F1 score,1
metaphlan,marine8,kingdom,Jaccard index,1
metaphlan,marine8,phylum,True positives,32
metaphlan,marine8,phylum,False negatives,5
metaphlan,marine8,phylum,False positives,0
metaphlan,marine8,phylum,Completeness,0.864864864864865
metaphlan,marine8,phylum,Purity,1
metaphlan,marine8,phylum,F1 score,0.927536231884058
metaphlan,marine8,phylum,Jaccard index,0.864864864864865
metaphlan,marine8,class,True positives,47
metaphlan,marine8,class,False negatives,8
metaphlan,marine8,class,False positives,0
metaphlan,marine8,class,Completeness,0.854545454545455
metaphlan,marine8,class,Purity,1
metaphlan,marine8,class,F1 score,0.92156862745098
metaphlan,marine8,class,Jaccard index,0.854545454545455
metaphlan,marine8,order,True positives,96
metaphlan,marine8,order,False negatives,14
metaphlan,marine8,order,False positives,0
metaphlan,marine8,order,Completeness,0.872727272727273
metaphlan,marine8,order,Purity,1
metaphlan,marine8,order,F1 score,0.932038834951456
metaphlan,marine8,order,Jaccard index,0.872727272727273
metaphlan,marine8,family,True positives,159
metaphlan,marine8,family,False negatives,25
metaphlan,marine8,family,False positives,0
metaphlan,marine8,family,Completeness,0.864130434782609
metaphlan,marine8,family,Purity,1
metaphlan,marine8,family,F1 score,0.927113702623907
metaphlan,marine8,family,Jaccard index,0.864130434782609
metaphlan,marine8,genus,True positives,302
metaphlan,marine8,genus,False negatives,43
metaphlan,marine8,genus,False positives,0
metaphlan,marine8,genus,Completeness,0.87536231884058
metaphlan,marine8,genus,Purity,1
metaphlan,marine8,genus,F1 score,0.933539412673879
metaphlan,marine8,genus,Jaccard index,0.87536231884058
metaphlan,marine8,species,True positives,406
metaphlan,marine8,species,False negatives,110
metaphlan,marine8,species,False positives,42
metaphlan,marine8,species,Completeness,0.786821705426357
metaphlan,marine8,species,Purity,0.90625
metaphlan,marine8,species,F1 score,0.842323651452282
metaphlan,marine8,species,Jaccard index,0.727598566308244
metaphlan,marine8,kingdom,L1 norm error,0.0062718120865053
metaphlan,marine8,phylum,L1 norm error,0.0654863358553213
metaphlan,marine8,class,L1 norm error,0.105041185235847
metaphlan,marine8,order,L1 norm error,0.142491023123759
metaphlan,marine8,family,L1 norm error,0.157338277366235
metaphlan,marine8,genus,L1 norm error,0.19348455806657
metaphlan,marine8,species,L1 norm error,0.280693996616744
metaphlan,marine8,na,Weighted UniFrac error,0.00747129909394929
metaphlan,marine8,na,Unweighted UniFrac error,0.145287200776535
metaphlan,marine8,na,Weighted UniFrac (CAMI),0.950807188350982
metaphlan,marine8,na,Unweighted UniFrac (CAMI),673
metaphlan,marine8,phylum,Sum of abundances,1
metaphlan,marine8,class,Sum of abundances,1
metaphlan,marine8,order,Sum of abundances,1
metaphlan,marine8,family,Sum of abundances,1
metaphlan,marine8,genus,Sum of abundances,1
metaphlan,marine8,species,Sum of abundances,1
metaphlan,marine8,phylum,Taxon counts,32
metaphlan,marine8,class,Taxon counts,47
metaphlan,marine8,order,Taxon counts,96
metaphlan,marine8,family,Taxon counts,159
metaphlan,marine8,genus,Taxon counts,302
metaphlan,marine8,species,Taxon counts,448
kraken,marine8,kingdom,Bray-Curtis distance,0.00779290604325264
kraken,marine8,phylum,Bray-Curtis distance,0.143878073613785
kraken,marine8,class,Bray-Curtis distance,0.156612743422126
kraken,marine8,order,Bray-Curtis distance,0.190095066500986
kraken,marine8,family,Bray-Curtis distance,0.217941457154692
kraken,marine8,genus,Bray-Curtis distance,0.239374022824063
kraken,marine8,species,Bray-Curtis distance,0.254092656651111
kraken,marine8,phylum,Shannon diversity,1.63665375064046
kraken,marine8,phylum,Shannon equitability,0.420536824743683
kraken,marine8,class,Shannon diversity,2.11471811530015
kraken,marine8,class,Shannon equitability,0.468806025158845
kraken,marine8,order,Shannon diversity,3.31873676146106
kraken,marine8,order,Shannon equitability,0.647689323110262
kraken,marine8,family,Shannon diversity,3.76876569405047
kraken,marine8,family,Shannon equitability,0.662307139698638
kraken,marine8,genus,Shannon diversity,4.59437365813679
kraken,marine8,genus,Shannon equitability,0.69045211155008
kraken,marine8,species,Shannon diversity,5.53662473816963
kraken,marine8,species,Shannon equitability,0.681204379889859
kraken,marine8,kingdom,True positives,2
kraken,marine8,kingdom,False negatives,0
kraken,marine8,kingdom,False positives,0
kraken,marine8,kingdom,Completeness,1
kraken,marine8,kingdom,Purity,1
kraken,marine8,kingdom,F1 score,1
kraken,marine8,kingdom,Jaccard index,1
kraken,marine8,phylum,True positives,37
kraken,marine8,phylum,False negatives,0
kraken,marine8,phylum,False positives,12
kraken,marine8,phylum,Completeness,1
kraken,marine8,phylum,Purity,0.755102040816326
kraken,marine8,phylum,F1 score,0.86046511627907
kraken,marine8,phylum,Jaccard index,0.755102040816326
kraken,marine8,class,True positives,55
kraken,marine8,class,False negatives,0
kraken,marine8,class,False positives,36
kraken,marine8,class,Completeness,1
kraken,marine8,class,Purity,0.604395604395604
kraken,marine8,class,F1 score,0.753424657534247
kraken,marine8,class,Jaccard index,0.604395604395604
kraken,marine8,order,True positives,109
kraken,marine8,order,False negatives,1
kraken,marine8,order,False positives,59
kraken,marine8,order,Completeness,0.990909090909091
kraken,marine8,order,Purity,0.648809523809524
kraken,marine8,order,F1 score,0.784172661870504
kraken,marine8,order,Jaccard index,0.644970414201183
kraken,marine8,family,True positives,175
kraken,marine8,family,False negatives,9
kraken,marine8,family,False positives,121
kraken,marine8,family,Completeness,0.951086956521739
kraken,marine8,family,Purity,0.591216216216216
kraken,marine8,family,F1 score,0.729166666666667
kraken,marine8,family,Jaccard index,0.573770491803279
kraken,marine8,genus,True positives,333
kraken,marine8,genus,False negatives,12
kraken,marine8,genus,False positives,443
kraken,marine8,genus,Completeness,0.965217391304348
kraken,marine8,genus,Purity,0.429123711340206
kraken,marine8,genus,F1 score,0.594112399643176
kraken,marine8,genus,Jaccard index,0.42258883248731
kraken,marine8,species,True positives,509
kraken,marine8,species,False negatives,7
kraken,marine8,species,False positives,2878
kraken,marine8,species,Completeness,0.986434108527132
kraken,marine8,species,Purity,0.150280484204311
kraken,marine8,species,F1 score,0.260825006405329
kraken,marine8,species,Jaccard index,0.149970536240424
kraken,marine8,kingdom,L1 norm error,0.0155858120865053
kraken,marine8,phylum,L1 norm error,0.287746075762417
kraken,marine8,class,L1 norm error,0.313206693315042
kraken,marine8,order,L1 norm error,0.380121698778033
kraken,marine8,family,L1 norm error,0.435728175874805
kraken,marine8,genus,L1 norm error,0.477998804956685
kraken,marine8,species,L1 norm error,0.505712991752997
kraken,marine8,na,Weighted UniFrac error,0.0205894525402165
kraken,marine8,na,Unweighted UniFrac error,6.12820434876708
kraken,marine8,na,Weighted UniFrac (CAMI),2.36318322620353
kraken,marine8,na,Unweighted UniFrac (CAMI),24389.79384
kraken,marine8,phylum,Sum of abundances,0.99993
kraken,marine8,class,Sum of abundances,0.999880000000001
kraken,marine8,order,Sum of abundances,0.999640000000001
kraken,marine8,family,Sum of abundances,0.999290000000003
kraken,marine8,genus,Sum of abundances,0.996870000000006
kraken,marine8,species,Sum of abundances,0.990270000000024
kraken,marine8,phylum,Taxon counts,49
kraken,marine8,class,Taxon counts,91
kraken,marine8,order,Taxon counts,168
kraken,marine8,family,Taxon counts,296
kraken,marine8,genus,Taxon counts,776
kraken,marine8,species,Taxon counts,3387
sourmash,marine8,kingdom,Bray-Curtis distance,0.00757897642448427
sourmash,marine8,phylum,Bray-Curtis distance,0.150485790708799
sourmash,marine8,class,Bray-Curtis distance,0.16135029691173
sourmash,marine8,order,Bray-Curtis distance,0.208355040499249
sourmash,marine8,family,Bray-Curtis distance,0.233715627374056
sourmash,marine8,genus,Bray-Curtis distance,0.270398619542076
sourmash,marine8,species,Bray-Curtis distance,0.316772750124676
sourmash,marine8,phylum,Shannon diversity,1.58944817494975
sourmash,marine8,phylum,Shannon equitability,0.487845635143444
sourmash,marine8,class,Shannon diversity,2.06378171786642
sourmash,marine8,class,Shannon equitability,0.56332659777861
sourmash,marine8,order,Shannon diversity,3.22812202814564
sourmash,marine8,order,Shannon equitability,0.734590824589085
sourmash,marine8,family,Shannon diversity,3.66249589358782
sourmash,marine8,family,Shannon equitability,0.756059959745554
sourmash,marine8,genus,Shannon diversity,4.23092959742711
sourmash,marine8,genus,Shannon equitability,0.791255753343604
sourmash,marine8,species,Shannon diversity,4.55251953687324
sourmash,marine8,species,Shannon equitability,0.80051683920137
sourmash,marine8,kingdom,True positives,2
sourmash,marine8,kingdom,False negatives,0
sourmash,marine8,kingdom,False positives,0
sourmash,marine8,kingdom,Completeness,1
sourmash,marine8,kingdom,Purity,1
sourmash,marine8,kingdom,F1 score,1
sourmash,marine8,kingdom,Jaccard index,1
sourmash,marine8,phylum,True positives,26
sourmash,marine8,phylum,False negatives,11
sourmash,marine8,phylum,False positives,0
sourmash,marine8,phylum,Completeness,0.702702702702703
sourmash,marine8,phylum,Purity,1
sourmash,marine8,phylum,F1 score,0.825396825396826
sourmash,marine8,phylum,Jaccard index,0.702702702702703
sourmash,marine8,class,True positives,39
sourmash,marine8,class,False negatives,16
sourmash,marine8,class,False positives,0
sourmash,marine8,class,Completeness,0.709090909090909
sourmash,marine8,class,Purity,1
sourmash,marine8,class,F1 score,0.829787234042553
sourmash,marine8,class,Jaccard index,0.709090909090909
sourmash,marine8,order,True positives,81
sourmash,marine8,order,False negatives,29
sourmash,marine8,order,False positives,0
sourmash,marine8,order,Completeness,0.736363636363636
sourmash,marine8,order,Purity,1
sourmash,marine8,order,F1 score,0.848167539267016
sourmash,marine8,order,Jaccard index,0.736363636363636
sourmash,marine8,family,True positives,127
sourmash,marine8,family,False negatives,57
sourmash,marine8,family,False positives,0
sourmash,marine8,family,Completeness,0.690217391304348
sourmash,marine8,family,Purity,1
sourmash,marine8,family,F1 score,0.816720257234727
sourmash,marine8,family,Jaccard index,0.690217391304348
sourmash,marine8,genus,True positives,209
sourmash,marine8,genus,False negatives,136
sourmash,marine8,genus,False positives,1
sourmash,marine8,genus,Completeness,0.605797101449275
sourmash,marine8,genus,Purity,0.995238095238095
sourmash,marine8,genus,F1 score,0.753153153153153
sourmash,marine8,genus,Jaccard index,0.604046242774566
sourmash,marine8,species,True positives,291
sourmash,marine8,species,False negatives,225
sourmash,marine8,species,False positives,4
sourmash,marine8,species,Completeness,0.563953488372093
sourmash,marine8,species,Purity,0.986440677966102
sourmash,marine8,species,F1 score,0.717632552404439
sourmash,marine8,species,Jaccard index,0.559615384615385
sourmash,marine8,kingdom,L1 norm error,0.0151579528489685
sourmash,marine8,phylum,L1 norm error,0.300971581417599
sourmash,marine8,class,L1 norm error,0.322464009810392
sourmash,marine8,order,L1 norm error,0.414571539527097
sourmash,marine8,family,L1 norm error,0.463661647854982
sourmash,marine8,genus,L1 norm error,0.530885266227037
sourmash,marine8,species,L1 norm error,0.610321691589185
sourmash,marine8,na,Weighted UniFrac error,0.022581182822427
sourmash,marine8,na,Unweighted UniFrac error,0.366308895195502
sourmash,marine8,na,Weighted UniFrac (CAMI),2.65803368927527
sourmash,marine8,na,Unweighted UniFrac (CAMI),1525.12903225806
sourmash,marine8,phylum,Sum of abundances,1
sourmash,marine8,class,Sum of abundances,0.998533724340175
sourmash,marine8,order,Sum of abundances,0.989736070381231
sourmash,marine8,family,Sum of abundances,0.983870967741933
sourmash,marine8,genus,Sum of abundances,0.963343108504397
sourmash,marine8,species,Sum of abundances,0.926686217008795
sourmash,marine8,phylum,Taxon counts,26
sourmash,marine8,class,Taxon counts,39
sourmash,marine8,order,Taxon counts,81
sourmash,marine8,family,Taxon counts,127
sourmash,marine8,genus,Taxon counts,210
sourmash,marine8,species,Taxon counts,295
metabuli,marine8,kingdom,Bray-Curtis distance,0.00948962631348562
metabuli,marine8,phylum,Bray-Curtis distance,0.177263099525728
metabuli,marine8,class,Bray-Curtis distance,0.197115573893223
metabuli,marine8,order,Bray-Curtis distance,0.257997204857867
metabuli,marine8,family,Bray-Curtis distance,0.275866976543055
metabuli,marine8,genus,Bray-Curtis distance,0.396113529967645
metabuli,marine8,species,Bray-Curtis distance,0.530657874262205
metabuli,marine8,phylum,Shannon diversity,1.43018547444895
metabuli,marine8,phylum,Shannon equitability,0.353739139007988
metabuli,marine8,class,Shannon diversity,1.89132654735272
metabuli,marine8,class,Shannon equitability,0.394372216503333
metabuli,marine8,order,Shannon diversity,3.03326400925828
metabuli,marine8,order,Shannon equitability,0.53305314604569
metabuli,marine8,family,Shannon diversity,3.58480536805788
metabuli,marine8,family,Shannon equitability,0.555743245601345
metabuli,marine8,genus,Shannon diversity,4.62309271667041
metabuli,marine8,genus,Shannon equitability,0.60006178525563
metabuli,marine8,species,Shannon diversity,5.32570860338975
metabuli,marine8,species,Shannon equitability,0.603120892329285
metabuli,marine8,kingdom,True positives,2
metabuli,marine8,kingdom,False negatives,0
metabuli,marine8,kingdom,False positives,0
metabuli,marine8,kingdom,Completeness,1
metabuli,marine8,kingdom,Purity,1
metabuli,marine8,kingdom,F1 score,1
metabuli,marine8,kingdom,Jaccard index,1
metabuli,marine8,phylum,True positives,34
metabuli,marine8,phylum,False negatives,3
metabuli,marine8,phylum,False positives,23
metabuli,marine8,phylum,Completeness,0.918918918918919
metabuli,marine8,phylum,Purity,0.596491228070175
metabuli,marine8,phylum,F1 score,0.723404255319149
metabuli,marine8,phylum,Jaccard index,0.566666666666667
metabuli,marine8,class,True positives,50
metabuli,marine8,class,False negatives,5
metabuli,marine8,class,False positives,71
metabuli,marine8,class,Completeness,0.909090909090909
metabuli,marine8,class,Purity,0.413223140495868
metabuli,marine8,class,F1 score,0.568181818181818
metabuli,marine8,class,Jaccard index,0.396825396825397
metabuli,marine8,order,True positives,92
metabuli,marine8,order,False negatives,18
metabuli,marine8,order,False positives,204
metabuli,marine8,order,Completeness,0.836363636363636
metabuli,marine8,order,Purity,0.310810810810811
metabuli,marine8,order,F1 score,0.45320197044335
metabuli,marine8,order,Jaccard index,0.292993630573248
metabuli,marine8,family,True positives,151
metabuli,marine8,family,False negatives,33
metabuli,marine8,family,False positives,482
metabuli,marine8,family,Completeness,0.820652173913043
metabuli,marine8,family,Purity,0.238546603475513
metabuli,marine8,family,F1 score,0.369645042839657
metabuli,marine8,family,Jaccard index,0.226726726726727
metabuli,marine8,genus,True positives,238
metabuli,marine8,genus,False negatives,107
metabuli,marine8,genus,False positives,1980
metabuli,marine8,genus,Completeness,0.689855072463768
metabuli,marine8,genus,Purity,0.107303877366997
metabuli,marine8,genus,F1 score,0.185719859539602
metabuli,marine8,genus,Jaccard index,0.102365591397849
metabuli,marine8,species,True positives,249
metabuli,marine8,species,False negatives,267
metabuli,marine8,species,False positives,6589
metabuli,marine8,species,Completeness,0.482558139534884
metabuli,marine8,species,Purity,0.0364141561860193
metabuli,marine8,species,F1 score,0.0677182485722056
metabuli,marine8,species,Jaccard index,0.035045742434905
metabuli,marine8,kingdom,L1 norm error,0.0189792526269712
metabuli,marine8,phylum,L1 norm error,0.350914931008824
metabuli,marine8,class,L1 norm error,0.389319288468867
metabuli,marine8,order,L1 norm error,0.505742507796207
metabuli,marine8,family,L1 norm error,0.539520067793518
metabuli,marine8,genus,L1 norm error,0.761543500774961
metabuli,marine8,species,L1 norm error,0.986725856804902
metabuli,marine8,na,Weighted UniFrac error,0.0289251972897184
metabuli,marine8,na,Unweighted UniFrac error,12.8998457048726
metabuli,marine8,na,Weighted UniFrac (CAMI),3.55274540527427
metabuli,marine8,na,Unweighted UniFrac (CAMI),51898
metabuli,marine8,phylum,Sum of abundances,0.979627637944415
metabuli,marine8,class,Sum of abundances,0.975081322999672
metabuli,marine8,order,Sum of abundances,0.960263515547872
metabuli,marine8,family,Sum of abundances,0.955725453457141
metabuli,marine8,genus,Sum of abundances,0.922538472334347
metabuli,marine8,species,Sum of abundances,0.85943882991803
metabuli,marine8,phylum,Taxon counts,57
metabuli,marine8,class,Taxon counts,121
metabuli,marine8,order,Taxon counts,296
metabuli,marine8,family,Taxon counts,633
metabuli,marine8,genus,Taxon counts,2218
metabuli,marine8,species,Taxon counts,6838
sylph,marine8,kingdom,Bray-Curtis distance,0.000385893439953104
sylph,marine8,phylum,Bray-Curtis distance,0.0039569193965479
sylph,marine8,class,Bray-Curtis distance,0.00445062232204744
sylph,marine8,order,Bray-Curtis distance,0.00853940981576305
sylph,marine8,family,Bray-Curtis distance,0.010540922669842
sylph,marine8,genus,Bray-Curtis distance,0.0136790376095405
sylph,marine8,species,Bray-Curtis distance,0.0180799846596341
sylph,marine8,phylum,Shannon diversity,1.88357243177225
sylph,marine8,phylum,Shannon equitability,0.521632581338006
sylph,marine8,class,Shannon diversity,2.30695507169555
sylph,marine8,class,Shannon equitability,0.57568336972752
sylph,marine8,order,Shannon diversity,3.49776379870892
sylph,marine8,order,Shannon equitability,0.744129009486727
sylph,marine8,family,Shannon diversity,4.06878594317619
sylph,marine8,family,Shannon equitability,0.780217845874615
sylph,marine8,genus,Shannon diversity,4.82660616693231
sylph,marine8,genus,Shannon equitability,0.825972358978719
sylph,marine8,species,Shannon diversity,5.29709881139782
sylph,marine8,species,Shannon equitability,0.849655090824554
sylph,marine8,kingdom,True positives,2
sylph,marine8,kingdom,False negatives,0
sylph,marine8,kingdom,False positives,0
sylph,marine8,kingdom,Completeness,1
sylph,marine8,kingdom,Purity,1
sylph,marine8,kingdom,F1 score,1
sylph,marine8,kingdom,Jaccard index,1
sylph,marine8,phylum,True positives,37
sylph,marine8,phylum,False negatives,0
sylph,marine8,phylum,False positives,0
sylph,marine8,phylum,Completeness,1
sylph,marine8,phylum,Purity,1
sylph,marine8,phylum,F1 score,1
sylph,marine8,phylum,Jaccard index,1
sylph,marine8,class,True positives,55
sylph,marine8,class,False negatives,0
sylph,marine8,class,False positives,0
sylph,marine8,class,Completeness,1
sylph,marine8,class,Purity,1
sylph,marine8,class,F1 score,1
sylph,marine8,class,Jaccard index,1
sylph,marine8,order,True positives,110
sylph,marine8,order,False negatives,0
sylph,marine8,order,False positives,0
sylph,marine8,order,Completeness,1
sylph,marine8,order,Purity,1
sylph,marine8,order,F1 score,1
sylph,marine8,order,Jaccard index,1
sylph,marine8,family,True positives,184
sylph,marine8,family,False negatives,0
sylph,marine8,family,False positives,0
sylph,marine8,family,Completeness,1
sylph,marine8,family,Purity,1
sylph,marine8,family,F1 score,1
sylph,marine8,family,Jaccard index,1
sylph,marine8,genus,True positives,345
sylph,marine8,genus,False negatives,0
sylph,marine8,genus,False positives,0
sylph,marine8,genus,Completeness,1
sylph,marine8,genus,Purity,1
sylph,marine8,genus,F1 score,1
sylph,marine8,genus,Jaccard index,1
sylph,marine8,species,True positives,509
sylph,marine8,species,False negatives,7
sylph,marine8,species,False positives,1
sylph,marine8,species,Completeness,0.986434108527132
sylph,marine8,species,Purity,0.998039215686275
sylph,marine8,species,F1 score,0.992202729044834
sylph,marine8,species,Jaccard index,0.984526112185687
sylph,marine8,kingdom,L1 norm error,0.000771786879906209
sylph,marine8,phylum,L1 norm error,0.0079138387930958
sylph,marine8,class,L1 norm error,0.00890124464409489
sylph,marine8,order,L1 norm error,0.0170788196315261
sylph,marine8,family,L1 norm error,0.0210818453396841
sylph,marine8,genus,L1 norm error,0.027358075219081
sylph,marine8,species,L1 norm error,0.0361599693192682
sylph,marine8,na,Weighted UniFrac error,0.000906753781718284
sylph,marine8,na,Unweighted UniFrac error,0.0429876342573124
sylph,marine8,na,Weighted UniFrac (CAMI),0.119265579826648
sylph,marine8,na,Unweighted UniFrac (CAMI),222
sylph,marine8,phylum,Sum of abundances,1
sylph,marine8,class,Sum of abundances,1
sylph,marine8,order,Sum of abundances,1
sylph,marine8,family,Sum of abundances,0.999999999999998
sylph,marine8,genus,Sum of abundances,0.999999999999995
sylph,marine8,species,Sum of abundances,0.999999999999993
sylph,marine8,phylum,Taxon counts,37
sylph,marine8,class,Taxon counts,55
sylph,marine8,order,Taxon counts,110
sylph,marine8,family,Taxon counts,184
sylph,marine8,genus,Taxon counts,345
sylph,marine8,species,Taxon counts,510
metaphlan42,marine8,kingdom,Bray-Curtis distance,0.00313591780884328
metaphlan42,marine8,phylum,Bray-Curtis distance,0.0327441503407947
metaphlan42,marine8,class,Bray-Curtis distance,0.0525205471636399
metaphlan42,marine8,order,Bray-Curtis distance,0.0712452214474714
metaphlan42,marine8,family,Bray-Curtis distance,0.0786688237963294
metaphlan42,marine8,genus,Bray-Curtis distance,0.0967419309784436
metaphlan42,marine8,species,Bray-Curtis distance,0.140347254086807
metaphlan42,marine8,phylum,Shannon diversity,1.83874795295673
metaphlan42,marine8,phylum,Shannon equitability,0.530550510635082
metaphlan42,marine8,class,Shannon diversity,2.24268296567042
metaphlan42,marine8,class,Shannon equitability,0.582492724350183
metaphlan42,marine8,order,Shannon diversity,3.33521537786857
metaphlan42,marine8,order,Shannon equitability,0.7307101119286
metaphlan42,marine8,family,Shannon diversity,3.88107485333832
metaphlan42,marine8,family,Shannon equitability,0.765663484355922
metaphlan42,marine8,genus,Shannon diversity,4.58446971501356
metaphlan42,marine8,genus,Shannon equitability,0.802824324882289
metaphlan42,marine8,species,Shannon diversity,4.99053237725072
metaphlan42,marine8,species,Shannon equitability,0.817477707639989
metaphlan42,marine8,kingdom,True positives,2
metaphlan42,marine8,kingdom,False negatives,0
metaphlan42,marine8,kingdom,False positives,0
metaphlan42,marine8,kingdom,Completeness,1
metaphlan42,marine8,kingdom,Purity,1
metaphlan42,marine8,kingdom,F1 score,1
metaphlan42,marine8,kingdom,Jaccard index,1
metaphlan42,marine8,phylum,True positives,32
metaphlan42,marine8,phylum,False negatives,5
metaphlan42,marine8,phylum,False positives,0
metaphlan42,marine8,phylum,Completeness,0.864864864864865
metaphlan42,marine8,phylum,Purity,1
metaphlan42,marine8,phylum,F1 score,0.927536231884058
metaphlan42,marine8,phylum,Jaccard index,0.864864864864865
metaphlan42,marine8,class,True positives,47
metaphlan42,marine8,class,False negatives,8
metaphlan42,marine8,class,False positives,0
metaphlan42,marine8,class,Completeness,0.854545454545455
metaphlan42,marine8,class,Purity,1
metaphlan42,marine8,class,F1 score,0.92156862745098
metaphlan42,marine8,class,Jaccard index,0.854545454545455
metaphlan42,marine8,order,True positives,96
metaphlan42,marine8,order,False negatives,14
metaphlan42,marine8,order,False positives,0
metaphlan42,marine8,order,Completeness,0.872727272727273
metaphlan42,marine8,order,Purity,1
metaphlan42,marine8,order,F1 score,0.932038834951456
metaphlan42,marine8,order,Jaccard index,0.872727272727273
metaphlan42,marine8,family,True positives,159
metaphlan42,marine8,family,False negatives,25
metaphlan42,marine8,family,False positives,0
metaphlan42,marine8,family,Completeness,0.864130434782609
metaphlan42,marine8,family,Purity,1
metaphlan42,marine8,family,F1 score,0.927113702623907
metaphlan42,marine8,family,Jaccard index,0.864130434782609
metaphlan42,marine8,genus,True positives,302
metaphlan42,marine8,genus,False negatives,43
metaphlan42,marine8,genus,False positives,0
metaphlan42,marine8,genus,Completeness,0.87536231884058
metaphlan42,marine8,genus,Purity,1
metaphlan42,marine8,genus,F1 score,0.933539412673879
metaphlan42,marine8,genus,Jaccard index,0.87536231884058
metaphlan42,marine8,species,True positives,406
metaphlan42,marine8,species,False negatives,110
metaphlan42,marine8,species,False positives,42
metaphlan42,marine8,species,Completeness,0.786821705426357
metaphlan42,marine8,species,Purity,0.90625
metaphlan42,marine8,species,F1 score,0.842323651452282
metaphlan42,marine8,species,Jaccard index,0.727598566308244
metaphlan42,marine8,kingdom,L1 norm error,0.00627183561768656
metaphlan42,marine8,phylum,L1 norm error,0.0654883006815894
metaphlan42,marine8,class,L1 norm error,0.10504109432728
metaphlan42,marine8,order,L1 norm error,0.142490442894943
metaphlan42,marine8,family,L1 norm error,0.157337647592659
metaphlan42,marine8,genus,L1 norm error,0.193483861956887
metaphlan42,marine8,species,L1 norm error,0.280694508173614
metaphlan42,marine8,na,Weighted UniFrac error,0.00747132225312773
metaphlan42,marine8,na,Unweighted UniFrac error,0.154062736145847
metaphlan42,marine8,na,Weighted UniFrac (CAMI),0.950807691244657
metaphlan42,marine8,na,Unweighted UniFrac (CAMI),697
metaphlan42,marine8,phylum,Sum of abundances,1
metaphlan42,marine8,class,Sum of abundances,1
metaphlan42,marine8,order,Sum of abundances,1
metaphlan42,marine8,family,Sum of abundances,1
metaphlan42,marine8,genus,Sum of abundances,1
metaphlan42,marine8,species,Sum of abundances,1
metaphlan42,marine8,phylum,Taxon counts,32
metaphlan42,marine8,class,Taxon counts,47
metaphlan42,marine8,order,Taxon counts,96
metaphlan42,marine8,family,Taxon counts,159
metaphlan42,marine8,genus,Taxon counts,302
metaphlan42,marine8,species,Taxon counts,448
metakssd,marine8,kingdom,Bray-Curtis distance,0.00204510844355291
metakssd,marine8,phylum,Bray-Curtis distance,0.0659756790616207
metakssd,marine8,class,Bray-Curtis distance,0.0873798166418847
metakssd,marine8,order,Bray-Curtis distance,0.105897892347455
metakssd,marine8,family,Bray-Curtis distance,0.114354415595636
metakssd,marine8,genus,Bray-Curtis distance,0.136889987910928
metakssd,marine8,species,Bray-Curtis distance,0.173856273959292
metakssd,marine8,phylum,Shannon diversity,1.76703990709729
metakssd,marine8,phylum,Shannon equitability,0.489360309440907
metakssd,marine8,class,Shannon diversity,2.18853424779755
metakssd,marine8,class,Shannon equitability,0.546132339547552
metakssd,marine8,order,Shannon diversity,3.36622408211721
metakssd,marine8,order,Shannon equitability,0.71614469589423
metakssd,marine8,family,Shannon diversity,3.88943793021365
metakssd,marine8,family,Shannon equitability,0.747392953946881
metakssd,marine8,genus,Shannon diversity,4.60001743660384
metakssd,marine8,genus,Shannon equitability,0.788770599291384
metakssd,marine8,species,Shannon diversity,5.27807730831519
metakssd,marine8,species,Shannon equitability,0.831305995266636
metakssd,marine8,kingdom,True positives,2
metakssd,marine8,kingdom,False negatives,0
metakssd,marine8,kingdom,False positives,0
metakssd,marine8,kingdom,Completeness,1
metakssd,marine8,kingdom,Purity,1
metakssd,marine8,kingdom,F1 score,1
metakssd,marine8,kingdom,Jaccard index,1
metakssd,marine8,phylum,True positives,37
metakssd,marine8,phylum,False negatives,0
metakssd,marine8,phylum,False positives,0
metakssd,marine8,phylum,Completeness,1
metakssd,marine8,phylum,Purity,1
metakssd,marine8,phylum,F1 score,1
metakssd,marine8,phylum,Jaccard index,1
metakssd,marine8,class,True positives,55
metakssd,marine8,class,False negatives,0
metakssd,marine8,class,False positives,0
metakssd,marine8,class,Completeness,1
metakssd,marine8,class,Purity,1
metakssd,marine8,class,F1 score,1
metakssd,marine8,class,Jaccard index,1
metakssd,marine8,order,True positives,110
metakssd,marine8,order,False negatives,0
metakssd,marine8,order,False positives,0
metakssd,marine8,order,Completeness,1
metakssd,marine8,order,Purity,1
metakssd,marine8,order,F1 score,1
metakssd,marine8,order,Jaccard index,1
metakssd,marine8,family,True positives,182
metakssd,marine8,family,False negatives,2
metakssd,marine8,family,False positives,0
metakssd,marine8,family,Completeness,0.989130434782609
metakssd,marine8,family,Purity,1
metakssd,marine8,family,F1 score,0.994535519125683
metakssd,marine8,family,Jaccard index,0.989130434782609
metakssd,marine8,genus,True positives,341
metakssd,marine8,genus,False negatives,4
metakssd,marine8,genus,False positives,0
metakssd,marine8,genus,Completeness,0.988405797101449
metakssd,marine8,genus,Purity,1
metakssd,marine8,genus,F1 score,0.994169096209913
metakssd,marine8,genus,Jaccard index,0.988405797101449
metakssd,marine8,species,True positives,499
metakssd,marine8,species,False negatives,17
metakssd,marine8,species,False positives,73
metakssd,marine8,species,Completeness,0.967054263565892
metakssd,marine8,species,Purity,0.872377622377622
metakssd,marine8,species,F1 score,0.917279411764706
metakssd,marine8,species,Jaccard index,0.847198641765705
metakssd,marine8,kingdom,L1 norm error,0.00409021688710582
metakssd,marine8,phylum,L1 norm error,0.131951358123241
metakssd,marine8,class,L1 norm error,0.17475963328377
metakssd,marine8,order,L1 norm error,0.21179578469491
metakssd,marine8,family,L1 norm error,0.228708831191272
metakssd,marine8,genus,L1 norm error,0.273779975821857
metakssd,marine8,species,L1 norm error,0.347712547918585
metakssd,marine8,na,Weighted UniFrac error,0.0112809562794892
metakssd,marine8,na,Unweighted UniFrac error,0.166573920961689
metakssd,marine8,na,Weighted UniFrac (CAMI),1.37279834792074
metakssd,marine8,na,Unweighted UniFrac (CAMI),734
metakssd,marine8,phylum,Sum of abundances,1
metakssd,marine8,class,Sum of abundances,1
metakssd,marine8,order,Sum of abundances,0.999999999999998
metakssd,marine8,family,Sum of abundances,0.999999999999997
metakssd,marine8,genus,Sum of abundances,0.999999999999995
metakssd,marine8,species,Sum of abundances,0.999999999999992
metakssd,marine8,phylum,Taxon counts,37
metakssd,marine8,class,Taxon counts,55
metakssd,marine8,order,Taxon counts,110
metakssd,marine8,family,Taxon counts,182
metakssd,marine8,genus,Taxon counts,341
metakssd,marine8,species,Taxon counts,572
singlem,marine9,kingdom,Bray-Curtis distance,0.00280457497431486
singlem,marine9,phylum,Bray-Curtis distance,0.0274307779960349
singlem,marine9,class,Bray-Curtis distance,0.028311891460816
singlem,marine9,order,Bray-Curtis distance,0.037458022839719
singlem,marine9,family,Bray-Curtis distance,0.0409413371340179
singlem,marine9,genus,Bray-Curtis distance,0.0548664717974122
singlem,marine9,species,Bray-Curtis distance,0.150311001539348
singlem,marine9,phylum,Shannon diversity,2.1329420980056
singlem,marine9,phylum,Shannon equitability,0.599924975309467
singlem,marine9,class,Shannon diversity,2.45491410075061
singlem,marine9,class,Shannon equitability,0.624370033177086
singlem,marine9,order,Shannon diversity,3.38959986952999
singlem,marine9,order,Shannon equitability,0.746066463210299
singlem,marine9,family,Shannon diversity,3.94839005424041
singlem,marine9,family,Shannon equitability,0.779914259086933
singlem,marine9,genus,Shannon diversity,4.51171049129782
singlem,marine9,genus,Shannon equitability,0.799176854038125
singlem,marine9,species,Shannon diversity,4.50184584403198
singlem,marine9,species,Shannon equitability,0.760589048371238
singlem,marine9,kingdom,True positives,2
singlem,marine9,kingdom,False negatives,0
singlem,marine9,kingdom,False positives,0
singlem,marine9,kingdom,Completeness,1
singlem,marine9,kingdom,Purity,1
singlem,marine9,kingdom,F1 score,1
singlem,marine9,kingdom,Jaccard index,1
singlem,marine9,phylum,True positives,35
singlem,marine9,phylum,False negatives,0
singlem,marine9,phylum,False positives,0
singlem,marine9,phylum,Completeness,1
singlem,marine9,phylum,Purity,1
singlem,marine9,phylum,F1 score,1
singlem,marine9,phylum,Jaccard index,1
singlem,marine9,class,True positives,51
singlem,marine9,class,False negatives,0
singlem,marine9,class,False positives,0
singlem,marine9,class,Completeness,1
singlem,marine9,class,Purity,1
singlem,marine9,class,F1 score,1
singlem,marine9,class,Jaccard index,1
singlem,marine9,order,True positives,94
singlem,marine9,order,False negatives,0
singlem,marine9,order,False positives,0
singlem,marine9,order,Completeness,1
singlem,marine9,order,Purity,1
singlem,marine9,order,F1 score,1
singlem,marine9,order,Jaccard index,1
singlem,marine9,family,True positives,158
singlem,marine9,family,False negatives,0
singlem,marine9,family,False positives,0
singlem,marine9,family,Completeness,1
singlem,marine9,family,Purity,1
singlem,marine9,family,F1 score,1
singlem,marine9,family,Jaccard index,1
singlem,marine9,genus,True positives,283
singlem,marine9,genus,False negatives,1
singlem,marine9,genus,False positives,0
singlem,marine9,genus,Completeness,0.996478873239437
singlem,marine9,genus,Purity,1
singlem,marine9,genus,F1 score,0.998236331569665
singlem,marine9,genus,Jaccard index,0.996478873239437
singlem,marine9,species,True positives,348
singlem,marine9,species,False negatives,55
singlem,marine9,species,False positives,24
singlem,marine9,species,Completeness,0.863523573200993
singlem,marine9,species,Purity,0.935483870967742
singlem,marine9,species,F1 score,0.898064516129032
singlem,marine9,species,Jaccard index,0.814988290398127
singlem,marine9,kingdom,L1 norm error,0.00560914994862972
singlem,marine9,phylum,L1 norm error,0.0546514437787016
singlem,marine9,class,L1 norm error,0.0563548378391776
singlem,marine9,order,L1 norm error,0.0743098391257264
singlem,marine9,family,L1 norm error,0.0808705791760337
singlem,marine9,genus,L1 norm error,0.107015608006254
singlem,marine9,species,L1 norm error,0.280031697565598
singlem,marine9,na,Weighted UniFrac error,0.0050509149702332
singlem,marine9,na,Unweighted UniFrac error,0.345550143833117
singlem,marine9,na,Weighted UniFrac (CAMI),0.65884315544012
singlem,marine9,na,Unweighted UniFrac (CAMI),1030
singlem,marine9,phylum,Sum of abundances,0.992340275095419
singlem,marine9,class,Sum of abundances,0.990500631763636
singlem,marine9,order,Sum of abundances,0.98381637609904
singlem,marine9,family,Sum of abundances,0.975279383555814
singlem,marine9,genus,Sum of abundances,0.950473659057134
singlem,marine9,species,Sum of abundances,0.863015312903036
singlem,marine9,phylum,Taxon counts,35
singlem,marine9,class,Taxon counts,51
singlem,marine9,order,Taxon counts,94
singlem,marine9,family,Taxon counts,158
singlem,marine9,genus,Taxon counts,283
singlem,marine9,species,Taxon counts,372
metaphlan,marine9,kingdom,Bray-Curtis distance,0.00589779688738613
metaphlan,marine9,phylum,Bray-Curtis distance,0.103328435708399
metaphlan,marine9,class,Bray-Curtis distance,0.108120009676345
metaphlan,marine9,order,Bray-Curtis distance,0.142477269081277
metaphlan,marine9,family,Bray-Curtis distance,0.155966256719549
metaphlan,marine9,genus,Bray-Curtis distance,0.181148958618172
metaphlan,marine9,species,Bray-Curtis distance,0.255759153518258
metaphlan,marine9,phylum,Shannon diversity,2.17198902517204
metaphlan,marine9,phylum,Shannon equitability,0.638595406688979
metaphlan,marine9,class,Shannon diversity,2.44271671523092
metaphlan,marine9,class,Shannon equitability,0.653540030205455
metaphlan,marine9,order,Shannon diversity,3.40402395357033
metaphlan,marine9,order,Shannon equitability,0.770343231562657
metaphlan,marine9,family,Shannon diversity,4.00128952109577
metaphlan,marine9,family,Shannon equitability,0.812072967371095
metaphlan,marine9,genus,Shannon diversity,4.69146829746952
metaphlan,marine9,genus,Shannon equitability,0.848454374442654
metaphlan,marine9,species,Shannon diversity,5.08947136163969
metaphlan,marine9,species,Shannon equitability,0.865889783174078
metaphlan,marine9,kingdom,True positives,2
metaphlan,marine9,kingdom,False negatives,0
metaphlan,marine9,kingdom,False positives,0
metaphlan,marine9,kingdom,Completeness,1
metaphlan,marine9,kingdom,Purity,1
metaphlan,marine9,kingdom,F1 score,1
metaphlan,marine9,kingdom,Jaccard index,1
metaphlan,marine9,phylum,True positives,30
metaphlan,marine9,phylum,False negatives,5
metaphlan,marine9,phylum,False positives,0
metaphlan,marine9,phylum,Completeness,0.857142857142857
metaphlan,marine9,phylum,Purity,1
metaphlan,marine9,phylum,F1 score,0.923076923076923
metaphlan,marine9,phylum,Jaccard index,0.857142857142857
metaphlan,marine9,class,True positives,42
metaphlan,marine9,class,False negatives,9
metaphlan,marine9,class,False positives,0
metaphlan,marine9,class,Completeness,0.823529411764706
metaphlan,marine9,class,Purity,1
metaphlan,marine9,class,F1 score,0.903225806451613
metaphlan,marine9,class,Jaccard index,0.823529411764706
metaphlan,marine9,order,True positives,83
metaphlan,marine9,order,False negatives,11
metaphlan,marine9,order,False positives,0
metaphlan,marine9,order,Completeness,0.882978723404255
metaphlan,marine9,order,Purity,1
metaphlan,marine9,order,F1 score,0.937853107344633
metaphlan,marine9,order,Jaccard index,0.882978723404255
metaphlan,marine9,family,True positives,138
metaphlan,marine9,family,False negatives,20
metaphlan,marine9,family,False positives,0
metaphlan,marine9,family,Completeness,0.873417721518987
metaphlan,marine9,family,Purity,1
metaphlan,marine9,family,F1 score,0.932432432432432
metaphlan,marine9,family,Jaccard index,0.873417721518987
metaphlan,marine9,genus,True positives,252
metaphlan,marine9,genus,False negatives,32
metaphlan,marine9,genus,False positives,0
metaphlan,marine9,genus,Completeness,0.887323943661972
metaphlan,marine9,genus,Purity,1
metaphlan,marine9,genus,F1 score,0.940298507462687
metaphlan,marine9,genus,Jaccard index,0.887323943661972
metaphlan,marine9,species,True positives,321
metaphlan,marine9,species,False negatives,82
metaphlan,marine9,species,False positives,36
metaphlan,marine9,species,Completeness,0.796526054590571
metaphlan,marine9,species,Purity,0.899159663865546
metaphlan,marine9,species,F1 score,0.844736842105263
metaphlan,marine9,species,Jaccard index,0.73120728929385
metaphlan,marine9,kingdom,L1 norm error,0.0117955937747723
metaphlan,marine9,phylum,L1 norm error,0.206656871416797
metaphlan,marine9,class,L1 norm error,0.216240019352689
metaphlan,marine9,order,L1 norm error,0.284954538162554
metaphlan,marine9,family,L1 norm error,0.311932513439098
metaphlan,marine9,genus,L1 norm error,0.362297917236343
metaphlan,marine9,species,L1 norm error,0.511518307036515
metaphlan,marine9,na,Weighted UniFrac error,0.015900017113083
metaphlan,marine9,na,Unweighted UniFrac error,0.137979893944738
metaphlan,marine9,na,Weighted UniFrac (CAMI),1.90539576041877
metaphlan,marine9,na,Unweighted UniFrac (CAMI),506
metaphlan,marine9,phylum,Sum of abundances,1
metaphlan,marine9,class,Sum of abundances,1
metaphlan,marine9,order,Sum of abundances,1
metaphlan,marine9,family,Sum of abundances,1
metaphlan,marine9,genus,Sum of abundances,1
metaphlan,marine9,species,Sum of abundances,1
metaphlan,marine9,phylum,Taxon counts,30
metaphlan,marine9,class,Taxon counts,42
metaphlan,marine9,order,Taxon counts,83
metaphlan,marine9,family,Taxon counts,138
metaphlan,marine9,genus,Taxon counts,252
metaphlan,marine9,species,Taxon counts,357
kraken,marine9,kingdom,Bray-Curtis distance,0.00864539464865644
kraken,marine9,phylum,Bray-Curtis distance,0.147925772205381
kraken,marine9,class,Bray-Curtis distance,0.149894574764333
kraken,marine9,order,Bray-Curtis distance,0.188282570909822
kraken,marine9,family,Bray-Curtis distance,0.204062918754605
kraken,marine9,genus,Bray-Curtis distance,0.219114274850094
kraken,marine9,species,Bray-Curtis distance,0.280743653440708
kraken,marine9,phylum,Shannon diversity,1.94477939250354
kraken,marine9,phylum,Shannon equitability,0.497128823068026
kraken,marine9,class,Shannon diversity,2.33574352102655
kraken,marine9,class,Shannon equitability,0.514107851892349
kraken,marine9,order,Shannon diversity,3.30275206342851
kraken,marine9,order,Shannon equitability,0.635328258064677
kraken,marine9,family,Shannon diversity,3.83656358486729
kraken,marine9,family,Shannon equitability,0.672634975459603
kraken,marine9,genus,Shannon diversity,4.60732222889316
kraken,marine9,genus,Shannon equitability,0.688985703548054
kraken,marine9,species,Shannon diversity,5.7205127056565
kraken,marine9,species,Shannon equitability,0.705406573167046
kraken,marine9,kingdom,True positives,2
kraken,marine9,kingdom,False negatives,0
kraken,marine9,kingdom,False positives,0
kraken,marine9,kingdom,Completeness,1
kraken,marine9,kingdom,Purity,1
kraken,marine9,kingdom,F1 score,1
kraken,marine9,kingdom,Jaccard index,1
kraken,marine9,phylum,True positives,35
kraken,marine9,phylum,False negatives,0
kraken,marine9,phylum,False positives,15
kraken,marine9,phylum,Completeness,1
kraken,marine9,phylum,Purity,0.7
kraken,marine9,phylum,F1 score,0.823529411764706
kraken,marine9,phylum,Jaccard index,0.7
kraken,marine9,class,True positives,51
kraken,marine9,class,False negatives,0
kraken,marine9,class,False positives,43
kraken,marine9,class,Completeness,1
kraken,marine9,class,Purity,0.542553191489362
kraken,marine9,class,F1 score,0.703448275862069
kraken,marine9,class,Jaccard index,0.542553191489362
kraken,marine9,order,True positives,93
kraken,marine9,order,False negatives,1
kraken,marine9,order,False positives,88
kraken,marine9,order,Completeness,0.98936170212766
kraken,marine9,order,Purity,0.513812154696133
kraken,marine9,order,F1 score,0.676363636363636
kraken,marine9,order,Jaccard index,0.510989010989011
kraken,marine9,family,True positives,152
kraken,marine9,family,False negatives,6
kraken,marine9,family,False positives,148
kraken,marine9,family,Completeness,0.962025316455696
kraken,marine9,family,Purity,0.506666666666667
kraken,marine9,family,F1 score,0.663755458515284
kraken,marine9,family,Jaccard index,0.496732026143791
kraken,marine9,genus,True positives,275
kraken,marine9,genus,False negatives,9
kraken,marine9,genus,False positives,527
kraken,marine9,genus,Completeness,0.96830985915493
kraken,marine9,genus,Purity,0.342892768079801
kraken,marine9,genus,F1 score,0.506445672191529
kraken,marine9,genus,Jaccard index,0.339087546239211
kraken,marine9,species,True positives,398
kraken,marine9,species,False negatives,5
kraken,marine9,species,False positives,2928
kraken,marine9,species,Completeness,0.987593052109181
kraken,marine9,species,Purity,0.119663259170174
kraken,marine9,species,F1 score,0.213462054170019
kraken,marine9,species,Jaccard index,0.119483638546983
kraken,marine9,kingdom,L1 norm error,0.0172907892973129
kraken,marine9,phylum,L1 norm error,0.295838231091263
kraken,marine9,class,L1 norm error,0.299769663233946
kraken,marine9,order,L1 norm error,0.376491711616988
kraken,marine9,family,L1 norm error,0.407960546545019
kraken,marine9,genus,L1 norm error,0.437533957448913
kraken,marine9,species,L1 norm error,0.558460890297315
kraken,marine9,na,Weighted UniFrac error,0.0206974752791013
kraken,marine9,na,Unweighted UniFrac error,7.77325992748204
kraken,marine9,na,Weighted UniFrac (CAMI),2.38204478982344
kraken,marine9,na,Unweighted UniFrac (CAMI),23993.90397
kraken,marine9,phylum,Sum of abundances,0.999910000000001
kraken,marine9,class,Sum of abundances,0.999870000000002
kraken,marine9,order,Sum of abundances,0.999610000000002
kraken,marine9,family,Sum of abundances,0.999190000000002
kraken,marine9,genus,Sum of abundances,0.996830000000006
kraken,marine9,species,Sum of abundances,0.989220000000009
kraken,marine9,phylum,Taxon counts,50
kraken,marine9,class,Taxon counts,94
kraken,marine9,order,Taxon counts,181
kraken,marine9,family,Taxon counts,300
kraken,marine9,genus,Taxon counts,802
kraken,marine9,species,Taxon counts,3326
sourmash,marine9,kingdom,Bray-Curtis distance,0.00574912958841543
sourmash,marine9,phylum,Bray-Curtis distance,0.158049256591522
sourmash,marine9,class,Bray-Curtis distance,0.161991587697403
sourmash,marine9,order,Bray-Curtis distance,0.209202721353653
sourmash,marine9,family,Bray-Curtis distance,0.22677031590151
sourmash,marine9,genus,Bray-Curtis distance,0.261259349608046
sourmash,marine9,species,Bray-Curtis distance,0.304331596159991
sourmash,marine9,phylum,Shannon diversity,1.92042177421433
sourmash,marine9,phylum,Shannon equitability,0.589430592925442
sourmash,marine9,class,Shannon diversity,2.32075100400584
sourmash,marine9,class,Shannon equitability,0.642703894175867
sourmash,marine9,order,Shannon diversity,3.25663828279831
sourmash,marine9,order,Shannon equitability,0.769144158103334
sourmash,marine9,family,Shannon diversity,3.78291726870045
sourmash,marine9,family,Shannon equitability,0.795802144614406
sourmash,marine9,genus,Shannon diversity,4.39967655241338
sourmash,marine9,genus,Shannon equitability,0.832766779081665
sourmash,marine9,species,Shannon diversity,4.78138142030664
sourmash,marine9,species,Shannon equitability,0.852934399709533
sourmash,marine9,kingdom,True positives,2
sourmash,marine9,kingdom,False negatives,0
sourmash,marine9,kingdom,False positives,0
sourmash,marine9,kingdom,Completeness,1
sourmash,marine9,kingdom,Purity,1
sourmash,marine9,kingdom,F1 score,1
sourmash,marine9,kingdom,Jaccard index,1
sourmash,marine9,phylum,True positives,26
sourmash,marine9,phylum,False negatives,9
sourmash,marine9,phylum,False positives,0
sourmash,marine9,phylum,Completeness,0.742857142857143
sourmash,marine9,phylum,Purity,1
sourmash,marine9,phylum,F1 score,0.852459016393443
sourmash,marine9,phylum,Jaccard index,0.742857142857143
sourmash,marine9,class,True positives,37
sourmash,marine9,class,False negatives,14
sourmash,marine9,class,False positives,0
sourmash,marine9,class,Completeness,0.725490196078431
sourmash,marine9,class,Purity,1
sourmash,marine9,class,F1 score,0.840909090909091
sourmash,marine9,class,Jaccard index,0.725490196078431
sourmash,marine9,order,True positives,69
sourmash,marine9,order,False negatives,25
sourmash,marine9,order,False positives,0
sourmash,marine9,order,Completeness,0.734042553191489
sourmash,marine9,order,Purity,1
sourmash,marine9,order,F1 score,0.846625766871166
sourmash,marine9,order,Jaccard index,0.734042553191489
sourmash,marine9,family,True positives,116
sourmash,marine9,family,False negatives,42
sourmash,marine9,family,False positives,0
sourmash,marine9,family,Completeness,0.734177215189873
sourmash,marine9,family,Purity,1
sourmash,marine9,family,F1 score,0.846715328467153
sourmash,marine9,family,Jaccard index,0.734177215189873
sourmash,marine9,genus,True positives,196
sourmash,marine9,genus,False negatives,88
sourmash,marine9,genus,False positives,1
sourmash,marine9,genus,Completeness,0.690140845070423
sourmash,marine9,genus,Purity,0.99492385786802
sourmash,marine9,genus,F1 score,0.814968814968815
sourmash,marine9,genus,Jaccard index,0.687719298245614
sourmash,marine9,species,True positives,258
sourmash,marine9,species,False negatives,145
sourmash,marine9,species,False positives,14
sourmash,marine9,species,Completeness,0.640198511166253
sourmash,marine9,species,Purity,0.948529411764706
sourmash,marine9,species,F1 score,0.764444444444445
sourmash,marine9,species,Jaccard index,0.618705035971223
sourmash,marine9,kingdom,L1 norm error,0.0114982591768309
sourmash,marine9,phylum,L1 norm error,0.315384435216517
sourmash,marine9,class,L1 norm error,0.323739212160322
sourmash,marine9,order,L1 norm error,0.417775314028529
sourmash,marine9,family,L1 norm error,0.453199110242928
sourmash,marine9,genus,L1 norm error,0.51897753333285
sourmash,marine9,species,L1 norm error,0.589871632918536
sourmash,marine9,na,Weighted UniFrac error,0.0225032790411663
sourmash,marine9,na,Unweighted UniFrac error,0.289822735720548
sourmash,marine9,na,Weighted UniFrac (CAMI),2.63044549707652
sourmash,marine9,na,Unweighted UniFrac (CAMI),975.143072289156
sourmash,marine9,phylum,Sum of abundances,0.995481927710843
sourmash,marine9,class,Sum of abundances,0.998493975903614
sourmash,marine9,order,Sum of abundances,0.996987951807228
sourmash,marine9,family,Sum of abundances,0.998493975903613
sourmash,marine9,genus,Sum of abundances,0.986445783132528
sourmash,marine9,species,Sum of abundances,0.93825301204819
sourmash,marine9,phylum,Taxon counts,26
sourmash,marine9,class,Taxon counts,37
sourmash,marine9,order,Taxon counts,69
sourmash,marine9,family,Taxon counts,116
sourmash,marine9,genus,Taxon counts,197
sourmash,marine9,species,Taxon counts,272
metabuli,marine9,kingdom,Bray-Curtis distance,0.00922598788292084
metabuli,marine9,phylum,Bray-Curtis distance,0.197469470837614
metabuli,marine9,class,Bray-Curtis distance,0.2048559533897
metabuli,marine9,order,Bray-Curtis distance,0.257069150209673
metabuli,marine9,family,Bray-Curtis distance,0.283707430646544
metabuli,marine9,genus,Bray-Curtis distance,0.368034511789824
metabuli,marine9,species,Bray-Curtis distance,0.575025546180394
metabuli,marine9,phylum,Shannon diversity,1.74455427088715
metabuli,marine9,phylum,Shannon equitability,0.431494471704171
metabuli,marine9,class,Shannon diversity,2.14604181063405
metabuli,marine9,class,Shannon equitability,0.447484474192568
metabuli,marine9,order,Shannon diversity,3.08623641053527
metabuli,marine9,order,Shannon equitability,0.542362294562968
metabuli,marine9,family,Shannon diversity,3.67573685089942
metabuli,marine9,family,Shannon equitability,0.569840121781008
metabuli,marine9,genus,Shannon diversity,4.57088286914662
metabuli,marine9,genus,Shannon equitability,0.593285123779626
metabuli,marine9,species,Shannon diversity,5.32375232181428
metabuli,marine9,species,Shannon equitability,0.602949295954432
metabuli,marine9,kingdom,True positives,2
metabuli,marine9,kingdom,False negatives,0
metabuli,marine9,kingdom,False positives,0
metabuli,marine9,kingdom,Completeness,1
metabuli,marine9,kingdom,Purity,1
metabuli,marine9,kingdom,F1 score,1
metabuli,marine9,kingdom,Jaccard index,1
metabuli,marine9,phylum,True positives,32
metabuli,marine9,phylum,False negatives,3
metabuli,marine9,phylum,False positives,25
metabuli,marine9,phylum,Completeness,0.914285714285714
metabuli,marine9,phylum,Purity,0.56140350877193
metabuli,marine9,phylum,F1 score,0.695652173913044
metabuli,marine9,phylum,Jaccard index,0.533333333333333
metabuli,marine9,class,True positives,47
metabuli,marine9,class,False negatives,4
metabuli,marine9,class,False positives,74
metabuli,marine9,class,Completeness,0.92156862745098
metabuli,marine9,class,Purity,0.388429752066116
metabuli,marine9,class,F1 score,0.546511627906977
metabuli,marine9,class,Jaccard index,0.376
metabuli,marine9,order,True positives,82
metabuli,marine9,order,False negatives,12
metabuli,marine9,order,False positives,214
metabuli,marine9,order,Completeness,0.872340425531915
metabuli,marine9,order,Purity,0.277027027027027
metabuli,marine9,order,F1 score,0.420512820512821
metabuli,marine9,order,Jaccard index,0.266233766233766
metabuli,marine9,family,True positives,134
metabuli,marine9,family,False negatives,24
metabuli,marine9,family,False positives,499
metabuli,marine9,family,Completeness,0.848101265822785
metabuli,marine9,family,Purity,0.211690363349131
metabuli,marine9,family,F1 score,0.338811630847029
metabuli,marine9,family,Jaccard index,0.203957382039574
metabuli,marine9,genus,True positives,200
metabuli,marine9,genus,False negatives,84
metabuli,marine9,genus,False positives,2018
metabuli,marine9,genus,Completeness,0.704225352112676
metabuli,marine9,genus,Purity,0.0901713255184851
metabuli,marine9,genus,F1 score,0.159872102318146
metabuli,marine9,genus,Jaccard index,0.0868809730668984
metabuli,marine9,species,True positives,202
metabuli,marine9,species,False negatives,201
metabuli,marine9,species,False positives,6631
metabuli,marine9,species,Completeness,0.501240694789082
metabuli,marine9,species,Purity,0.0295624176789112
metabuli,marine9,species,F1 score,0.0558319513543394
metabuli,marine9,species,Jaccard index,0.0287176570941143
metabuli,marine9,kingdom,L1 norm error,0.0184519757658417
metabuli,marine9,phylum,L1 norm error,0.391001072563975
metabuli,marine9,class,L1 norm error,0.404903570506958
metabuli,marine9,order,L1 norm error,0.505899406879468
metabuli,marine9,family,L1 norm error,0.556837671455682
metabuli,marine9,genus,L1 norm error,0.714219034426356
metabuli,marine9,species,L1 norm error,1.05685621304584
metabuli,marine9,na,Weighted UniFrac error,0.0299872551873566
metabuli,marine9,na,Unweighted UniFrac error,16.8464013178416
metabuli,marine9,na,Weighted UniFrac (CAMI),3.64816894464413
metabuli,marine9,na,Unweighted UniFrac (CAMI),52429
metabuli,marine9,phylum,Sum of abundances,0.980058339678788
metabuli,marine9,class,Sum of abundances,0.976528208270834
metabuli,marine9,order,Sum of abundances,0.967950671898367
metabuli,marine9,family,Sum of abundances,0.962717966838927
metabuli,marine9,genus,Sum of abundances,0.940630597258306
metabuli,marine9,species,Sum of abundances,0.837929149523891
metabuli,marine9,phylum,Taxon counts,57
metabuli,marine9,class,Taxon counts,121
metabuli,marine9,order,Taxon counts,296
metabuli,marine9,family,Taxon counts,633
metabuli,marine9,genus,Taxon counts,2218
metabuli,marine9,species,Taxon counts,6833
sylph,marine9,kingdom,Bray-Curtis distance,0.000525263907871889
sylph,marine9,phylum,Bray-Curtis distance,0.00274663631781158
sylph,marine9,class,Bray-Curtis distance,0.003422553118128
sylph,marine9,order,Bray-Curtis distance,0.00541477055013126
sylph,marine9,family,Bray-Curtis distance,0.0069524349429426
sylph,marine9,genus,Bray-Curtis distance,0.0099237949308968
sylph,marine9,species,Bray-Curtis distance,0.0356046228008557
sylph,marine9,phylum,Shannon diversity,2.18044158272017
sylph,marine9,phylum,Shannon equitability,0.613284985044963
sylph,marine9,class,Shannon diversity,2.51222799301247
sylph,marine9,class,Shannon equitability,0.638946949250079
sylph,marine9,order,Shannon diversity,3.47209677785592
sylph,marine9,order,Shannon equitability,0.764224410752659
sylph,marine9,family,Shannon diversity,4.06125385401975
sylph,marine9,family,Shannon equitability,0.802207924498258
sylph,marine9,genus,Shannon diversity,4.75413597649147
sylph,marine9,genus,Shannon equitability,0.84159278765608
sylph,marine9,species,Shannon diversity,5.24272389641803
sylph,marine9,species,Shannon equitability,0.87466760672397
sylph,marine9,kingdom,True positives,2
sylph,marine9,kingdom,False negatives,0
sylph,marine9,kingdom,False positives,0
sylph,marine9,kingdom,Completeness,1
sylph,marine9,kingdom,Purity,1
sylph,marine9,kingdom,F1 score,1
sylph,marine9,kingdom,Jaccard index,1
sylph,marine9,phylum,True positives,35
sylph,marine9,phylum,False negatives,0
sylph,marine9,phylum,False positives,0
sylph,marine9,phylum,Completeness,1
sylph,marine9,phylum,Purity,1
sylph,marine9,phylum,F1 score,1
sylph,marine9,phylum,Jaccard index,1
sylph,marine9,class,True positives,51
sylph,marine9,class,False negatives,0
sylph,marine9,class,False positives,0
sylph,marine9,class,Completeness,1
sylph,marine9,class,Purity,1
sylph,marine9,class,F1 score,1
sylph,marine9,class,Jaccard index,1
sylph,marine9,order,True positives,94
sylph,marine9,order,False negatives,0
sylph,marine9,order,False positives,0
sylph,marine9,order,Completeness,1
sylph,marine9,order,Purity,1
sylph,marine9,order,F1 score,1
sylph,marine9,order,Jaccard index,1
sylph,marine9,family,True positives,158
sylph,marine9,family,False negatives,0
sylph,marine9,family,False positives,0
sylph,marine9,family,Completeness,1
sylph,marine9,family,Purity,1
sylph,marine9,family,F1 score,1
sylph,marine9,family,Jaccard index,1
sylph,marine9,genus,True positives,284
sylph,marine9,genus,False negatives,0
sylph,marine9,genus,False positives,0
sylph,marine9,genus,Completeness,1
sylph,marine9,genus,Purity,1
sylph,marine9,genus,F1 score,1
sylph,marine9,genus,Jaccard index,1
sylph,marine9,species,True positives,398
sylph,marine9,species,False negatives,5
sylph,marine9,species,False positives,3
sylph,marine9,species,Completeness,0.987593052109181
sylph,marine9,species,Purity,0.992518703241895
sylph,marine9,species,F1 score,0.990049751243781
sylph,marine9,species,Jaccard index,0.980295566502463
sylph,marine9,kingdom,L1 norm error,0.00105052781574378
sylph,marine9,phylum,L1 norm error,0.00549327263562317
sylph,marine9,class,L1 norm error,0.00684510623625601
sylph,marine9,order,L1 norm error,0.0108295411002625
sylph,marine9,family,L1 norm error,0.0139048698858852
sylph,marine9,genus,L1 norm error,0.0198475898617936
sylph,marine9,species,L1 norm error,0.0712092456017115
sylph,marine9,na,Weighted UniFrac error,0.000876676726794935
sylph,marine9,na,Unweighted UniFrac error,0.0257390942693053
sylph,marine9,na,Weighted UniFrac (CAMI),0.129180153137275
sylph,marine9,na,Unweighted UniFrac (CAMI),117
sylph,marine9,phylum,Sum of abundances,1
sylph,marine9,class,Sum of abundances,1
sylph,marine9,order,Sum of abundances,1
sylph,marine9,family,Sum of abundances,1
sylph,marine9,genus,Sum of abundances,1
sylph,marine9,species,Sum of abundances,1
sylph,marine9,phylum,Taxon counts,35
sylph,marine9,class,Taxon counts,51
sylph,marine9,order,Taxon counts,94
sylph,marine9,family,Taxon counts,158
sylph,marine9,genus,Taxon counts,284
sylph,marine9,species,Taxon counts,401
metaphlan42,marine9,kingdom,Bray-Curtis distance,0.0058977968873862
metaphlan42,marine9,phylum,Bray-Curtis distance,0.103328435708399
metaphlan42,marine9,class,Bray-Curtis distance,0.108120009676345
metaphlan42,marine9,order,Bray-Curtis distance,0.142477269081277
metaphlan42,marine9,family,Bray-Curtis distance,0.155966256719549
metaphlan42,marine9,genus,Bray-Curtis distance,0.181148958618172
metaphlan42,marine9,species,Bray-Curtis distance,0.255759153518258
metaphlan42,marine9,phylum,Shannon diversity,2.17198902517204
metaphlan42,marine9,phylum,Shannon equitability,0.638595406688979
metaphlan42,marine9,class,Shannon diversity,2.44271671523092
metaphlan42,marine9,class,Shannon equitability,0.653540030205455
metaphlan42,marine9,order,Shannon diversity,3.40402395357033
metaphlan42,marine9,order,Shannon equitability,0.770343231562657
metaphlan42,marine9,family,Shannon diversity,4.00128952109577
metaphlan42,marine9,family,Shannon equitability,0.812072967371095
metaphlan42,marine9,genus,Shannon diversity,4.69146829746952
metaphlan42,marine9,genus,Shannon equitability,0.848454374442654
metaphlan42,marine9,species,Shannon diversity,5.08947136163969
metaphlan42,marine9,species,Shannon equitability,0.865889783174078
metaphlan42,marine9,kingdom,True positives,2
metaphlan42,marine9,kingdom,False negatives,0
metaphlan42,marine9,kingdom,False positives,0
metaphlan42,marine9,kingdom,Completeness,1
metaphlan42,marine9,kingdom,Purity,1
metaphlan42,marine9,kingdom,F1 score,1
metaphlan42,marine9,kingdom,Jaccard index,1
metaphlan42,marine9,phylum,True positives,30
metaphlan42,marine9,phylum,False negatives,5
metaphlan42,marine9,phylum,False positives,0
metaphlan42,marine9,phylum,Completeness,0.857142857142857
metaphlan42,marine9,phylum,Purity,1
metaphlan42,marine9,phylum,F1 score,0.923076923076923
metaphlan42,marine9,phylum,Jaccard index,0.857142857142857
metaphlan42,marine9,class,True positives,42
metaphlan42,marine9,class,False negatives,9
metaphlan42,marine9,class,False positives,0
metaphlan42,marine9,class,Completeness,0.823529411764706
metaphlan42,marine9,class,Purity,1
metaphlan42,marine9,class,F1 score,0.903225806451613
metaphlan42,marine9,class,Jaccard index,0.823529411764706
metaphlan42,marine9,order,True positives,83
metaphlan42,marine9,order,False negatives,11
metaphlan42,marine9,order,False positives,0
metaphlan42,marine9,order,Completeness,0.882978723404255
metaphlan42,marine9,order,Purity,1
metaphlan42,marine9,order,F1 score,0.937853107344633
metaphlan42,marine9,order,Jaccard index,0.882978723404255
metaphlan42,marine9,family,True positives,138
metaphlan42,marine9,family,False negatives,20
metaphlan42,marine9,family,False positives,0
metaphlan42,marine9,family,Completeness,0.873417721518987
metaphlan42,marine9,family,Purity,1
metaphlan42,marine9,family,F1 score,0.932432432432432
metaphlan42,marine9,family,Jaccard index,0.873417721518987
metaphlan42,marine9,genus,True positives,252
metaphlan42,marine9,genus,False negatives,32
metaphlan42,marine9,genus,False positives,0
metaphlan42,marine9,genus,Completeness,0.887323943661972
metaphlan42,marine9,genus,Purity,1
metaphlan42,marine9,genus,F1 score,0.940298507462687
metaphlan42,marine9,genus,Jaccard index,0.887323943661972
metaphlan42,marine9,species,True positives,321
metaphlan42,marine9,species,False negatives,82
metaphlan42,marine9,species,False positives,36
metaphlan42,marine9,species,Completeness,0.796526054590571
metaphlan42,marine9,species,Purity,0.899159663865546
metaphlan42,marine9,species,F1 score,0.844736842105263
metaphlan42,marine9,species,Jaccard index,0.73120728929385
metaphlan42,marine9,kingdom,L1 norm error,0.0117955937747724
metaphlan42,marine9,phylum,L1 norm error,0.206656871416797
metaphlan42,marine9,class,L1 norm error,0.216240019352689
metaphlan42,marine9,order,L1 norm error,0.284954538162554
metaphlan42,marine9,family,L1 norm error,0.311932513439098
metaphlan42,marine9,genus,L1 norm error,0.362297917236343
metaphlan42,marine9,species,L1 norm error,0.511518307036515
metaphlan42,marine9,na,Weighted UniFrac error,0.015900017113083
metaphlan42,marine9,na,Unweighted UniFrac error,0.137337690800593
metaphlan42,marine9,na,Weighted UniFrac (CAMI),1.90539576041877
metaphlan42,marine9,na,Unweighted UniFrac (CAMI),498
metaphlan42,marine9,phylum,Sum of abundances,1
metaphlan42,marine9,class,Sum of abundances,1
metaphlan42,marine9,order,Sum of abundances,1
metaphlan42,marine9,family,Sum of abundances,1
metaphlan42,marine9,genus,Sum of abundances,1
metaphlan42,marine9,species,Sum of abundances,1
metaphlan42,marine9,phylum,Taxon counts,30
metaphlan42,marine9,class,Taxon counts,42
metaphlan42,marine9,order,Taxon counts,83
metaphlan42,marine9,family,Taxon counts,138
metaphlan42,marine9,genus,Taxon counts,252
metaphlan42,marine9,species,Taxon counts,357
metakssd,marine9,kingdom,Bray-Curtis distance,0.000872301818748939
metakssd,marine9,phylum,Bray-Curtis distance,0.0311490128949627
metakssd,marine9,class,Bray-Curtis distance,0.0321972959751419
metakssd,marine9,order,Bray-Curtis distance,0.0454693877147586
metakssd,marine9,family,Bray-Curtis distance,0.0588099883153791
metakssd,marine9,genus,Bray-Curtis distance,0.0778407515428167
metakssd,marine9,species,Bray-Curtis distance,0.0977971292918366
metakssd,marine9,phylum,Shannon diversity,2.14340206775162
metakssd,marine9,phylum,Shannon equitability,0.602867013491136
metakssd,marine9,class,Shannon diversity,2.48562262370793
metakssd,marine9,class,Shannon equitability,0.632180278550569
metakssd,marine9,order,Shannon diversity,3.43724031552026
metakssd,marine9,order,Shannon equitability,0.756552343672247
metakssd,marine9,family,Shannon diversity,4.01655209154155
metakssd,marine9,family,Shannon equitability,0.796393720225402
metakssd,marine9,genus,Shannon diversity,4.72367203317143
metakssd,marine9,genus,Shannon equitability,0.838837574608781
metakssd,marine9,species,Shannon diversity,5.30892599153467
metakssd,marine9,species,Shannon equitability,0.870911873719741
metakssd,marine9,kingdom,True positives,2
metakssd,marine9,kingdom,False negatives,0
metakssd,marine9,kingdom,False positives,0
metakssd,marine9,kingdom,Completeness,1
metakssd,marine9,kingdom,Purity,1
metakssd,marine9,kingdom,F1 score,1
metakssd,marine9,kingdom,Jaccard index,1
metakssd,marine9,phylum,True positives,35
metakssd,marine9,phylum,False negatives,0
metakssd,marine9,phylum,False positives,0
metakssd,marine9,phylum,Completeness,1
metakssd,marine9,phylum,Purity,1
metakssd,marine9,phylum,F1 score,1
metakssd,marine9,phylum,Jaccard index,1
metakssd,marine9,class,True positives,51
metakssd,marine9,class,False negatives,0
metakssd,marine9,class,False positives,0
metakssd,marine9,class,Completeness,1
metakssd,marine9,class,Purity,1
metakssd,marine9,class,F1 score,1
metakssd,marine9,class,Jaccard index,1
metakssd,marine9,order,True positives,94
metakssd,marine9,order,False negatives,0
metakssd,marine9,order,False positives,0
metakssd,marine9,order,Completeness,1
metakssd,marine9,order,Purity,1
metakssd,marine9,order,F1 score,1
metakssd,marine9,order,Jaccard index,1
metakssd,marine9,family,True positives,155
metakssd,marine9,family,False negatives,3
metakssd,marine9,family,False positives,0
metakssd,marine9,family,Completeness,0.981012658227848
metakssd,marine9,family,Purity,1
metakssd,marine9,family,F1 score,0.990415335463259
metakssd,marine9,family,Jaccard index,0.981012658227848
metakssd,marine9,genus,True positives,279
metakssd,marine9,genus,False negatives,5
metakssd,marine9,genus,False positives,0
metakssd,marine9,genus,Completeness,0.982394366197183
metakssd,marine9,genus,Purity,1
metakssd,marine9,genus,F1 score,0.991119005328597
metakssd,marine9,genus,Jaccard index,0.982394366197183
metakssd,marine9,species,True positives,391
metakssd,marine9,species,False negatives,12
metakssd,marine9,species,False positives,53
metakssd,marine9,species,Completeness,0.970223325062035
metakssd,marine9,species,Purity,0.880630630630631
metakssd,marine9,species,F1 score,0.923258559622196
metakssd,marine9,species,Jaccard index,0.857456140350877
metakssd,marine9,kingdom,L1 norm error,0.00174460363749788
metakssd,marine9,phylum,L1 norm error,0.0622980257899253
metakssd,marine9,class,L1 norm error,0.0643945919502838
metakssd,marine9,order,L1 norm error,0.0909387754295172
metakssd,marine9,family,L1 norm error,0.117619976630758
metakssd,marine9,genus,L1 norm error,0.155681503085633
metakssd,marine9,species,L1 norm error,0.195594258583673
metakssd,marine9,na,Weighted UniFrac error,0.00540771433373091
metakssd,marine9,na,Unweighted UniFrac error,0.144611915620623
metakssd,marine9,na,Weighted UniFrac (CAMI),0.688271735107293
metakssd,marine9,na,Unweighted UniFrac (CAMI),526
metakssd,marine9,phylum,Sum of abundances,1
metakssd,marine9,class,Sum of abundances,1
metakssd,marine9,order,Sum of abundances,1
metakssd,marine9,family,Sum of abundances,1
metakssd,marine9,genus,Sum of abundances,0.999999999999998
metakssd,marine9,species,Sum of abundances,0.999999999999997
metakssd,marine9,phylum,Taxon counts,35
metakssd,marine9,class,Taxon counts,51
metakssd,marine9,order,Taxon counts,94
metakssd,marine9,family,Taxon counts,155
metakssd,marine9,genus,Taxon counts,279
metakssd,marine9,species,Taxon counts,444
