tool	community	rank	metric	value
singlem	marine0	kingdom	Bray-Curtis distance	0.00100983249044789
singlem	marine0	phylum	Bray-Curtis distance	0.00742392491875367
singlem	marine0	class	Bray-Curtis distance	0.00935543090333876
singlem	marine0	order	Bray-Curtis distance	0.0188180417956755
singlem	marine0	family	Bray-Curtis distance	0.0254850184683146
singlem	marine0	genus	Bray-Curtis distance	0.0396962199390321
singlem	marine0	species	Bray-Curtis distance	0.149306077207276
singlem	marine0	phylum	Shannon diversity	1.52698226224216
singlem	marine0	phylum	Shannon equitability	0.486998908970932
singlem	marine0	class	Shannon diversity	1.90218745481081
singlem	marine0	class	Shannon equitability	0.530815516111192
singlem	marine0	order	Shannon diversity	3.0220215644115
singlem	marine0	order	Shannon equitability	0.706630230256737
singlem	marine0	family	Shannon diversity	3.4397455462653
singlem	marine0	family	Shannon equitability	0.723610031150944
singlem	marine0	genus	Shannon diversity	3.63142910815751
singlem	marine0	genus	Shannon equitability	0.705475085891794
singlem	marine0	species	Shannon diversity	3.26434568294133
singlem	marine0	species	Shannon equitability	0.622759105611698
singlem	marine0	kingdom	True positives	2
singlem	marine0	kingdom	False negatives	0
singlem	marine0	kingdom	False positives	0
singlem	marine0	kingdom	Completeness	1
singlem	marine0	kingdom	Purity	1
singlem	marine0	kingdom	F1 score	1
singlem	marine0	kingdom	Jaccard index	1
singlem	marine0	phylum	True positives	23
singlem	marine0	phylum	False negatives	0
singlem	marine0	phylum	False positives	0
singlem	marine0	phylum	Completeness	1
singlem	marine0	phylum	Purity	1
singlem	marine0	phylum	F1 score	1
singlem	marine0	phylum	Jaccard index	1
singlem	marine0	class	True positives	36
singlem	marine0	class	False negatives	2
singlem	marine0	class	False positives	0
singlem	marine0	class	Completeness	0.947368421052632
singlem	marine0	class	Purity	1
singlem	marine0	class	F1 score	0.972972972972973
singlem	marine0	class	Jaccard index	0.947368421052632
singlem	marine0	order	True positives	72
singlem	marine0	order	False negatives	6
singlem	marine0	order	False positives	0
singlem	marine0	order	Completeness	0.923076923076923
singlem	marine0	order	Purity	1
singlem	marine0	order	F1 score	0.96
singlem	marine0	order	Jaccard index	0.923076923076923
singlem	marine0	family	True positives	116
singlem	marine0	family	False negatives	13
singlem	marine0	family	False positives	0
singlem	marine0	family	Completeness	0.89922480620155
singlem	marine0	family	Purity	1
singlem	marine0	family	F1 score	0.946938775510204
singlem	marine0	family	Jaccard index	0.89922480620155
singlem	marine0	genus	True positives	171
singlem	marine0	genus	False negatives	41
singlem	marine0	genus	False positives	1
singlem	marine0	genus	Completeness	0.806603773584906
singlem	marine0	genus	Purity	0.994186046511628
singlem	marine0	genus	F1 score	0.890625
singlem	marine0	genus	Jaccard index	0.802816901408451
singlem	marine0	species	True positives	182
singlem	marine0	species	False negatives	114
singlem	marine0	species	False positives	7
singlem	marine0	species	Completeness	0.614864864864865
singlem	marine0	species	Purity	0.962962962962963
singlem	marine0	species	F1 score	0.750515463917526
singlem	marine0	species	Jaccard index	0.600660066006601
singlem	marine0	kingdom	L1 norm error	0.00201966498089577
singlem	marine0	phylum	L1 norm error	0.0148238672892202
singlem	marine0	class	L1 norm error	0.0186536207502896
singlem	marine0	order	L1 norm error	0.0373860578773025
singlem	marine0	family	L1 norm error	0.050309193624003
singlem	marine0	genus	L1 norm error	0.0774592318138176
singlem	marine0	species	L1 norm error	0.253201463297148
singlem	marine0	na	Weighted UniFrac error	0.00294487672450684
singlem	marine0	na	Unweighted UniFrac error	0.349326051075206
singlem	marine0	na	Weighted UniFrac (CAMI)	0.453853099632676
singlem	marine0	na	Unweighted UniFrac (CAMI)	935
singlem	marine0	phylum	Sum of abundances	0.996769559424476
singlem	marine0	class	Sum of abundances	0.993881515776311
singlem	marine0	order	Sum of abundances	0.986713510536149
singlem	marine0	family	Sum of abundances	0.974923146776631
singlem	marine0	genus	Sum of abundances	0.952153751107207
singlem	marine0	species	Sum of abundances	0.739614580154376
singlem	marine0	phylum	Taxon counts	23
singlem	marine0	class	Taxon counts	36
singlem	marine0	order	Taxon counts	72
singlem	marine0	family	Taxon counts	116
singlem	marine0	genus	Taxon counts	172
singlem	marine0	species	Taxon counts	189
metaphlan	marine0	kingdom	Bray-Curtis distance	0.00800191867189096
metaphlan	marine0	phylum	Bray-Curtis distance	0.0194101329941777
metaphlan	marine0	class	Bray-Curtis distance	0.023148598827001
metaphlan	marine0	order	Bray-Curtis distance	0.0524506434675275
metaphlan	marine0	family	Bray-Curtis distance	0.0584215142554654
metaphlan	marine0	genus	Bray-Curtis distance	0.0614179112699253
metaphlan	marine0	species	Bray-Curtis distance	0.0869387664793924
metaphlan	marine0	phylum	Shannon diversity	1.50915552968871
metaphlan	marine0	phylum	Shannon equitability	0.488235135059067
metaphlan	marine0	class	Shannon diversity	1.91042206894535
metaphlan	marine0	class	Shannon equitability	0.529068263295515
metaphlan	marine0	order	Shannon diversity	3.04888881545608
metaphlan	marine0	order	Shannon equitability	0.706171907201579
metaphlan	marine0	family	Shannon diversity	3.46953428574475
metaphlan	marine0	family	Shannon equitability	0.71739703195502
metaphlan	marine0	genus	Shannon diversity	3.75483083512012
metaphlan	marine0	genus	Shannon equitability	0.708683639607354
metaphlan	marine0	species	Shannon diversity	4.22682206935701
metaphlan	marine0	species	Shannon equitability	0.749655230513633
metaphlan	marine0	kingdom	True positives	2
metaphlan	marine0	kingdom	False negatives	0
metaphlan	marine0	kingdom	False positives	0
metaphlan	marine0	kingdom	Completeness	1
metaphlan	marine0	kingdom	Purity	1
metaphlan	marine0	kingdom	F1 score	1
metaphlan	marine0	kingdom	Jaccard index	1
metaphlan	marine0	phylum	True positives	22
metaphlan	marine0	phylum	False negatives	1
metaphlan	marine0	phylum	False positives	0
metaphlan	marine0	phylum	Completeness	0.956521739130435
metaphlan	marine0	phylum	Purity	1
metaphlan	marine0	phylum	F1 score	0.977777777777778
metaphlan	marine0	phylum	Jaccard index	0.956521739130435
metaphlan	marine0	class	True positives	37
metaphlan	marine0	class	False negatives	1
metaphlan	marine0	class	False positives	0
metaphlan	marine0	class	Completeness	0.973684210526316
metaphlan	marine0	class	Purity	1
metaphlan	marine0	class	F1 score	0.986666666666667
metaphlan	marine0	class	Jaccard index	0.973684210526316
metaphlan	marine0	order	True positives	75
metaphlan	marine0	order	False negatives	3
metaphlan	marine0	order	False positives	0
metaphlan	marine0	order	Completeness	0.961538461538461
metaphlan	marine0	order	Purity	1
metaphlan	marine0	order	F1 score	0.980392156862745
metaphlan	marine0	order	Jaccard index	0.961538461538461
metaphlan	marine0	family	True positives	126
metaphlan	marine0	family	False negatives	3
metaphlan	marine0	family	False positives	0
metaphlan	marine0	family	Completeness	0.976744186046512
metaphlan	marine0	family	Purity	1
metaphlan	marine0	family	F1 score	0.988235294117647
metaphlan	marine0	family	Jaccard index	0.976744186046512
metaphlan	marine0	genus	True positives	200
metaphlan	marine0	genus	False negatives	12
metaphlan	marine0	genus	False positives	0
metaphlan	marine0	genus	Completeness	0.943396226415094
metaphlan	marine0	genus	Purity	1
metaphlan	marine0	genus	F1 score	0.970873786407767
metaphlan	marine0	genus	Jaccard index	0.943396226415094
metaphlan	marine0	species	True positives	266
metaphlan	marine0	species	False negatives	30
metaphlan	marine0	species	False positives	15
metaphlan	marine0	species	Completeness	0.898648648648649
metaphlan	marine0	species	Purity	0.946619217081851
metaphlan	marine0	species	F1 score	0.922010398613518
metaphlan	marine0	species	Jaccard index	0.855305466237942
metaphlan	marine0	kingdom	L1 norm error	0.0160038373437819
metaphlan	marine0	phylum	L1 norm error	0.0388202659883555
metaphlan	marine0	class	L1 norm error	0.0462971976540019
metaphlan	marine0	order	L1 norm error	0.104901286935055
metaphlan	marine0	family	L1 norm error	0.116793147909531
metaphlan	marine0	genus	L1 norm error	0.122783383598651
metaphlan	marine0	species	L1 norm error	0.169974269670325
metaphlan	marine0	na	Weighted UniFrac error	0.00508116898318414
metaphlan	marine0	na	Unweighted UniFrac error	0.127031459669003
metaphlan	marine0	na	Weighted UniFrac (CAMI)	0.615573389099702
metaphlan	marine0	na	Unweighted UniFrac (CAMI)	318
metaphlan	marine0	phylum	Sum of abundances	1
metaphlan	marine0	class	Sum of abundances	1
metaphlan	marine0	order	Sum of abundances	1
metaphlan	marine0	family	Sum of abundances	1
metaphlan	marine0	genus	Sum of abundances	1
metaphlan	marine0	species	Sum of abundances	0.998862846673826
metaphlan	marine0	phylum	Taxon counts	22
metaphlan	marine0	class	Taxon counts	37
metaphlan	marine0	order	Taxon counts	75
metaphlan	marine0	family	Taxon counts	126
metaphlan	marine0	genus	Taxon counts	200
metaphlan	marine0	species	Taxon counts	281
kraken	marine0	kingdom	Bray-Curtis distance	0.060623532684721
kraken	marine0	phylum	Bray-Curtis distance	0.0847200504643696
kraken	marine0	class	Bray-Curtis distance	0.09377826044682
kraken	marine0	order	Bray-Curtis distance	0.169194606451941
kraken	marine0	family	Bray-Curtis distance	0.175006913317141
kraken	marine0	genus	Bray-Curtis distance	0.178115070323795
kraken	marine0	species	Bray-Curtis distance	0.210738976780518
kraken	marine0	phylum	Shannon diversity	1.33784585720241
kraken	marine0	phylum	Shannon equitability	0.347479108751105
kraken	marine0	class	Shannon diversity	1.74166860938216
kraken	marine0	class	Shannon equitability	0.389992038149424
kraken	marine0	order	Shannon diversity	2.95425986650839
kraken	marine0	order	Shannon equitability	0.583546550185353
kraken	marine0	family	Shannon diversity	3.5278287767007
kraken	marine0	family	Shannon equitability	0.638009588488715
kraken	marine0	genus	Shannon diversity	3.90940683586854
kraken	marine0	genus	Shannon equitability	0.638760924226234
kraken	marine0	species	Shannon diversity	4.76973227000949
kraken	marine0	species	Shannon equitability	0.657195423428227
kraken	marine0	kingdom	True positives	2
kraken	marine0	kingdom	False negatives	0
kraken	marine0	kingdom	False positives	0
kraken	marine0	kingdom	Completeness	1
kraken	marine0	kingdom	Purity	1
kraken	marine0	kingdom	F1 score	1
kraken	marine0	kingdom	Jaccard index	1
kraken	marine0	phylum	True positives	23
kraken	marine0	phylum	False negatives	0
kraken	marine0	phylum	False positives	24
kraken	marine0	phylum	Completeness	1
kraken	marine0	phylum	Purity	0.48936170212766
kraken	marine0	phylum	F1 score	0.657142857142857
kraken	marine0	phylum	Jaccard index	0.48936170212766
kraken	marine0	class	True positives	38
kraken	marine0	class	False negatives	0
kraken	marine0	class	False positives	49
kraken	marine0	class	Completeness	1
kraken	marine0	class	Purity	0.436781609195402
kraken	marine0	class	F1 score	0.608
kraken	marine0	class	Jaccard index	0.436781609195402
kraken	marine0	order	True positives	78
kraken	marine0	order	False negatives	0
kraken	marine0	order	False positives	80
kraken	marine0	order	Completeness	1
kraken	marine0	order	Purity	0.493670886075949
kraken	marine0	order	F1 score	0.661016949152542
kraken	marine0	order	Jaccard index	0.493670886075949
kraken	marine0	family	True positives	129
kraken	marine0	family	False negatives	0
kraken	marine0	family	False positives	123
kraken	marine0	family	Completeness	1
kraken	marine0	family	Purity	0.511904761904762
kraken	marine0	family	F1 score	0.677165354330709
kraken	marine0	family	Jaccard index	0.511904761904762
kraken	marine0	genus	True positives	212
kraken	marine0	genus	False negatives	0
kraken	marine0	genus	False positives	243
kraken	marine0	genus	Completeness	1
kraken	marine0	genus	Purity	0.465934065934066
kraken	marine0	genus	F1 score	0.63568215892054
kraken	marine0	genus	Jaccard index	0.465934065934066
kraken	marine0	species	True positives	294
kraken	marine0	species	False negatives	2
kraken	marine0	species	False positives	1125
kraken	marine0	species	Completeness	0.993243243243243
kraken	marine0	species	Purity	0.207188160676533
kraken	marine0	species	F1 score	0.342857142857143
kraken	marine0	species	Jaccard index	0.206896551724138
kraken	marine0	kingdom	L1 norm error	0.121247065369442
kraken	marine0	phylum	L1 norm error	0.169435017725711
kraken	marine0	class	L1 norm error	0.1875480808502
kraken	marine0	order	L1 norm error	0.338329994791623
kraken	marine0	family	L1 norm error	0.34975065030183
kraken	marine0	genus	L1 norm error	0.35569155534511
kraken	marine0	species	L1 norm error	0.41106543729057
kraken	marine0	na	Weighted UniFrac error	0.0189356576405549
kraken	marine0	na	Unweighted UniFrac error	4.1730078114774
kraken	marine0	na	Weighted UniFrac (CAMI)	1.93343780167445
kraken	marine0	na	Unweighted UniFrac (CAMI)	9903.95398
kraken	marine0	phylum	Sum of abundances	0.999940000000001
kraken	marine0	class	Sum of abundances	0.999910000000001
kraken	marine0	order	Sum of abundances	0.999650000000002
kraken	marine0	family	Sum of abundances	0.999350000000003
kraken	marine0	genus	Sum of abundances	0.997830000000003
kraken	marine0	species	Sum of abundances	0.994350000000009
kraken	marine0	phylum	Taxon counts	47
kraken	marine0	class	Taxon counts	87
kraken	marine0	order	Taxon counts	158
kraken	marine0	family	Taxon counts	252
kraken	marine0	genus	Taxon counts	455
kraken	marine0	species	Taxon counts	1419
sourmash	marine0	kingdom	Bray-Curtis distance	0.0512126466087716
sourmash	marine0	phylum	Bray-Curtis distance	0.0763137826992436
sourmash	marine0	class	Bray-Curtis distance	0.0819856457154149
sourmash	marine0	order	Bray-Curtis distance	0.161173939770494
sourmash	marine0	family	Bray-Curtis distance	0.177918704202117
sourmash	marine0	genus	Bray-Curtis distance	0.201213751154755
sourmash	marine0	species	Bray-Curtis distance	0.236826887686924
sourmash	marine0	phylum	Shannon diversity	1.34470116856804
sourmash	marine0	phylum	Shannon equitability	0.465234676091223
sourmash	marine0	class	Shannon diversity	1.73282390629468
sourmash	marine0	class	Shannon equitability	0.531851615221615
sourmash	marine0	order	Shannon diversity	2.92874668637822
sourmash	marine0	order	Shannon equitability	0.744882138720104
sourmash	marine0	family	Shannon diversity	3.30872520861242
sourmash	marine0	family	Shannon equitability	0.776207762265501
sourmash	marine0	genus	Shannon diversity	3.53895427254809
sourmash	marine0	genus	Shannon equitability	0.773590788396836
sourmash	marine0	species	Shannon diversity	3.78785227351447
sourmash	marine0	species	Shannon equitability	0.793985050717688
sourmash	marine0	kingdom	True positives	2
sourmash	marine0	kingdom	False negatives	0
sourmash	marine0	kingdom	False positives	0
sourmash	marine0	kingdom	Completeness	1
sourmash	marine0	kingdom	Purity	1
sourmash	marine0	kingdom	F1 score	1
sourmash	marine0	kingdom	Jaccard index	1
sourmash	marine0	phylum	True positives	18
sourmash	marine0	phylum	False negatives	5
sourmash	marine0	phylum	False positives	0
sourmash	marine0	phylum	Completeness	0.782608695652174
sourmash	marine0	phylum	Purity	1
sourmash	marine0	phylum	F1 score	0.878048780487805
sourmash	marine0	phylum	Jaccard index	0.782608695652174
sourmash	marine0	class	True positives	26
sourmash	marine0	class	False negatives	12
sourmash	marine0	class	False positives	0
sourmash	marine0	class	Completeness	0.68421052631579
sourmash	marine0	class	Purity	1
sourmash	marine0	class	F1 score	0.8125
sourmash	marine0	class	Jaccard index	0.68421052631579
sourmash	marine0	order	True positives	51
sourmash	marine0	order	False negatives	27
sourmash	marine0	order	False positives	0
sourmash	marine0	order	Completeness	0.653846153846154
sourmash	marine0	order	Purity	1
sourmash	marine0	order	F1 score	0.790697674418605
sourmash	marine0	order	Jaccard index	0.653846153846154
sourmash	marine0	family	True positives	71
sourmash	marine0	family	False negatives	58
sourmash	marine0	family	False positives	0
sourmash	marine0	family	Completeness	0.550387596899225
sourmash	marine0	family	Purity	1
sourmash	marine0	family	F1 score	0.71
sourmash	marine0	family	Jaccard index	0.550387596899225
sourmash	marine0	genus	True positives	97
sourmash	marine0	genus	False negatives	115
sourmash	marine0	genus	False positives	0
sourmash	marine0	genus	Completeness	0.457547169811321
sourmash	marine0	genus	Purity	1
sourmash	marine0	genus	F1 score	0.627831715210356
sourmash	marine0	genus	Jaccard index	0.457547169811321
sourmash	marine0	species	True positives	113
sourmash	marine0	species	False negatives	183
sourmash	marine0	species	False positives	5
sourmash	marine0	species	Completeness	0.381756756756757
sourmash	marine0	species	Purity	0.957627118644068
sourmash	marine0	species	F1 score	0.545893719806763
sourmash	marine0	species	Jaccard index	0.375415282392027
sourmash	marine0	kingdom	L1 norm error	0.102425293217543
sourmash	marine0	phylum	L1 norm error	0.152434365948616
sourmash	marine0	class	L1 norm error	0.163348615640586
sourmash	marine0	order	L1 norm error	0.321123773669314
sourmash	marine0	family	L1 norm error	0.350730802371097
sourmash	marine0	genus	L1 norm error	0.394614676407508
sourmash	marine0	species	L1 norm error	0.442905240102549
sourmash	marine0	na	Weighted UniFrac error	0.0179396142982823
sourmash	marine0	na	Unweighted UniFrac error	0.554833344872449
sourmash	marine0	na	Weighted UniFrac (CAMI)	1.92758276735722
sourmash	marine0	na	Unweighted UniFrac (CAMI)	1360.04556962025
sourmash	marine0	phylum	Sum of abundances	0.99746835443038
sourmash	marine0	class	Sum of abundances	0.992405063291138
sourmash	marine0	order	Sum of abundances	0.992405063291138
sourmash	marine0	family	Sum of abundances	0.972151898734176
sourmash	marine0	genus	Sum of abundances	0.962025316455695
sourmash	marine0	species	Sum of abundances	0.91392405063291
sourmash	marine0	phylum	Taxon counts	18
sourmash	marine0	class	Taxon counts	26
sourmash	marine0	order	Taxon counts	51
sourmash	marine0	family	Taxon counts	71
sourmash	marine0	genus	Taxon counts	97
sourmash	marine0	species	Taxon counts	118
metabuli	marine0	kingdom	Bray-Curtis distance	0.0614764989065706
metabuli	marine0	phylum	Bray-Curtis distance	0.0856893724462683
metabuli	marine0	class	Bray-Curtis distance	0.108620443165797
metabuli	marine0	order	Bray-Curtis distance	0.184619331699793
metabuli	marine0	family	Bray-Curtis distance	0.191609540397231
metabuli	marine0	genus	Bray-Curtis distance	0.200388426372797
metabuli	marine0	species	Bray-Curtis distance	0.250923255899746
metabuli	marine0	phylum	Shannon diversity	1.32971461108325
metabuli	marine0	phylum	Shannon equitability	0.328888881934818
metabuli	marine0	class	Shannon diversity	1.70605794538363
metabuli	marine0	class	Shannon equitability	0.355740712435837
metabuli	marine0	order	Shannon diversity	2.90948495903138
metabuli	marine0	order	Shannon equitability	0.511300732824618
metabuli	marine0	family	Shannon diversity	3.5063696793329
metabuli	marine0	family	Shannon equitability	0.543583560556404
metabuli	marine0	genus	Shannon diversity	3.90755367825053
metabuli	marine0	genus	Shannon equitability	0.507335853388949
metabuli	marine0	species	Shannon diversity	4.52678334999566
metabuli	marine0	species	Shannon equitability	0.51365752542242
metabuli	marine0	kingdom	True positives	2
metabuli	marine0	kingdom	False negatives	0
metabuli	marine0	kingdom	False positives	0
metabuli	marine0	kingdom	Completeness	1
metabuli	marine0	kingdom	Purity	1
metabuli	marine0	kingdom	F1 score	1
metabuli	marine0	kingdom	Jaccard index	1
metabuli	marine0	phylum	True positives	21
metabuli	marine0	phylum	False negatives	2
metabuli	marine0	phylum	False positives	36
metabuli	marine0	phylum	Completeness	0.91304347826087
metabuli	marine0	phylum	Purity	0.368421052631579
metabuli	marine0	phylum	F1 score	0.525
metabuli	marine0	phylum	Jaccard index	0.355932203389831
metabuli	marine0	class	True positives	36
metabuli	marine0	class	False negatives	2
metabuli	marine0	class	False positives	85
metabuli	marine0	class	Completeness	0.947368421052632
metabuli	marine0	class	Purity	0.297520661157025
metabuli	marine0	class	F1 score	0.452830188679245
metabuli	marine0	class	Jaccard index	0.292682926829268
metabuli	marine0	order	True positives	75
metabuli	marine0	order	False negatives	3
metabuli	marine0	order	False positives	221
metabuli	marine0	order	Completeness	0.961538461538461
metabuli	marine0	order	Purity	0.253378378378378
metabuli	marine0	order	F1 score	0.401069518716578
metabuli	marine0	order	Jaccard index	0.250836120401338
metabuli	marine0	family	True positives	125
metabuli	marine0	family	False negatives	4
metabuli	marine0	family	False positives	508
metabuli	marine0	family	Completeness	0.968992248062015
metabuli	marine0	family	Purity	0.197472353870458
metabuli	marine0	family	F1 score	0.328083989501312
metabuli	marine0	family	Jaccard index	0.196232339089482
metabuli	marine0	genus	True positives	204
metabuli	marine0	genus	False negatives	8
metabuli	marine0	genus	False positives	2009
metabuli	marine0	genus	Completeness	0.962264150943396
metabuli	marine0	genus	Purity	0.0921825576140985
metabuli	marine0	genus	F1 score	0.168247422680412
metabuli	marine0	genus	Jaccard index	0.0918505177847816
metabuli	marine0	species	True positives	272
metabuli	marine0	species	False negatives	24
metabuli	marine0	species	False positives	6448
metabuli	marine0	species	Completeness	0.918918918918919
metabuli	marine0	species	Purity	0.0404761904761905
metabuli	marine0	species	F1 score	0.0775370581527936
metabuli	marine0	species	Jaccard index	0.0403321470937129
metabuli	marine0	kingdom	L1 norm error	0.122952997813141
metabuli	marine0	phylum	L1 norm error	0.171254075057552
metabuli	marine0	class	L1 norm error	0.217022681414492
metabuli	marine0	order	L1 norm error	0.368519753807321
metabuli	marine0	family	L1 norm error	0.381947734715258
metabuli	marine0	genus	L1 norm error	0.398690820152003
metabuli	marine0	species	L1 norm error	0.48082278982297
metabuli	marine0	na	Weighted UniFrac error	0.0204602249089587
metabuli	marine0	na	Unweighted UniFrac error	21.0074208930706
metabuli	marine0	na	Weighted UniFrac (CAMI)	2.14121085278277
metabuli	marine0	na	Unweighted UniFrac (CAMI)	50790
metabuli	marine0	phylum	Sum of abundances	0.998545095716941
metabuli	marine0	class	Sum of abundances	0.997991124775938
metabuli	marine0	order	Sum of abundances	0.996105989629338
metabuli	marine0	family	Sum of abundances	0.994218717782568
metabuli	marine0	genus	Sum of abundances	0.990443859868409
metabuli	marine0	species	Sum of abundances	0.959974075542526
metabuli	marine0	phylum	Taxon counts	57
metabuli	marine0	class	Taxon counts	121
metabuli	marine0	order	Taxon counts	296
metabuli	marine0	family	Taxon counts	633
metabuli	marine0	genus	Taxon counts	2213
metabuli	marine0	species	Taxon counts	6720
sylph	marine0	kingdom	Bray-Curtis distance	0.00644237527072685
sylph	marine0	phylum	Bray-Curtis distance	0.0118946556309679
sylph	marine0	class	Bray-Curtis distance	0.0182843159164617
sylph	marine0	order	Bray-Curtis distance	0.0333969950060009
sylph	marine0	family	Bray-Curtis distance	0.0370765117528317
sylph	marine0	genus	Bray-Curtis distance	0.0395333787434294
sylph	marine0	species	Bray-Curtis distance	0.0465985434175021
sylph	marine0	phylum	Shannon diversity	1.56176420177395
sylph	marine0	phylum	Shannon equitability	0.498091877777917
sylph	marine0	class	Shannon diversity	1.96664031491807
sylph	marine0	class	Shannon equitability	0.540644325264861
sylph	marine0	order	Shannon diversity	3.10914560105074
sylph	marine0	order	Shannon equitability	0.715765394418597
sylph	marine0	family	Shannon diversity	3.54689523998818
sylph	marine0	family	Shannon equitability	0.732196171758755
sylph	marine0	genus	Shannon diversity	3.85695938028962
sylph	marine0	genus	Shannon equitability	0.726594738652289
sylph	marine0	species	Shannon diversity	4.37656411324121
sylph	marine0	species	Shannon equitability	0.770962466523112
sylph	marine0	kingdom	True positives	2
sylph	marine0	kingdom	False negatives	0
sylph	marine0	kingdom	False positives	0
sylph	marine0	kingdom	Completeness	1
sylph	marine0	kingdom	Purity	1
sylph	marine0	kingdom	F1 score	1
sylph	marine0	kingdom	Jaccard index	1
sylph	marine0	phylum	True positives	23
sylph	marine0	phylum	False negatives	0
sylph	marine0	phylum	False positives	0
sylph	marine0	phylum	Completeness	1
sylph	marine0	phylum	Purity	1
sylph	marine0	phylum	F1 score	1
sylph	marine0	phylum	Jaccard index	1
sylph	marine0	class	True positives	38
sylph	marine0	class	False negatives	0
sylph	marine0	class	False positives	0
sylph	marine0	class	Completeness	1
sylph	marine0	class	Purity	1
sylph	marine0	class	F1 score	1
sylph	marine0	class	Jaccard index	1
sylph	marine0	order	True positives	77
sylph	marine0	order	False negatives	1
sylph	marine0	order	False positives	0
sylph	marine0	order	Completeness	0.987179487179487
sylph	marine0	order	Purity	1
sylph	marine0	order	F1 score	0.993548387096774
sylph	marine0	order	Jaccard index	0.987179487179487
sylph	marine0	family	True positives	127
sylph	marine0	family	False negatives	2
sylph	marine0	family	False positives	0
sylph	marine0	family	Completeness	0.984496124031008
sylph	marine0	family	Purity	1
sylph	marine0	family	F1 score	0.9921875
sylph	marine0	family	Jaccard index	0.984496124031008
sylph	marine0	genus	True positives	202
sylph	marine0	genus	False negatives	10
sylph	marine0	genus	False positives	0
sylph	marine0	genus	Completeness	0.952830188679245
sylph	marine0	genus	Purity	1
sylph	marine0	genus	F1 score	0.975845410628019
sylph	marine0	genus	Jaccard index	0.952830188679245
sylph	marine0	species	True positives	291
sylph	marine0	species	False negatives	5
sylph	marine0	species	False positives	1
sylph	marine0	species	Completeness	0.983108108108108
sylph	marine0	species	Purity	0.996575342465753
sylph	marine0	species	F1 score	0.989795918367347
sylph	marine0	species	Jaccard index	0.97979797979798
sylph	marine0	kingdom	L1 norm error	0.0128847505414537
sylph	marine0	phylum	L1 norm error	0.0237893112619357
sylph	marine0	class	L1 norm error	0.0365686318329233
sylph	marine0	order	L1 norm error	0.0667939900120017
sylph	marine0	family	L1 norm error	0.0741213673815864
sylph	marine0	genus	L1 norm error	0.0790330036766021
sylph	marine0	species	L1 norm error	0.0911579559290854
sylph	marine0	na	Weighted UniFrac error	0.00331402587278725
sylph	marine0	na	Unweighted UniFrac error	0.0565682881723468
sylph	marine0	na	Weighted UniFrac (CAMI)	0.384349010635588
sylph	marine0	na	Unweighted UniFrac (CAMI)	162
sylph	marine0	phylum	Sum of abundances	1
sylph	marine0	class	Sum of abundances	1
sylph	marine0	order	Sum of abundances	1
sylph	marine0	family	Sum of abundances	1
sylph	marine0	genus	Sum of abundances	1
sylph	marine0	species	Sum of abundances	1
sylph	marine0	phylum	Taxon counts	23
sylph	marine0	class	Taxon counts	38
sylph	marine0	order	Taxon counts	77
sylph	marine0	family	Taxon counts	127
sylph	marine0	genus	Taxon counts	202
sylph	marine0	species	Taxon counts	292
singlem	marine1	kingdom	Bray-Curtis distance	0.00556308051179372
singlem	marine1	phylum	Bray-Curtis distance	0.00982500181862283
singlem	marine1	class	Bray-Curtis distance	0.0103539857581688
singlem	marine1	order	Bray-Curtis distance	0.0192113656909343
singlem	marine1	family	Bray-Curtis distance	0.026352063949393
singlem	marine1	genus	Bray-Curtis distance	0.0409552054251108
singlem	marine1	species	Bray-Curtis distance	0.17199374322039
singlem	marine1	phylum	Shannon diversity	1.75912414172999
singlem	marine1	phylum	Shannon equitability	0.52241449238425
singlem	marine1	class	Shannon diversity	2.12356181373104
singlem	marine1	class	Shannon equitability	0.571838051231263
singlem	marine1	order	Shannon diversity	3.2415117701429
singlem	marine1	order	Shannon equitability	0.733566122394996
singlem	marine1	family	Shannon diversity	3.76487802071654
singlem	marine1	family	Shannon equitability	0.772251412840136
singlem	marine1	genus	Shannon diversity	4.02340709505348
singlem	marine1	genus	Shannon equitability	0.762281108845795
singlem	marine1	species	Shannon diversity	3.47775891350257
singlem	marine1	species	Shannon equitability	0.6469914020697
singlem	marine1	kingdom	True positives	2
singlem	marine1	kingdom	False negatives	0
singlem	marine1	kingdom	False positives	0
singlem	marine1	kingdom	Completeness	1
singlem	marine1	kingdom	Purity	1
singlem	marine1	kingdom	F1 score	1
singlem	marine1	kingdom	Jaccard index	1
singlem	marine1	phylum	True positives	29
singlem	marine1	phylum	False negatives	0
singlem	marine1	phylum	False positives	0
singlem	marine1	phylum	Completeness	1
singlem	marine1	phylum	Purity	1
singlem	marine1	phylum	F1 score	1
singlem	marine1	phylum	Jaccard index	1
singlem	marine1	class	True positives	41
singlem	marine1	class	False negatives	2
singlem	marine1	class	False positives	0
singlem	marine1	class	Completeness	0.953488372093023
singlem	marine1	class	Purity	1
singlem	marine1	class	F1 score	0.976190476190476
singlem	marine1	class	Jaccard index	0.953488372093023
singlem	marine1	order	True positives	83
singlem	marine1	order	False negatives	3
singlem	marine1	order	False positives	0
singlem	marine1	order	Completeness	0.965116279069768
singlem	marine1	order	Purity	1
singlem	marine1	order	F1 score	0.982248520710059
singlem	marine1	order	Jaccard index	0.965116279069768
singlem	marine1	family	True positives	131
singlem	marine1	family	False negatives	11
singlem	marine1	family	False positives	0
singlem	marine1	family	Completeness	0.922535211267606
singlem	marine1	family	Purity	1
singlem	marine1	family	F1 score	0.95970695970696
singlem	marine1	family	Jaccard index	0.922535211267606
singlem	marine1	genus	True positives	196
singlem	marine1	genus	False negatives	42
singlem	marine1	genus	False positives	0
singlem	marine1	genus	Completeness	0.823529411764706
singlem	marine1	genus	Purity	1
singlem	marine1	genus	F1 score	0.903225806451613
singlem	marine1	genus	Jaccard index	0.823529411764706
singlem	marine1	species	True positives	207
singlem	marine1	species	False negatives	126
singlem	marine1	species	False positives	9
singlem	marine1	species	Completeness	0.621621621621622
singlem	marine1	species	Purity	0.958333333333333
singlem	marine1	species	F1 score	0.754098360655738
singlem	marine1	species	Jaccard index	0.605263157894737
singlem	marine1	kingdom	L1 norm error	0.0111261610235874
singlem	marine1	phylum	L1 norm error	0.0195828316566212
singlem	marine1	class	L1 norm error	0.0206153414250617
singlem	marine1	order	L1 norm error	0.0381145588364492
singlem	marine1	family	L1 norm error	0.0519720829030931
singlem	marine1	genus	L1 norm error	0.0796623159721235
singlem	marine1	species	L1 norm error	0.290857311931152
singlem	marine1	na	Weighted UniFrac error	0.00358891787940922
singlem	marine1	na	Unweighted UniFrac error	0.343400629041686
singlem	marine1	na	Weighted UniFrac (CAMI)	0.51193060374809
singlem	marine1	na	Unweighted UniFrac (CAMI)	1020
singlem	marine1	phylum	Sum of abundances	0.993163158453857
singlem	marine1	class	Sum of abundances	0.991053677932405
singlem	marine1	order	Sum of abundances	0.983958842365654
singlem	marine1	family	Sum of abundances	0.972569165161702
singlem	marine1	genus	Sum of abundances	0.94545702881945
singlem	marine1	species	Sum of abundances	0.724485150167696
singlem	marine1	phylum	Taxon counts	29
singlem	marine1	class	Taxon counts	41
singlem	marine1	order	Taxon counts	83
singlem	marine1	family	Taxon counts	131
singlem	marine1	genus	Taxon counts	196
singlem	marine1	species	Taxon counts	216
metaphlan	marine1	kingdom	Bray-Curtis distance	0.00583559012683863
metaphlan	marine1	phylum	Bray-Curtis distance	0.0208892439530738
metaphlan	marine1	class	Bray-Curtis distance	0.0239149874345363
metaphlan	marine1	order	Bray-Curtis distance	0.0461682514730542
metaphlan	marine1	family	Bray-Curtis distance	0.0516581990815329
metaphlan	marine1	genus	Bray-Curtis distance	0.0593492416571313
metaphlan	marine1	species	Bray-Curtis distance	0.0824084966585316
metaphlan	marine1	phylum	Shannon diversity	1.77130124196831
metaphlan	marine1	phylum	Shannon equitability	0.531570387279494
metaphlan	marine1	class	Shannon diversity	2.16095776458447
metaphlan	marine1	class	Shannon equitability	0.578156441118771
metaphlan	marine1	order	Shannon diversity	3.30792311374831
metaphlan	marine1	order	Shannon equitability	0.746571854338879
metaphlan	marine1	family	Shannon diversity	3.86090133330764
metaphlan	marine1	family	Shannon equitability	0.783580789626922
metaphlan	marine1	genus	Shannon diversity	4.2359732862251
metaphlan	marine1	genus	Shannon equitability	0.78210759987038
metaphlan	marine1	species	Shannon diversity	4.66748225138529
metaphlan	marine1	species	Shannon equitability	0.809157856296277
metaphlan	marine1	kingdom	True positives	2
metaphlan	marine1	kingdom	False negatives	0
metaphlan	marine1	kingdom	False positives	0
metaphlan	marine1	kingdom	Completeness	1
metaphlan	marine1	kingdom	Purity	1
metaphlan	marine1	kingdom	F1 score	1
metaphlan	marine1	kingdom	Jaccard index	1
metaphlan	marine1	phylum	True positives	28
metaphlan	marine1	phylum	False negatives	1
metaphlan	marine1	phylum	False positives	0
metaphlan	marine1	phylum	Completeness	0.96551724137931
metaphlan	marine1	phylum	Purity	1
metaphlan	marine1	phylum	F1 score	0.982456140350877
metaphlan	marine1	phylum	Jaccard index	0.96551724137931
metaphlan	marine1	class	True positives	42
metaphlan	marine1	class	False negatives	1
metaphlan	marine1	class	False positives	0
metaphlan	marine1	class	Completeness	0.976744186046512
metaphlan	marine1	class	Purity	1
metaphlan	marine1	class	F1 score	0.988235294117647
metaphlan	marine1	class	Jaccard index	0.976744186046512
metaphlan	marine1	order	True positives	84
metaphlan	marine1	order	False negatives	2
metaphlan	marine1	order	False positives	0
metaphlan	marine1	order	Completeness	0.976744186046512
metaphlan	marine1	order	Purity	1
metaphlan	marine1	order	F1 score	0.988235294117647
metaphlan	marine1	order	Jaccard index	0.976744186046512
metaphlan	marine1	family	True positives	138
metaphlan	marine1	family	False negatives	4
metaphlan	marine1	family	False positives	0
metaphlan	marine1	family	Completeness	0.971830985915493
metaphlan	marine1	family	Purity	1
metaphlan	marine1	family	F1 score	0.985714285714286
metaphlan	marine1	family	Jaccard index	0.971830985915493
metaphlan	marine1	genus	True positives	225
metaphlan	marine1	genus	False negatives	13
metaphlan	marine1	genus	False positives	0
metaphlan	marine1	genus	Completeness	0.945378151260504
metaphlan	marine1	genus	Purity	1
metaphlan	marine1	genus	F1 score	0.971922246220302
metaphlan	marine1	genus	Jaccard index	0.945378151260504
metaphlan	marine1	species	True positives	302
metaphlan	marine1	species	False negatives	31
metaphlan	marine1	species	False positives	18
metaphlan	marine1	species	Completeness	0.906906906906907
metaphlan	marine1	species	Purity	0.94375
metaphlan	marine1	species	F1 score	0.924961715160796
metaphlan	marine1	species	Jaccard index	0.86039886039886
metaphlan	marine1	kingdom	L1 norm error	0.0116711802536773
metaphlan	marine1	phylum	L1 norm error	0.0417784879061476
metaphlan	marine1	class	L1 norm error	0.0478299748690726
metaphlan	marine1	order	L1 norm error	0.0923365029461084
metaphlan	marine1	family	L1 norm error	0.103298390992387
metaphlan	marine1	genus	L1 norm error	0.11867779517679
metaphlan	marine1	species	L1 norm error	0.161930830488891
metaphlan	marine1	na	Weighted UniFrac error	0.0047306056494097
metaphlan	marine1	na	Unweighted UniFrac error	0.104659361865971
metaphlan	marine1	na	Weighted UniFrac (CAMI)	0.577523162633074
metaphlan	marine1	na	Unweighted UniFrac (CAMI)	320
metaphlan	marine1	phylum	Sum of abundances	1
metaphlan	marine1	class	Sum of abundances	1
metaphlan	marine1	order	Sum of abundances	1
metaphlan	marine1	family	Sum of abundances	1
metaphlan	marine1	genus	Sum of abundances	1
metaphlan	marine1	species	Sum of abundances	0.998370114048939
metaphlan	marine1	phylum	Taxon counts	28
metaphlan	marine1	class	Taxon counts	42
metaphlan	marine1	order	Taxon counts	84
metaphlan	marine1	family	Taxon counts	138
metaphlan	marine1	genus	Taxon counts	225
metaphlan	marine1	species	Taxon counts	320
kraken	marine1	kingdom	Bray-Curtis distance	0.0550667836619425
kraken	marine1	phylum	Bray-Curtis distance	0.0865802727833284
kraken	marine1	class	Bray-Curtis distance	0.0913072145759322
kraken	marine1	order	Bray-Curtis distance	0.159470429661219
kraken	marine1	family	Bray-Curtis distance	0.164656589482749
kraken	marine1	genus	Bray-Curtis distance	0.171175767189866
kraken	marine1	species	Bray-Curtis distance	0.200198388489292
kraken	marine1	phylum	Shannon diversity	1.62212736281371
kraken	marine1	phylum	Shannon equitability	0.41465179539152
kraken	marine1	class	Shannon diversity	2.0067084421743
kraken	marine1	class	Shannon equitability	0.457940722289481
kraken	marine1	order	Shannon diversity	3.15768002464665
kraken	marine1	order	Shannon equitability	0.630195541943986
kraken	marine1	family	Shannon diversity	3.84489687293183
kraken	marine1	family	Shannon equitability	0.696354991935805
kraken	marine1	genus	Shannon diversity	4.31284381359601
kraken	marine1	genus	Shannon equitability	0.70442611331349
kraken	marine1	species	Shannon diversity	5.10261376205942
kraken	marine1	species	Shannon equitability	0.700049990329142
kraken	marine1	kingdom	True positives	2
kraken	marine1	kingdom	False negatives	0
kraken	marine1	kingdom	False positives	0
kraken	marine1	kingdom	Completeness	1
kraken	marine1	kingdom	Purity	1
kraken	marine1	kingdom	F1 score	1
kraken	marine1	kingdom	Jaccard index	1
kraken	marine1	phylum	True positives	29
kraken	marine1	phylum	False negatives	0
kraken	marine1	phylum	False positives	21
kraken	marine1	phylum	Completeness	1
kraken	marine1	phylum	Purity	0.58
kraken	marine1	phylum	F1 score	0.734177215189873
kraken	marine1	phylum	Jaccard index	0.58
kraken	marine1	class	True positives	43
kraken	marine1	class	False negatives	0
kraken	marine1	class	False positives	37
kraken	marine1	class	Completeness	1
kraken	marine1	class	Purity	0.5375
kraken	marine1	class	F1 score	0.699186991869919
kraken	marine1	class	Jaccard index	0.5375
kraken	marine1	order	True positives	86
kraken	marine1	order	False negatives	0
kraken	marine1	order	False positives	64
kraken	marine1	order	Completeness	1
kraken	marine1	order	Purity	0.573333333333333
kraken	marine1	order	F1 score	0.728813559322034
kraken	marine1	order	Jaccard index	0.573333333333333
kraken	marine1	family	True positives	142
kraken	marine1	family	False negatives	0
kraken	marine1	family	False positives	108
kraken	marine1	family	Completeness	1
kraken	marine1	family	Purity	0.568
kraken	marine1	family	F1 score	0.724489795918367
kraken	marine1	family	Jaccard index	0.568
kraken	marine1	genus	True positives	237
kraken	marine1	genus	False negatives	1
kraken	marine1	genus	False positives	219
kraken	marine1	genus	Completeness	0.995798319327731
kraken	marine1	genus	Purity	0.519736842105263
kraken	marine1	genus	F1 score	0.68299711815562
kraken	marine1	genus	Jaccard index	0.518599562363239
kraken	marine1	species	True positives	331
kraken	marine1	species	False negatives	2
kraken	marine1	species	False positives	1133
kraken	marine1	species	Completeness	0.993993993993994
kraken	marine1	species	Purity	0.226092896174863
kraken	marine1	species	F1 score	0.368391764051196
kraken	marine1	species	Jaccard index	0.225784447476126
kraken	marine1	kingdom	L1 norm error	0.110133567323885
kraken	marine1	phylum	L1 norm error	0.173159679763929
kraken	marine1	class	L1 norm error	0.182604385358261
kraken	marine1	order	L1 norm error	0.31888344996776
kraken	marine1	family	L1 norm error	0.329143815994588
kraken	marine1	genus	L1 norm error	0.341951225638356
kraken	marine1	species	L1 norm error	0.392526427659
kraken	marine1	na	Weighted UniFrac error	0.0180632049350831
kraken	marine1	na	Unweighted UniFrac error	3.66171417705018
kraken	marine1	na	Weighted UniFrac (CAMI)	1.84801255170575
kraken	marine1	na	Unweighted UniFrac (CAMI)	9827.95829
kraken	marine1	phylum	Sum of abundances	0.99999
kraken	marine1	class	Sum of abundances	0.999890000000001
kraken	marine1	order	Sum of abundances	0.999640000000002
kraken	marine1	family	Sum of abundances	0.999320000000002
kraken	marine1	genus	Sum of abundances	0.998010000000002
kraken	marine1	species	Sum of abundances	0.994080000000003
kraken	marine1	phylum	Taxon counts	50
kraken	marine1	class	Taxon counts	80
kraken	marine1	order	Taxon counts	150
kraken	marine1	family	Taxon counts	250
kraken	marine1	genus	Taxon counts	456
kraken	marine1	species	Taxon counts	1464
sourmash	marine1	kingdom	Bray-Curtis distance	0.0476264858951931
sourmash	marine1	phylum	Bray-Curtis distance	0.0806264938090808
sourmash	marine1	class	Bray-Curtis distance	0.0800705926388423
sourmash	marine1	order	Bray-Curtis distance	0.154674702651868
sourmash	marine1	family	Bray-Curtis distance	0.170086014820871
sourmash	marine1	genus	Bray-Curtis distance	0.19611464102104
sourmash	marine1	species	Bray-Curtis distance	0.241261169936195
sourmash	marine1	phylum	Shannon diversity	1.61683668539412
sourmash	marine1	phylum	Shannon equitability	0.549115365213593
sourmash	marine1	class	Shannon diversity	2.00169815940058
sourmash	marine1	class	Shannon equitability	0.600712877402394
sourmash	marine1	order	Shannon diversity	3.09079997137148
sourmash	marine1	order	Shannon equitability	0.767833523337934
sourmash	marine1	family	Shannon diversity	3.63203679669327
sourmash	marine1	family	Shannon equitability	0.836141687751595
sourmash	marine1	genus	Shannon diversity	3.89488425160437
sourmash	marine1	genus	Shannon equitability	0.825449864002052
sourmash	marine1	species	Shannon diversity	4.11734899799114
sourmash	marine1	species	Shannon equitability	0.829634877724455
sourmash	marine1	kingdom	True positives	2
sourmash	marine1	kingdom	False negatives	0
sourmash	marine1	kingdom	False positives	0
sourmash	marine1	kingdom	Completeness	1
sourmash	marine1	kingdom	Purity	1
sourmash	marine1	kingdom	F1 score	1
sourmash	marine1	kingdom	Jaccard index	1
sourmash	marine1	phylum	True positives	19
sourmash	marine1	phylum	False negatives	10
sourmash	marine1	phylum	False positives	0
sourmash	marine1	phylum	Completeness	0.655172413793103
sourmash	marine1	phylum	Purity	1
sourmash	marine1	phylum	F1 score	0.791666666666667
sourmash	marine1	phylum	Jaccard index	0.655172413793103
sourmash	marine1	class	True positives	28
sourmash	marine1	class	False negatives	15
sourmash	marine1	class	False positives	0
sourmash	marine1	class	Completeness	0.651162790697675
sourmash	marine1	class	Purity	1
sourmash	marine1	class	F1 score	0.788732394366197
sourmash	marine1	class	Jaccard index	0.651162790697675
sourmash	marine1	order	True positives	56
sourmash	marine1	order	False negatives	30
sourmash	marine1	order	False positives	0
sourmash	marine1	order	Completeness	0.651162790697675
sourmash	marine1	order	Purity	1
sourmash	marine1	order	F1 score	0.788732394366197
sourmash	marine1	order	Jaccard index	0.651162790697675
sourmash	marine1	family	True positives	77
sourmash	marine1	family	False negatives	65
sourmash	marine1	family	False positives	0
sourmash	marine1	family	Completeness	0.542253521126761
sourmash	marine1	family	Purity	1
sourmash	marine1	family	F1 score	0.703196347031964
sourmash	marine1	family	Jaccard index	0.542253521126761
sourmash	marine1	genus	True positives	112
sourmash	marine1	genus	False negatives	126
sourmash	marine1	genus	False positives	0
sourmash	marine1	genus	Completeness	0.470588235294118
sourmash	marine1	genus	Purity	1
sourmash	marine1	genus	F1 score	0.64
sourmash	marine1	genus	Jaccard index	0.470588235294118
sourmash	marine1	species	True positives	140
sourmash	marine1	species	False negatives	193
sourmash	marine1	species	False positives	3
sourmash	marine1	species	Completeness	0.42042042042042
sourmash	marine1	species	Purity	0.979020979020979
sourmash	marine1	species	F1 score	0.588235294117647
sourmash	marine1	species	Jaccard index	0.416666666666667
sourmash	marine1	kingdom	L1 norm error	0.0952529717903862
sourmash	marine1	phylum	L1 norm error	0.160852856135238
sourmash	marine1	class	L1 norm error	0.159346439941319
sourmash	marine1	order	L1 norm error	0.30704655613274
sourmash	marine1	family	L1 norm error	0.335048144571422
sourmash	marine1	genus	L1 norm error	0.381454909629823
sourmash	marine1	species	L1 norm error	0.451716773589954
sourmash	marine1	na	Weighted UniFrac error	0.017523552679964
sourmash	marine1	na	Unweighted UniFrac error	0.549848602152994
sourmash	marine1	na	Weighted UniFrac (CAMI)	1.89071865179087
sourmash	marine1	na	Unweighted UniFrac (CAMI)	1509.08684863524
sourmash	marine1	phylum	Sum of abundances	0.995037220843673
sourmash	marine1	class	Sum of abundances	0.990074441687345
sourmash	marine1	order	Sum of abundances	0.985111662531018
sourmash	marine1	family	Sum of abundances	0.970223325062035
sourmash	marine1	genus	Sum of abundances	0.945409429280399
sourmash	marine1	species	Sum of abundances	0.905707196029778
sourmash	marine1	phylum	Taxon counts	19
sourmash	marine1	class	Taxon counts	28
sourmash	marine1	order	Taxon counts	56
sourmash	marine1	family	Taxon counts	77
sourmash	marine1	genus	Taxon counts	112
sourmash	marine1	species	Taxon counts	143
metabuli	marine1	kingdom	Bray-Curtis distance	0.0557314425612778
metabuli	marine1	phylum	Bray-Curtis distance	0.0915250311685075
metabuli	marine1	class	Bray-Curtis distance	0.103064545464425
metabuli	marine1	order	Bray-Curtis distance	0.168955919922336
metabuli	marine1	family	Bray-Curtis distance	0.175255250561007
metabuli	marine1	genus	Bray-Curtis distance	0.189825071679488
metabuli	marine1	species	Bray-Curtis distance	0.235059682310674
metabuli	marine1	phylum	Shannon diversity	1.59228300711947
metabuli	marine1	phylum	Shannon equitability	0.393832009944383
metabuli	marine1	class	Shannon diversity	1.96540263620434
metabuli	marine1	class	Shannon equitability	0.409818280743907
metabuli	marine1	order	Shannon diversity	3.11102303747653
metabuli	marine1	order	Shannon equitability	0.546718192839731
metabuli	marine1	family	Shannon diversity	3.81327702989504
metabuli	marine1	family	Shannon equitability	0.591307556516017
metabuli	marine1	genus	Shannon diversity	4.29205621969684
metabuli	marine1	genus	Shannon equitability	0.557323030034387
metabuli	marine1	species	Shannon diversity	4.83737062123387
metabuli	marine1	species	Shannon equitability	0.548853776448762
metabuli	marine1	kingdom	True positives	2
metabuli	marine1	kingdom	False negatives	0
metabuli	marine1	kingdom	False positives	0
metabuli	marine1	kingdom	Completeness	1
metabuli	marine1	kingdom	Purity	1
metabuli	marine1	kingdom	F1 score	1
metabuli	marine1	kingdom	Jaccard index	1
metabuli	marine1	phylum	True positives	27
metabuli	marine1	phylum	False negatives	2
metabuli	marine1	phylum	False positives	30
metabuli	marine1	phylum	Completeness	0.931034482758621
metabuli	marine1	phylum	Purity	0.473684210526316
metabuli	marine1	phylum	F1 score	0.627906976744186
metabuli	marine1	phylum	Jaccard index	0.457627118644068
metabuli	marine1	class	True positives	41
metabuli	marine1	class	False negatives	2
metabuli	marine1	class	False positives	80
metabuli	marine1	class	Completeness	0.953488372093023
metabuli	marine1	class	Purity	0.338842975206612
metabuli	marine1	class	F1 score	0.5
metabuli	marine1	class	Jaccard index	0.333333333333333
metabuli	marine1	order	True positives	83
metabuli	marine1	order	False negatives	3
metabuli	marine1	order	False positives	213
metabuli	marine1	order	Completeness	0.965116279069768
metabuli	marine1	order	Purity	0.280405405405405
metabuli	marine1	order	F1 score	0.43455497382199
metabuli	marine1	order	Jaccard index	0.277591973244147
metabuli	marine1	family	True positives	137
metabuli	marine1	family	False negatives	5
metabuli	marine1	family	False positives	495
metabuli	marine1	family	Completeness	0.964788732394366
metabuli	marine1	family	Purity	0.216772151898734
metabuli	marine1	family	F1 score	0.354005167958656
metabuli	marine1	family	Jaccard index	0.215070643642072
metabuli	marine1	genus	True positives	227
metabuli	marine1	genus	False negatives	11
metabuli	marine1	genus	False positives	1984
metabuli	marine1	genus	Completeness	0.953781512605042
metabuli	marine1	genus	Purity	0.102668475802804
metabuli	marine1	genus	F1 score	0.185381788485096
metabuli	marine1	genus	Jaccard index	0.102160216021602
metabuli	marine1	species	True positives	305
metabuli	marine1	species	False negatives	28
metabuli	marine1	species	False positives	6420
metabuli	marine1	species	Completeness	0.915915915915916
metabuli	marine1	species	Purity	0.0453531598513011
metabuli	marine1	species	F1 score	0.0864267497874752
metabuli	marine1	species	Jaccard index	0.045165111802162
metabuli	marine1	kingdom	L1 norm error	0.111462885122555
metabuli	marine1	phylum	L1 norm error	0.182936715365874
metabuli	marine1	class	L1 norm error	0.20596803028251
metabuli	marine1	order	L1 norm error	0.337372909648879
metabuli	marine1	family	L1 norm error	0.349608693844955
metabuli	marine1	genus	L1 norm error	0.377974123341289
metabuli	marine1	species	L1 norm error	0.453263577138527
metabuli	marine1	na	Weighted UniFrac error	0.0193759946063474
metabuli	marine1	na	Unweighted UniFrac error	18.5612155905847
metabuli	marine1	na	Weighted UniFrac (CAMI)	2.01858693474466
metabuli	marine1	na	Unweighted UniFrac (CAMI)	50599
metabuli	marine1	phylum	Sum of abundances	0.998761574077674
metabuli	marine1	class	Sum of abundances	0.998437283688448
metabuli	marine1	order	Sum of abundances	0.996810231946648
metabuli	marine1	family	Sum of abundances	0.995202903929595
metabuli	marine1	genus	Sum of abundances	0.991519296118124
metabuli	marine1	species	Sum of abundances	0.961684206989596
metabuli	marine1	phylum	Taxon counts	57
metabuli	marine1	class	Taxon counts	121
metabuli	marine1	order	Taxon counts	296
metabuli	marine1	family	Taxon counts	632
metabuli	marine1	genus	Taxon counts	2211
metabuli	marine1	species	Taxon counts	6725
sylph	marine1	kingdom	Bray-Curtis distance	0.00346097024254974
sylph	marine1	phylum	Bray-Curtis distance	0.0149719327516108
sylph	marine1	class	Bray-Curtis distance	0.0186646602440745
sylph	marine1	order	Bray-Curtis distance	0.0319803374919729
sylph	marine1	family	Bray-Curtis distance	0.0360801625175334
sylph	marine1	genus	Bray-Curtis distance	0.0399167366731767
sylph	marine1	species	Bray-Curtis distance	0.0478562994076659
sylph	marine1	phylum	Shannon diversity	1.79908340410465
sylph	marine1	phylum	Shannon equitability	0.534281362535314
sylph	marine1	class	Shannon diversity	2.18600358012646
sylph	marine1	class	Shannon equitability	0.581198424142705
sylph	marine1	order	Shannon diversity	3.34428487404712
sylph	marine1	order	Shannon equitability	0.750791227450978
sylph	marine1	family	Shannon diversity	3.90270341642592
sylph	marine1	family	Shannon equitability	0.790905670860407
sylph	marine1	genus	Shannon diversity	4.30415330639224
sylph	marine1	genus	Shannon equitability	0.792757286152202
sylph	marine1	species	Shannon diversity	4.79458186965638
sylph	marine1	species	Shannon equitability	0.825920826187316
sylph	marine1	kingdom	True positives	2
sylph	marine1	kingdom	False negatives	0
sylph	marine1	kingdom	False positives	0
sylph	marine1	kingdom	Completeness	1
sylph	marine1	kingdom	Purity	1
sylph	marine1	kingdom	F1 score	1
sylph	marine1	kingdom	Jaccard index	1
sylph	marine1	phylum	True positives	29
sylph	marine1	phylum	False negatives	0
sylph	marine1	phylum	False positives	0
sylph	marine1	phylum	Completeness	1
sylph	marine1	phylum	Purity	1
sylph	marine1	phylum	F1 score	1
sylph	marine1	phylum	Jaccard index	1
sylph	marine1	class	True positives	43
sylph	marine1	class	False negatives	0
sylph	marine1	class	False positives	0
sylph	marine1	class	Completeness	1
sylph	marine1	class	Purity	1
sylph	marine1	class	F1 score	1
sylph	marine1	class	Jaccard index	1
sylph	marine1	order	True positives	86
sylph	marine1	order	False negatives	0
sylph	marine1	order	False positives	0
sylph	marine1	order	Completeness	1
sylph	marine1	order	Purity	1
sylph	marine1	order	F1 score	1
sylph	marine1	order	Jaccard index	1
sylph	marine1	family	True positives	139
sylph	marine1	family	False negatives	3
sylph	marine1	family	False positives	0
sylph	marine1	family	Completeness	0.97887323943662
sylph	marine1	family	Purity	1
sylph	marine1	family	F1 score	0.98932384341637
sylph	marine1	family	Jaccard index	0.97887323943662
sylph	marine1	genus	True positives	228
sylph	marine1	genus	False negatives	10
sylph	marine1	genus	False positives	0
sylph	marine1	genus	Completeness	0.957983193277311
sylph	marine1	genus	Purity	1
sylph	marine1	genus	F1 score	0.978540772532189
sylph	marine1	genus	Jaccard index	0.957983193277311
sylph	marine1	species	True positives	329
sylph	marine1	species	False negatives	4
sylph	marine1	species	False positives	3
sylph	marine1	species	Completeness	0.987987987987988
sylph	marine1	species	Purity	0.990963855421687
sylph	marine1	species	F1 score	0.989473684210526
sylph	marine1	species	Jaccard index	0.979166666666667
sylph	marine1	kingdom	L1 norm error	0.00692194048509949
sylph	marine1	phylum	L1 norm error	0.0299438655032216
sylph	marine1	class	L1 norm error	0.037329320488149
sylph	marine1	order	L1 norm error	0.0639606749839458
sylph	marine1	family	L1 norm error	0.0721477481033089
sylph	marine1	genus	L1 norm error	0.079819559050017
sylph	marine1	species	L1 norm error	0.0941145453440028
sylph	marine1	na	Weighted UniFrac error	0.0032026712663244
sylph	marine1	na	Unweighted UniFrac error	0.0691829880407857
sylph	marine1	na	Weighted UniFrac (CAMI)	0.384237653957744
sylph	marine1	na	Unweighted UniFrac (CAMI)	210
sylph	marine1	phylum	Sum of abundances	1
sylph	marine1	class	Sum of abundances	1
sylph	marine1	order	Sum of abundances	1
sylph	marine1	family	Sum of abundances	1
sylph	marine1	genus	Sum of abundances	1
sylph	marine1	species	Sum of abundances	1
sylph	marine1	phylum	Taxon counts	29
sylph	marine1	class	Taxon counts	43
sylph	marine1	order	Taxon counts	86
sylph	marine1	family	Taxon counts	139
sylph	marine1	genus	Taxon counts	228
sylph	marine1	species	Taxon counts	332
singlem	marine2	kingdom	Bray-Curtis distance	7.69839688553731e-05
singlem	marine2	phylum	Bray-Curtis distance	0.00852992294709003
singlem	marine2	class	Bray-Curtis distance	0.0106216030229505
singlem	marine2	order	Bray-Curtis distance	0.0164104060850681
singlem	marine2	family	Bray-Curtis distance	0.0206040264835517
singlem	marine2	genus	Bray-Curtis distance	0.0379293529766086
singlem	marine2	species	Bray-Curtis distance	0.163471294861463
singlem	marine2	phylum	Shannon diversity	1.62744837205896
singlem	marine2	phylum	Shannon equitability	0.499508947346062
singlem	marine2	class	Shannon diversity	1.98073945427027
singlem	marine2	class	Shannon equitability	0.540659512680184
singlem	marine2	order	Shannon diversity	3.19165053366195
singlem	marine2	order	Shannon equitability	0.736976923508971
singlem	marine2	family	Shannon diversity	3.58340965403867
singlem	marine2	family	Shannon equitability	0.748494169089956
singlem	marine2	genus	Shannon diversity	3.85557268029002
singlem	marine2	genus	Shannon equitability	0.727697571427663
singlem	marine2	species	Shannon diversity	3.33290906083026
singlem	marine2	species	Shannon equitability	0.620579723186483
singlem	marine2	kingdom	True positives	2
singlem	marine2	kingdom	False negatives	0
singlem	marine2	kingdom	False positives	0
singlem	marine2	kingdom	Completeness	1
singlem	marine2	kingdom	Purity	1
singlem	marine2	kingdom	F1 score	1
singlem	marine2	kingdom	Jaccard index	1
singlem	marine2	phylum	True positives	26
singlem	marine2	phylum	False negatives	1
singlem	marine2	phylum	False positives	0
singlem	marine2	phylum	Completeness	0.962962962962963
singlem	marine2	phylum	Purity	1
singlem	marine2	phylum	F1 score	0.981132075471698
singlem	marine2	phylum	Jaccard index	0.962962962962963
singlem	marine2	class	True positives	39
singlem	marine2	class	False negatives	2
singlem	marine2	class	False positives	0
singlem	marine2	class	Completeness	0.951219512195122
singlem	marine2	class	Purity	1
singlem	marine2	class	F1 score	0.975
singlem	marine2	class	Jaccard index	0.951219512195122
singlem	marine2	order	True positives	76
singlem	marine2	order	False negatives	3
singlem	marine2	order	False positives	0
singlem	marine2	order	Completeness	0.962025316455696
singlem	marine2	order	Purity	1
singlem	marine2	order	F1 score	0.980645161290323
singlem	marine2	order	Jaccard index	0.962025316455696
singlem	marine2	family	True positives	120
singlem	marine2	family	False negatives	9
singlem	marine2	family	False positives	0
singlem	marine2	family	Completeness	0.930232558139535
singlem	marine2	family	Purity	1
singlem	marine2	family	F1 score	0.963855421686747
singlem	marine2	family	Jaccard index	0.930232558139535
singlem	marine2	genus	True positives	199
singlem	marine2	genus	False negatives	30
singlem	marine2	genus	False positives	1
singlem	marine2	genus	Completeness	0.868995633187773
singlem	marine2	genus	Purity	0.995
singlem	marine2	genus	F1 score	0.927738927738928
singlem	marine2	genus	Jaccard index	0.865217391304348
singlem	marine2	species	True positives	205
singlem	marine2	species	False negatives	108
singlem	marine2	species	False positives	10
singlem	marine2	species	Completeness	0.654952076677316
singlem	marine2	species	Purity	0.953488372093023
singlem	marine2	species	F1 score	0.776515151515152
singlem	marine2	species	Jaccard index	0.634674922600619
singlem	marine2	kingdom	L1 norm error	0.000153967937710746
singlem	marine2	phylum	L1 norm error	0.017033363870291
singlem	marine2	class	L1 norm error	0.0211827503025506
singlem	marine2	order	L1 norm error	0.032579659273637
singlem	marine2	family	L1 norm error	0.0407363701243252
singlem	marine2	genus	L1 norm error	0.07392975738999
singlem	marine2	species	L1 norm error	0.277247906677277
singlem	marine2	na	Weighted UniFrac error	0.00293832789342233
singlem	marine2	na	Unweighted UniFrac error	0.462279495501294
singlem	marine2	na	Weighted UniFrac (CAMI)	0.46286377557578
singlem	marine2	na	Unweighted UniFrac (CAMI)	1197
singlem	marine2	phylum	Sum of abundances	0.996895397056541
singlem	marine2	class	Sum of abundances	0.994308227936992
singlem	marine2	order	Sum of abundances	0.98530487940096
singlem	marine2	family	Sum of abundances	0.977107249247874
singlem	marine2	genus	Sum of abundances	0.94914364702143
singlem	marine2	species	Sum of abundances	0.727888943917566
singlem	marine2	phylum	Taxon counts	26
singlem	marine2	class	Taxon counts	39
singlem	marine2	order	Taxon counts	76
singlem	marine2	family	Taxon counts	120
singlem	marine2	genus	Taxon counts	200
singlem	marine2	species	Taxon counts	215
metaphlan	marine2	kingdom	Bray-Curtis distance	0.00739952252956967
metaphlan	marine2	phylum	Bray-Curtis distance	0.0196049019981388
metaphlan	marine2	class	Bray-Curtis distance	0.0199591980391359
metaphlan	marine2	order	Bray-Curtis distance	0.0473098602637174
metaphlan	marine2	family	Bray-Curtis distance	0.0512866751007828
metaphlan	marine2	genus	Bray-Curtis distance	0.056533657007254
metaphlan	marine2	species	Bray-Curtis distance	0.0675481538341512
metaphlan	marine2	phylum	Shannon diversity	1.62962911583886
metaphlan	marine2	phylum	Shannon equitability	0.506272750023089
metaphlan	marine2	class	Shannon diversity	2.00036544947447
metaphlan	marine2	class	Shannon equitability	0.546016593330086
metaphlan	marine2	order	Shannon diversity	3.23066381941728
metaphlan	marine2	order	Shannon equitability	0.743740454663049
metaphlan	marine2	family	Shannon diversity	3.63583898121909
metaphlan	marine2	family	Shannon equitability	0.751783922271588
metaphlan	marine2	genus	Shannon diversity	4.02712077077928
metaphlan	marine2	genus	Shannon equitability	0.746644208590703
metaphlan	marine2	species	Shannon diversity	4.4489416595176
metaphlan	marine2	species	Shannon equitability	0.777744611353364
metaphlan	marine2	kingdom	True positives	2
metaphlan	marine2	kingdom	False negatives	0
metaphlan	marine2	kingdom	False positives	0
metaphlan	marine2	kingdom	Completeness	1
metaphlan	marine2	kingdom	Purity	1
metaphlan	marine2	kingdom	F1 score	1
metaphlan	marine2	kingdom	Jaccard index	1
metaphlan	marine2	phylum	True positives	25
metaphlan	marine2	phylum	False negatives	2
metaphlan	marine2	phylum	False positives	0
metaphlan	marine2	phylum	Completeness	0.925925925925926
metaphlan	marine2	phylum	Purity	1
metaphlan	marine2	phylum	F1 score	0.961538461538461
metaphlan	marine2	phylum	Jaccard index	0.925925925925926
metaphlan	marine2	class	True positives	39
metaphlan	marine2	class	False negatives	2
metaphlan	marine2	class	False positives	0
metaphlan	marine2	class	Completeness	0.951219512195122
metaphlan	marine2	class	Purity	1
metaphlan	marine2	class	F1 score	0.975
metaphlan	marine2	class	Jaccard index	0.951219512195122
metaphlan	marine2	order	True positives	77
metaphlan	marine2	order	False negatives	2
metaphlan	marine2	order	False positives	0
metaphlan	marine2	order	Completeness	0.974683544303798
metaphlan	marine2	order	Purity	1
metaphlan	marine2	order	F1 score	0.987179487179487
metaphlan	marine2	order	Jaccard index	0.974683544303798
metaphlan	marine2	family	True positives	126
metaphlan	marine2	family	False negatives	3
metaphlan	marine2	family	False positives	0
metaphlan	marine2	family	Completeness	0.976744186046512
metaphlan	marine2	family	Purity	1
metaphlan	marine2	family	F1 score	0.988235294117647
metaphlan	marine2	family	Jaccard index	0.976744186046512
metaphlan	marine2	genus	True positives	220
metaphlan	marine2	genus	False negatives	9
metaphlan	marine2	genus	False positives	0
metaphlan	marine2	genus	Completeness	0.960698689956332
metaphlan	marine2	genus	Purity	1
metaphlan	marine2	genus	F1 score	0.979955456570156
metaphlan	marine2	genus	Jaccard index	0.960698689956332
metaphlan	marine2	species	True positives	288
metaphlan	marine2	species	False negatives	25
metaphlan	marine2	species	False positives	17
metaphlan	marine2	species	Completeness	0.920127795527156
metaphlan	marine2	species	Purity	0.944262295081967
metaphlan	marine2	species	F1 score	0.932038834951456
metaphlan	marine2	species	Jaccard index	0.872727272727273
metaphlan	marine2	kingdom	L1 norm error	0.0147990450591393
metaphlan	marine2	phylum	L1 norm error	0.0392098039962775
metaphlan	marine2	class	L1 norm error	0.0399183960782717
metaphlan	marine2	order	L1 norm error	0.0946197205274348
metaphlan	marine2	family	L1 norm error	0.102573350201566
metaphlan	marine2	genus	L1 norm error	0.113067314014508
metaphlan	marine2	species	L1 norm error	0.132844424864419
metaphlan	marine2	na	Weighted UniFrac error	0.00453957023001732
metaphlan	marine2	na	Unweighted UniFrac error	0.0637737850726907
metaphlan	marine2	na	Weighted UniFrac (CAMI)	0.537032054741619
metaphlan	marine2	na	Unweighted UniFrac (CAMI)	208
metaphlan	marine2	phylum	Sum of abundances	1
metaphlan	marine2	class	Sum of abundances	1
metaphlan	marine2	order	Sum of abundances	1
metaphlan	marine2	family	Sum of abundances	1
metaphlan	marine2	genus	Sum of abundances	1
metaphlan	marine2	species	Sum of abundances	0.998547886977938
metaphlan	marine2	phylum	Taxon counts	25
metaphlan	marine2	class	Taxon counts	39
metaphlan	marine2	order	Taxon counts	77
metaphlan	marine2	family	Taxon counts	126
metaphlan	marine2	genus	Taxon counts	220
metaphlan	marine2	species	Taxon counts	305
kraken	marine2	kingdom	Bray-Curtis distance	0.0598118345079673
kraken	marine2	phylum	Bray-Curtis distance	0.0889819100361203
kraken	marine2	class	Bray-Curtis distance	0.0906424123991559
kraken	marine2	order	Bray-Curtis distance	0.168497533869427
kraken	marine2	family	Bray-Curtis distance	0.172740296351154
kraken	marine2	genus	Bray-Curtis distance	0.179643851209667
kraken	marine2	species	Bray-Curtis distance	0.207594567859464
kraken	marine2	phylum	Shannon diversity	1.46207683020238
kraken	marine2	phylum	Shannon equitability	0.373739323151645
kraken	marine2	class	Shannon diversity	1.85866528477957
kraken	marine2	class	Shannon equitability	0.416189772694991
kraken	marine2	order	Shannon diversity	3.14163330822903
kraken	marine2	order	Shannon equitability	0.623717067880212
kraken	marine2	family	Shannon diversity	3.70085779691631
kraken	marine2	family	Shannon equitability	0.672231594548201
kraken	marine2	genus	Shannon diversity	4.1964055542306
kraken	marine2	genus	Shannon equitability	0.679484414204182
kraken	marine2	species	Shannon diversity	5.04557287615505
kraken	marine2	species	Shannon equitability	0.68812313379898
kraken	marine2	kingdom	True positives	2
kraken	marine2	kingdom	False negatives	0
kraken	marine2	kingdom	False positives	0
kraken	marine2	kingdom	Completeness	1
kraken	marine2	kingdom	Purity	1
kraken	marine2	kingdom	F1 score	1
kraken	marine2	kingdom	Jaccard index	1
kraken	marine2	phylum	True positives	27
kraken	marine2	phylum	False negatives	0
kraken	marine2	phylum	False positives	23
kraken	marine2	phylum	Completeness	1
kraken	marine2	phylum	Purity	0.54
kraken	marine2	phylum	F1 score	0.701298701298701
kraken	marine2	phylum	Jaccard index	0.54
kraken	marine2	class	True positives	41
kraken	marine2	class	False negatives	0
kraken	marine2	class	False positives	46
kraken	marine2	class	Completeness	1
kraken	marine2	class	Purity	0.471264367816092
kraken	marine2	class	F1 score	0.640625
kraken	marine2	class	Jaccard index	0.471264367816092
kraken	marine2	order	True positives	78
kraken	marine2	order	False negatives	1
kraken	marine2	order	False positives	76
kraken	marine2	order	Completeness	0.987341772151899
kraken	marine2	order	Purity	0.506493506493507
kraken	marine2	order	F1 score	0.669527896995708
kraken	marine2	order	Jaccard index	0.503225806451613
kraken	marine2	family	True positives	128
kraken	marine2	family	False negatives	1
kraken	marine2	family	False positives	118
kraken	marine2	family	Completeness	0.992248062015504
kraken	marine2	family	Purity	0.520325203252033
kraken	marine2	family	F1 score	0.682666666666667
kraken	marine2	family	Jaccard index	0.518218623481781
kraken	marine2	genus	True positives	228
kraken	marine2	genus	False negatives	1
kraken	marine2	genus	False positives	253
kraken	marine2	genus	Completeness	0.995633187772926
kraken	marine2	genus	Purity	0.474012474012474
kraken	marine2	genus	F1 score	0.642253521126761
kraken	marine2	genus	Jaccard index	0.473029045643154
kraken	marine2	species	True positives	311
kraken	marine2	species	False negatives	2
kraken	marine2	species	False positives	1218
kraken	marine2	species	Completeness	0.993610223642172
kraken	marine2	species	Purity	0.203400915631131
kraken	marine2	species	F1 score	0.337676438653637
kraken	marine2	species	Jaccard index	0.203135205747877
kraken	marine2	kingdom	L1 norm error	0.119623669015935
kraken	marine2	phylum	L1 norm error	0.177961150614939
kraken	marine2	class	L1 norm error	0.181276666981196
kraken	marine2	order	L1 norm error	0.336934408626661
kraken	marine2	family	L1 norm error	0.345354492285972
kraken	marine2	genus	L1 norm error	0.358935600470963
kraken	marine2	species	L1 norm error	0.407168650855457
kraken	marine2	na	Weighted UniFrac error	0.0189090609786877
kraken	marine2	na	Unweighted UniFrac error	4.31546764971178
kraken	marine2	na	Weighted UniFrac (CAMI)	1.9272585895338
kraken	marine2	na	Unweighted UniFrac (CAMI)	10671.93961
kraken	marine2	phylum	Sum of abundances	0.99997
kraken	marine2	class	Sum of abundances	0.999910000000001
kraken	marine2	order	Sum of abundances	0.999640000000001
kraken	marine2	family	Sum of abundances	0.999270000000002
kraken	marine2	genus	Sum of abundances	0.998040000000003
kraken	marine2	species	Sum of abundances	0.99325000000001
kraken	marine2	phylum	Taxon counts	50
kraken	marine2	class	Taxon counts	87
kraken	marine2	order	Taxon counts	154
kraken	marine2	family	Taxon counts	246
kraken	marine2	genus	Taxon counts	481
kraken	marine2	species	Taxon counts	1529
sourmash	marine2	kingdom	Bray-Curtis distance	0.0503161921905869
sourmash	marine2	phylum	Bray-Curtis distance	0.0771240025517617
sourmash	marine2	class	Bray-Curtis distance	0.0775105466628497
sourmash	marine2	order	Bray-Curtis distance	0.152118600970283
sourmash	marine2	family	Bray-Curtis distance	0.177273171616769
sourmash	marine2	genus	Bray-Curtis distance	0.206292877490615
sourmash	marine2	species	Bray-Curtis distance	0.24042390057702
sourmash	marine2	phylum	Shannon diversity	1.50063610175679
sourmash	marine2	phylum	Shannon equitability	0.492897041310332
sourmash	marine2	class	Shannon diversity	1.88559945624705
sourmash	marine2	class	Shannon equitability	0.549099150335873
sourmash	marine2	order	Shannon diversity	3.17535549871652
sourmash	marine2	order	Shannon equitability	0.772428345805029
sourmash	marine2	family	Shannon diversity	3.60026551215732
sourmash	marine2	family	Shannon equitability	0.816994528161152
sourmash	marine2	genus	Shannon diversity	3.88984341181317
sourmash	marine2	genus	Shannon equitability	0.812501330718275
sourmash	marine2	species	Shannon diversity	4.13120195056606
sourmash	marine2	species	Shannon equitability	0.82670131350139
sourmash	marine2	kingdom	True positives	2
sourmash	marine2	kingdom	False negatives	0
sourmash	marine2	kingdom	False positives	0
sourmash	marine2	kingdom	Completeness	1
sourmash	marine2	kingdom	Purity	1
sourmash	marine2	kingdom	F1 score	1
sourmash	marine2	kingdom	Jaccard index	1
sourmash	marine2	phylum	True positives	21
sourmash	marine2	phylum	False negatives	6
sourmash	marine2	phylum	False positives	0
sourmash	marine2	phylum	Completeness	0.777777777777778
sourmash	marine2	phylum	Purity	1
sourmash	marine2	phylum	F1 score	0.875
sourmash	marine2	phylum	Jaccard index	0.777777777777778
sourmash	marine2	class	True positives	31
sourmash	marine2	class	False negatives	10
sourmash	marine2	class	False positives	0
sourmash	marine2	class	Completeness	0.75609756097561
sourmash	marine2	class	Purity	1
sourmash	marine2	class	F1 score	0.861111111111111
sourmash	marine2	class	Jaccard index	0.75609756097561
sourmash	marine2	order	True positives	61
sourmash	marine2	order	False negatives	18
sourmash	marine2	order	False positives	0
sourmash	marine2	order	Completeness	0.772151898734177
sourmash	marine2	order	Purity	1
sourmash	marine2	order	F1 score	0.871428571428571
sourmash	marine2	order	Jaccard index	0.772151898734177
sourmash	marine2	family	True positives	82
sourmash	marine2	family	False negatives	47
sourmash	marine2	family	False positives	0
sourmash	marine2	family	Completeness	0.635658914728682
sourmash	marine2	family	Purity	1
sourmash	marine2	family	F1 score	0.777251184834123
sourmash	marine2	family	Jaccard index	0.635658914728682
sourmash	marine2	genus	True positives	120
sourmash	marine2	genus	False negatives	109
sourmash	marine2	genus	False positives	0
sourmash	marine2	genus	Completeness	0.524017467248908
sourmash	marine2	genus	Purity	1
sourmash	marine2	genus	F1 score	0.687679083094556
sourmash	marine2	genus	Jaccard index	0.524017467248908
sourmash	marine2	species	True positives	141
sourmash	marine2	species	False negatives	172
sourmash	marine2	species	False positives	7
sourmash	marine2	species	Completeness	0.450479233226837
sourmash	marine2	species	Purity	0.952702702702703
sourmash	marine2	species	F1 score	0.611713665943601
sourmash	marine2	species	Jaccard index	0.440625
sourmash	marine2	kingdom	L1 norm error	0.100632384381174
sourmash	marine2	phylum	L1 norm error	0.15444227211247
sourmash	marine2	class	L1 norm error	0.15463061198231
sourmash	marine2	order	L1 norm error	0.304237201940565
sourmash	marine2	family	L1 norm error	0.352760215559818
sourmash	marine2	genus	L1 norm error	0.406350202009223
sourmash	marine2	species	L1 norm error	0.454408150775177
sourmash	marine2	na	Weighted UniFrac error	0.0178027109799313
sourmash	marine2	na	Unweighted UniFrac error	0.490285437811347
sourmash	marine2	na	Weighted UniFrac (CAMI)	1.92746103876074
sourmash	marine2	na	Unweighted UniFrac (CAMI)	1254.11586901763
sourmash	marine2	phylum	Sum of abundances	1.00251889168766
sourmash	marine2	class	Sum of abundances	0.994962216624685
sourmash	marine2	order	Sum of abundances	1
sourmash	marine2	family	Sum of abundances	0.98992443324937
sourmash	marine2	genus	Sum of abundances	0.969773299748111
sourmash	marine2	species	Sum of abundances	0.921914357682619
sourmash	marine2	phylum	Taxon counts	21
sourmash	marine2	class	Taxon counts	31
sourmash	marine2	order	Taxon counts	61
sourmash	marine2	family	Taxon counts	82
sourmash	marine2	genus	Taxon counts	120
sourmash	marine2	species	Taxon counts	148
metabuli	marine2	kingdom	Bray-Curtis distance	0.0598525871882989
metabuli	marine2	phylum	Bray-Curtis distance	0.0905326395925219
metabuli	marine2	class	Bray-Curtis distance	0.0930041207291624
metabuli	marine2	order	Bray-Curtis distance	0.175733586105263
metabuli	marine2	family	Bray-Curtis distance	0.182008615266361
metabuli	marine2	genus	Bray-Curtis distance	0.195414587282796
metabuli	marine2	species	Bray-Curtis distance	0.237194080258398
metabuli	marine2	phylum	Shannon diversity	1.44591874225237
metabuli	marine2	phylum	Shannon equitability	0.357630573165303
metabuli	marine2	class	Shannon diversity	1.82993044982602
metabuli	marine2	class	Shannon equitability	0.381570135815497
metabuli	marine2	order	Shannon diversity	3.1143096935766
metabuli	marine2	order	Shannon equitability	0.547295776053313
metabuli	marine2	family	Shannon diversity	3.68219395181865
metabuli	marine2	family	Shannon equitability	0.570981098723864
metabuli	marine2	genus	Shannon diversity	4.18102439061554
metabuli	marine2	genus	Shannon equitability	0.542937452593278
metabuli	marine2	species	Shannon diversity	4.76214775051011
metabuli	marine2	species	Shannon equitability	0.54064815951046
metabuli	marine2	kingdom	True positives	2
metabuli	marine2	kingdom	False negatives	0
metabuli	marine2	kingdom	False positives	0
metabuli	marine2	kingdom	Completeness	1
metabuli	marine2	kingdom	Purity	1
metabuli	marine2	kingdom	F1 score	1
metabuli	marine2	kingdom	Jaccard index	1
metabuli	marine2	phylum	True positives	25
metabuli	marine2	phylum	False negatives	2
metabuli	marine2	phylum	False positives	32
metabuli	marine2	phylum	Completeness	0.925925925925926
metabuli	marine2	phylum	Purity	0.43859649122807
metabuli	marine2	phylum	F1 score	0.595238095238095
metabuli	marine2	phylum	Jaccard index	0.423728813559322
metabuli	marine2	class	True positives	39
metabuli	marine2	class	False negatives	2
metabuli	marine2	class	False positives	82
metabuli	marine2	class	Completeness	0.951219512195122
metabuli	marine2	class	Purity	0.322314049586777
metabuli	marine2	class	F1 score	0.481481481481482
metabuli	marine2	class	Jaccard index	0.317073170731707
metabuli	marine2	order	True positives	76
metabuli	marine2	order	False negatives	3
metabuli	marine2	order	False positives	220
metabuli	marine2	order	Completeness	0.962025316455696
metabuli	marine2	order	Purity	0.256756756756757
metabuli	marine2	order	F1 score	0.405333333333333
metabuli	marine2	order	Jaccard index	0.254180602006689
metabuli	marine2	family	True positives	124
metabuli	marine2	family	False negatives	5
metabuli	marine2	family	False positives	508
metabuli	marine2	family	Completeness	0.961240310077519
metabuli	marine2	family	Purity	0.19620253164557
metabuli	marine2	family	F1 score	0.325886990801577
metabuli	marine2	family	Jaccard index	0.194662480376766
metabuli	marine2	genus	True positives	220
metabuli	marine2	genus	False negatives	9
metabuli	marine2	genus	False positives	1990
metabuli	marine2	genus	Completeness	0.960698689956332
metabuli	marine2	genus	Purity	0.0995475113122172
metabuli	marine2	genus	F1 score	0.18040180401804
metabuli	marine2	genus	Jaccard index	0.0991437584497521
metabuli	marine2	species	True positives	287
metabuli	marine2	species	False negatives	26
metabuli	marine2	species	False positives	6402
metabuli	marine2	species	Completeness	0.916932907348243
metabuli	marine2	species	Purity	0.0429062640155479
metabuli	marine2	species	F1 score	0.081976578120537
metabuli	marine2	species	Jaccard index	0.0427401340282949
metabuli	marine2	kingdom	L1 norm error	0.119705174376598
metabuli	marine2	phylum	L1 norm error	0.180962446827872
metabuli	marine2	class	L1 norm error	0.185869394542593
metabuli	marine2	order	L1 norm error	0.350921022711539
metabuli	marine2	family	L1 norm error	0.363204247769388
metabuli	marine2	genus	L1 norm error	0.389142837876417
metabuli	marine2	species	L1 norm error	0.45746377419506
metabuli	marine2	na	Weighted UniFrac error	0.0196953076340317
metabuli	marine2	na	Unweighted UniFrac error	20.051068301402
metabuli	marine2	na	Weighted UniFrac (CAMI)	2.04726889829941
metabuli	marine2	na	Unweighted UniFrac (CAMI)	50440
metabuli	marine2	phylum	Sum of abundances	0.998864140517334
metabuli	marine2	class	Sum of abundances	0.998507088560769
metabuli	marine2	order	Sum of abundances	0.996892173482082
metabuli	marine2	family	Sum of abundances	0.995533273179713
metabuli	marine2	genus	Sum of abundances	0.991370466695343
metabuli	marine2	species	Sum of abundances	0.960532849184419
metabuli	marine2	phylum	Taxon counts	57
metabuli	marine2	class	Taxon counts	121
metabuli	marine2	order	Taxon counts	296
metabuli	marine2	family	Taxon counts	632
metabuli	marine2	genus	Taxon counts	2210
metabuli	marine2	species	Taxon counts	6689
sylph	marine2	kingdom	Bray-Curtis distance	0.00557116549203272
sylph	marine2	phylum	Bray-Curtis distance	0.0159452298631901
sylph	marine2	class	Bray-Curtis distance	0.0182881411407174
sylph	marine2	order	Bray-Curtis distance	0.0314711962996229
sylph	marine2	family	Bray-Curtis distance	0.033557325931407
sylph	marine2	genus	Bray-Curtis distance	0.0382851427701625
sylph	marine2	species	Bray-Curtis distance	0.0416082460480709
sylph	marine2	phylum	Shannon diversity	1.68952624483383
sylph	marine2	phylum	Shannon equitability	0.512624354154429
sylph	marine2	class	Shannon diversity	2.06436461374579
sylph	marine2	class	Shannon equitability	0.555897280748843
sylph	marine2	order	Shannon diversity	3.29212018223348
sylph	marine2	order	Shannon equitability	0.753440776361417
sylph	marine2	family	Shannon diversity	3.69926280409152
sylph	marine2	family	Shannon equitability	0.76241544320112
sylph	marine2	genus	Shannon diversity	4.10396833380195
sylph	marine2	genus	Shannon equitability	0.759617508824807
sylph	marine2	species	Shannon diversity	4.57209691211527
sylph	marine2	species	Shannon equitability	0.794791686984877
sylph	marine2	kingdom	True positives	2
sylph	marine2	kingdom	False negatives	0
sylph	marine2	kingdom	False positives	0
sylph	marine2	kingdom	Completeness	1
sylph	marine2	kingdom	Purity	1
sylph	marine2	kingdom	F1 score	1
sylph	marine2	kingdom	Jaccard index	1
sylph	marine2	phylum	True positives	27
sylph	marine2	phylum	False negatives	0
sylph	marine2	phylum	False positives	0
sylph	marine2	phylum	Completeness	1
sylph	marine2	phylum	Purity	1
sylph	marine2	phylum	F1 score	1
sylph	marine2	phylum	Jaccard index	1
sylph	marine2	class	True positives	41
sylph	marine2	class	False negatives	0
sylph	marine2	class	False positives	0
sylph	marine2	class	Completeness	1
sylph	marine2	class	Purity	1
sylph	marine2	class	F1 score	1
sylph	marine2	class	Jaccard index	1
sylph	marine2	order	True positives	79
sylph	marine2	order	False negatives	0
sylph	marine2	order	False positives	0
sylph	marine2	order	Completeness	1
sylph	marine2	order	Purity	1
sylph	marine2	order	F1 score	1
sylph	marine2	order	Jaccard index	1
sylph	marine2	family	True positives	128
sylph	marine2	family	False negatives	1
sylph	marine2	family	False positives	0
sylph	marine2	family	Completeness	0.992248062015504
sylph	marine2	family	Purity	1
sylph	marine2	family	F1 score	0.996108949416342
sylph	marine2	family	Jaccard index	0.992248062015504
sylph	marine2	genus	True positives	222
sylph	marine2	genus	False negatives	7
sylph	marine2	genus	False positives	0
sylph	marine2	genus	Completeness	0.96943231441048
sylph	marine2	genus	Purity	1
sylph	marine2	genus	F1 score	0.984478935698448
sylph	marine2	genus	Jaccard index	0.96943231441048
sylph	marine2	species	True positives	311
sylph	marine2	species	False negatives	2
sylph	marine2	species	False positives	4
sylph	marine2	species	Completeness	0.993610223642172
sylph	marine2	species	Purity	0.987301587301587
sylph	marine2	species	F1 score	0.990445859872611
sylph	marine2	species	Jaccard index	0.981072555205047
sylph	marine2	kingdom	L1 norm error	0.0111423309840654
sylph	marine2	phylum	L1 norm error	0.0318904597263803
sylph	marine2	class	L1 norm error	0.0365762822814349
sylph	marine2	order	L1 norm error	0.0629423925992458
sylph	marine2	family	L1 norm error	0.0671146518628141
sylph	marine2	genus	L1 norm error	0.0765702855403249
sylph	marine2	species	L1 norm error	0.0818897993944773
sylph	marine2	na	Weighted UniFrac error	0.00325144541717807
sylph	marine2	na	Unweighted UniFrac error	0.0692717852285554
sylph	marine2	na	Weighted UniFrac (CAMI)	0.368126202388742
sylph	marine2	na	Unweighted UniFrac (CAMI)	188
sylph	marine2	phylum	Sum of abundances	1
sylph	marine2	class	Sum of abundances	1
sylph	marine2	order	Sum of abundances	1
sylph	marine2	family	Sum of abundances	1
sylph	marine2	genus	Sum of abundances	1
sylph	marine2	species	Sum of abundances	1
sylph	marine2	phylum	Taxon counts	27
sylph	marine2	class	Taxon counts	41
sylph	marine2	order	Taxon counts	79
sylph	marine2	family	Taxon counts	128
sylph	marine2	genus	Taxon counts	222
sylph	marine2	species	Taxon counts	315
singlem	marine3	kingdom	Bray-Curtis distance	0.00381236351221482
singlem	marine3	phylum	Bray-Curtis distance	0.0077268684598697
singlem	marine3	class	Bray-Curtis distance	0.00938875728115198
singlem	marine3	order	Bray-Curtis distance	0.0181416342198654
singlem	marine3	family	Bray-Curtis distance	0.0271189736268772
singlem	marine3	genus	Bray-Curtis distance	0.0436363335274576
singlem	marine3	species	Bray-Curtis distance	0.173002582428922
singlem	marine3	phylum	Shannon diversity	1.7533462089748
singlem	marine3	phylum	Shannon equitability	0.538150477898221
singlem	marine3	class	Shannon diversity	2.12056752737314
singlem	marine3	class	Shannon equitability	0.582960082389539
singlem	marine3	order	Shannon diversity	3.21556129999219
singlem	marine3	order	Shannon equitability	0.742498105362357
singlem	marine3	family	Shannon diversity	3.66442744153162
singlem	marine3	family	Shannon equitability	0.75769516997438
singlem	marine3	genus	Shannon diversity	4.00180340831938
singlem	marine3	genus	Shannon equitability	0.74907394775001
singlem	marine3	species	Shannon diversity	3.43581007901861
singlem	marine3	species	Shannon equitability	0.631302164179015
singlem	marine3	kingdom	True positives	2
singlem	marine3	kingdom	False negatives	0
singlem	marine3	kingdom	False positives	0
singlem	marine3	kingdom	Completeness	1
singlem	marine3	kingdom	Purity	1
singlem	marine3	kingdom	F1 score	1
singlem	marine3	kingdom	Jaccard index	1
singlem	marine3	phylum	True positives	26
singlem	marine3	phylum	False negatives	2
singlem	marine3	phylum	False positives	0
singlem	marine3	phylum	Completeness	0.928571428571429
singlem	marine3	phylum	Purity	1
singlem	marine3	phylum	F1 score	0.962962962962963
singlem	marine3	phylum	Jaccard index	0.928571428571429
singlem	marine3	class	True positives	38
singlem	marine3	class	False negatives	5
singlem	marine3	class	False positives	0
singlem	marine3	class	Completeness	0.883720930232558
singlem	marine3	class	Purity	1
singlem	marine3	class	F1 score	0.938271604938272
singlem	marine3	class	Jaccard index	0.883720930232558
singlem	marine3	order	True positives	76
singlem	marine3	order	False negatives	10
singlem	marine3	order	False positives	0
singlem	marine3	order	Completeness	0.883720930232558
singlem	marine3	order	Purity	1
singlem	marine3	order	F1 score	0.938271604938272
singlem	marine3	order	Jaccard index	0.883720930232558
singlem	marine3	family	True positives	126
singlem	marine3	family	False negatives	20
singlem	marine3	family	False positives	0
singlem	marine3	family	Completeness	0.863013698630137
singlem	marine3	family	Purity	1
singlem	marine3	family	F1 score	0.926470588235294
singlem	marine3	family	Jaccard index	0.863013698630137
singlem	marine3	genus	True positives	209
singlem	marine3	genus	False negatives	77
singlem	marine3	genus	False positives	0
singlem	marine3	genus	Completeness	0.730769230769231
singlem	marine3	genus	Purity	1
singlem	marine3	genus	F1 score	0.844444444444444
singlem	marine3	genus	Jaccard index	0.730769230769231
singlem	marine3	species	True positives	224
singlem	marine3	species	False negatives	206
singlem	marine3	species	False positives	7
singlem	marine3	species	Completeness	0.52093023255814
singlem	marine3	species	Purity	0.96969696969697
singlem	marine3	species	F1 score	0.677760968229955
singlem	marine3	species	Jaccard index	0.512585812356979
singlem	marine3	kingdom	L1 norm error	0.00762472702442963
singlem	marine3	phylum	L1 norm error	0.0154080576759275
singlem	marine3	class	L1 norm error	0.0186860799263246
singlem	marine3	order	L1 norm error	0.035950446464154
singlem	marine3	family	L1 norm error	0.0534743055152496
singlem	marine3	genus	L1 norm error	0.0846367932571186
singlem	marine3	species	L1 norm error	0.291519085260359
singlem	marine3	na	Weighted UniFrac error	0.00339470731979397
singlem	marine3	na	Unweighted UniFrac error	0.238549992072892
singlem	marine3	na	Weighted UniFrac (CAMI)	0.507299495123566
singlem	marine3	na	Unweighted UniFrac (CAMI)	1093
singlem	marine3	phylum	Sum of abundances	0.994088259163571
singlem	marine3	class	Sum of abundances	0.990261263206487
singlem	marine3	order	Sum of abundances	0.981654245061761
singlem	marine3	family	Sum of abundances	0.971841053093985
singlem	marine3	genus	Sum of abundances	0.939594517120968
singlem	marine3	species	Sum of abundances	0.71878280681116
singlem	marine3	phylum	Taxon counts	26
singlem	marine3	class	Taxon counts	38
singlem	marine3	order	Taxon counts	76
singlem	marine3	family	Taxon counts	126
singlem	marine3	genus	Taxon counts	209
singlem	marine3	species	Taxon counts	231
metaphlan	marine3	kingdom	Bray-Curtis distance	0.00577028315334697
metaphlan	marine3	phylum	Bray-Curtis distance	0.0197661422053901
metaphlan	marine3	class	Bray-Curtis distance	0.0222880659196244
metaphlan	marine3	order	Bray-Curtis distance	0.046084585621286
metaphlan	marine3	family	Bray-Curtis distance	0.0502722681018886
metaphlan	marine3	genus	Bray-Curtis distance	0.0571547715259397
metaphlan	marine3	species	Bray-Curtis distance	0.072006477745746
metaphlan	marine3	phylum	Shannon diversity	1.76124732328265
metaphlan	marine3	phylum	Shannon equitability	0.534385467147796
metaphlan	marine3	class	Shannon diversity	2.15291105918462
metaphlan	marine3	class	Shannon equitability	0.576003574166463
metaphlan	marine3	order	Shannon diversity	3.2837250840377
metaphlan	marine3	order	Shannon equitability	0.739136361252861
metaphlan	marine3	family	Shannon diversity	3.75586471856463
metaphlan	marine3	family	Shannon equitability	0.756796756373156
metaphlan	marine3	genus	Shannon diversity	4.25578776709501
metaphlan	marine3	genus	Shannon equitability	0.758678877884382
metaphlan	marine3	species	Shannon diversity	4.68466011215282
metaphlan	marine3	species	Shannon equitability	0.778364635255539
metaphlan	marine3	kingdom	True positives	2
metaphlan	marine3	kingdom	False negatives	0
metaphlan	marine3	kingdom	False positives	0
metaphlan	marine3	kingdom	Completeness	1
metaphlan	marine3	kingdom	Purity	1
metaphlan	marine3	kingdom	F1 score	1
metaphlan	marine3	kingdom	Jaccard index	1
metaphlan	marine3	phylum	True positives	27
metaphlan	marine3	phylum	False negatives	1
metaphlan	marine3	phylum	False positives	0
metaphlan	marine3	phylum	Completeness	0.964285714285714
metaphlan	marine3	phylum	Purity	1
metaphlan	marine3	phylum	F1 score	0.981818181818182
metaphlan	marine3	phylum	Jaccard index	0.964285714285714
metaphlan	marine3	class	True positives	42
metaphlan	marine3	class	False negatives	1
metaphlan	marine3	class	False positives	0
metaphlan	marine3	class	Completeness	0.976744186046512
metaphlan	marine3	class	Purity	1
metaphlan	marine3	class	F1 score	0.988235294117647
metaphlan	marine3	class	Jaccard index	0.976744186046512
metaphlan	marine3	order	True positives	85
metaphlan	marine3	order	False negatives	1
metaphlan	marine3	order	False positives	0
metaphlan	marine3	order	Completeness	0.988372093023256
metaphlan	marine3	order	Purity	1
metaphlan	marine3	order	F1 score	0.994152046783626
metaphlan	marine3	order	Jaccard index	0.988372093023256
metaphlan	marine3	family	True positives	143
metaphlan	marine3	family	False negatives	3
metaphlan	marine3	family	False positives	0
metaphlan	marine3	family	Completeness	0.979452054794521
metaphlan	marine3	family	Purity	1
metaphlan	marine3	family	F1 score	0.98961937716263
metaphlan	marine3	family	Jaccard index	0.979452054794521
metaphlan	marine3	genus	True positives	273
metaphlan	marine3	genus	False negatives	13
metaphlan	marine3	genus	False positives	0
metaphlan	marine3	genus	Completeness	0.954545454545455
metaphlan	marine3	genus	Purity	1
metaphlan	marine3	genus	F1 score	0.976744186046512
metaphlan	marine3	genus	Jaccard index	0.954545454545455
metaphlan	marine3	species	True positives	393
metaphlan	marine3	species	False negatives	37
metaphlan	marine3	species	False positives	18
metaphlan	marine3	species	Completeness	0.913953488372093
metaphlan	marine3	species	Purity	0.956204379562044
metaphlan	marine3	species	F1 score	0.934601664684899
metaphlan	marine3	species	Jaccard index	0.877232142857143
metaphlan	marine3	kingdom	L1 norm error	0.0115405663066939
metaphlan	marine3	phylum	L1 norm error	0.0395322844107801
metaphlan	marine3	class	L1 norm error	0.0445761318392487
metaphlan	marine3	order	L1 norm error	0.092169171242572
metaphlan	marine3	family	L1 norm error	0.100544536203777
metaphlan	marine3	genus	L1 norm error	0.114309543051879
metaphlan	marine3	species	L1 norm error	0.141530896785847
metaphlan	marine3	na	Weighted UniFrac error	0.00450054182291165
metaphlan	marine3	na	Unweighted UniFrac error	0.0630419577158738
metaphlan	marine3	na	Weighted UniFrac (CAMI)	0.544203129840798
metaphlan	marine3	na	Unweighted UniFrac (CAMI)	296
metaphlan	marine3	phylum	Sum of abundances	1
metaphlan	marine3	class	Sum of abundances	1
metaphlan	marine3	order	Sum of abundances	1
metaphlan	marine3	family	Sum of abundances	1
metaphlan	marine3	genus	Sum of abundances	1
metaphlan	marine3	species	Sum of abundances	0.999256606156901
metaphlan	marine3	phylum	Taxon counts	27
metaphlan	marine3	class	Taxon counts	42
metaphlan	marine3	order	Taxon counts	85
metaphlan	marine3	family	Taxon counts	143
metaphlan	marine3	genus	Taxon counts	273
metaphlan	marine3	species	Taxon counts	411
kraken	marine3	kingdom	Bray-Curtis distance	0.0522092560367358
kraken	marine3	phylum	Bray-Curtis distance	0.0841128722986905
kraken	marine3	class	Bray-Curtis distance	0.0887938683344866
kraken	marine3	order	Bray-Curtis distance	0.152776742912587
kraken	marine3	family	Bray-Curtis distance	0.161570037195588
kraken	marine3	genus	Bray-Curtis distance	0.170054684885243
kraken	marine3	species	Bray-Curtis distance	0.19849519704672
kraken	marine3	phylum	Shannon diversity	1.59518166310562
kraken	marine3	phylum	Shannon equitability	0.407763875849457
kraken	marine3	class	Shannon diversity	1.99901934737356
kraken	marine3	class	Shannon equitability	0.452385484067132
kraken	marine3	order	Shannon diversity	3.16931301466809
kraken	marine3	order	Shannon equitability	0.623708090721447
kraken	marine3	family	Shannon diversity	3.78857780947085
kraken	marine3	family	Shannon equitability	0.67898947218313
kraken	marine3	genus	Shannon diversity	4.39336201902173
kraken	marine3	genus	Shannon equitability	0.698499315190304
kraken	marine3	species	Shannon diversity	5.22487214533409
kraken	marine3	species	Shannon equitability	0.702754411795562
kraken	marine3	kingdom	True positives	2
kraken	marine3	kingdom	False negatives	0
kraken	marine3	kingdom	False positives	0
kraken	marine3	kingdom	Completeness	1
kraken	marine3	kingdom	Purity	1
kraken	marine3	kingdom	F1 score	1
kraken	marine3	kingdom	Jaccard index	1
kraken	marine3	phylum	True positives	28
kraken	marine3	phylum	False negatives	0
kraken	marine3	phylum	False positives	22
kraken	marine3	phylum	Completeness	1
kraken	marine3	phylum	Purity	0.56
kraken	marine3	phylum	F1 score	0.717948717948718
kraken	marine3	phylum	Jaccard index	0.56
kraken	marine3	class	True positives	43
kraken	marine3	class	False negatives	0
kraken	marine3	class	False positives	40
kraken	marine3	class	Completeness	1
kraken	marine3	class	Purity	0.518072289156627
kraken	marine3	class	F1 score	0.682539682539683
kraken	marine3	class	Jaccard index	0.518072289156627
kraken	marine3	order	True positives	86
kraken	marine3	order	False negatives	0
kraken	marine3	order	False positives	75
kraken	marine3	order	Completeness	1
kraken	marine3	order	Purity	0.53416149068323
kraken	marine3	order	F1 score	0.696356275303644
kraken	marine3	order	Jaccard index	0.53416149068323
kraken	marine3	family	True positives	145
kraken	marine3	family	False negatives	1
kraken	marine3	family	False positives	120
kraken	marine3	family	Completeness	0.993150684931507
kraken	marine3	family	Purity	0.547169811320755
kraken	marine3	family	F1 score	0.705596107055961
kraken	marine3	family	Jaccard index	0.545112781954887
kraken	marine3	genus	True positives	283
kraken	marine3	genus	False negatives	3
kraken	marine3	genus	False positives	256
kraken	marine3	genus	Completeness	0.989510489510489
kraken	marine3	genus	Purity	0.525046382189239
kraken	marine3	genus	F1 score	0.686060606060606
kraken	marine3	genus	Jaccard index	0.522140221402214
kraken	marine3	species	True positives	426
kraken	marine3	species	False negatives	4
kraken	marine3	species	False positives	1268
kraken	marine3	species	Completeness	0.990697674418605
kraken	marine3	species	Purity	0.251475796930342
kraken	marine3	species	F1 score	0.401129943502825
kraken	marine3	species	Jaccard index	0.250883392226148
kraken	marine3	kingdom	L1 norm error	0.104418512073472
kraken	marine3	phylum	L1 norm error	0.168222380082489
kraken	marine3	class	L1 norm error	0.177574417588723
kraken	marine3	order	L1 norm error	0.305501541732584
kraken	marine3	family	L1 norm error	0.323031822466255
kraken	marine3	genus	L1 norm error	0.339757356572775
kraken	marine3	species	L1 norm error	0.388908355962822
kraken	marine3	na	Weighted UniFrac error	0.0175237120531293
kraken	marine3	na	Unweighted UniFrac error	3.32403297993975
kraken	marine3	na	Weighted UniFrac (CAMI)	1.80649438647908
kraken	marine3	na	Unweighted UniFrac (CAMI)	11082.94601
kraken	marine3	phylum	Sum of abundances	0.999960000000001
kraken	marine3	class	Sum of abundances	0.999850000000001
kraken	marine3	order	Sum of abundances	0.999660000000002
kraken	marine3	family	Sum of abundances	0.999330000000002
kraken	marine3	genus	Sum of abundances	0.997930000000003
kraken	marine3	species	Sum of abundances	0.99301000000001
kraken	marine3	phylum	Taxon counts	50
kraken	marine3	class	Taxon counts	83
kraken	marine3	order	Taxon counts	161
kraken	marine3	family	Taxon counts	265
kraken	marine3	genus	Taxon counts	539
kraken	marine3	species	Taxon counts	1694
sourmash	marine3	kingdom	Bray-Curtis distance	0.0434915345177485
sourmash	marine3	phylum	Bray-Curtis distance	0.0751367689640295
sourmash	marine3	class	Bray-Curtis distance	0.0788811434421462
sourmash	marine3	order	Bray-Curtis distance	0.147811513005661
sourmash	marine3	family	Bray-Curtis distance	0.167767628296788
sourmash	marine3	genus	Bray-Curtis distance	0.204364537080031
sourmash	marine3	species	Bray-Curtis distance	0.247699836837421
sourmash	marine3	phylum	Shannon diversity	1.59040331433525
sourmash	marine3	phylum	Shannon equitability	0.56134258920944
sourmash	marine3	class	Shannon diversity	2.01220988967385
sourmash	marine3	class	Shannon equitability	0.610530791262533
sourmash	marine3	order	Shannon diversity	3.11638757876341
sourmash	marine3	order	Shannon equitability	0.777671192963863
sourmash	marine3	family	Shannon diversity	3.61007198730048
sourmash	marine3	family	Shannon equitability	0.826207820574448
sourmash	marine3	genus	Shannon diversity	3.93745038038229
sourmash	marine3	genus	Shannon equitability	0.82831086023128
sourmash	marine3	species	Shannon diversity	4.04546208763276
sourmash	marine3	species	Shannon equitability	0.816304128576847
sourmash	marine3	kingdom	True positives	2
sourmash	marine3	kingdom	False negatives	0
sourmash	marine3	kingdom	False positives	0
sourmash	marine3	kingdom	Completeness	1
sourmash	marine3	kingdom	Purity	1
sourmash	marine3	kingdom	F1 score	1
sourmash	marine3	kingdom	Jaccard index	1
sourmash	marine3	phylum	True positives	17
sourmash	marine3	phylum	False negatives	11
sourmash	marine3	phylum	False positives	0
sourmash	marine3	phylum	Completeness	0.607142857142857
sourmash	marine3	phylum	Purity	1
sourmash	marine3	phylum	F1 score	0.755555555555555
sourmash	marine3	phylum	Jaccard index	0.607142857142857
sourmash	marine3	class	True positives	27
sourmash	marine3	class	False negatives	16
sourmash	marine3	class	False positives	0
sourmash	marine3	class	Completeness	0.627906976744186
sourmash	marine3	class	Purity	1
sourmash	marine3	class	F1 score	0.771428571428571
sourmash	marine3	class	Jaccard index	0.627906976744186
sourmash	marine3	order	True positives	55
sourmash	marine3	order	False negatives	31
sourmash	marine3	order	False positives	0
sourmash	marine3	order	Completeness	0.63953488372093
sourmash	marine3	order	Purity	1
sourmash	marine3	order	F1 score	0.780141843971631
sourmash	marine3	order	Jaccard index	0.63953488372093
sourmash	marine3	family	True positives	79
sourmash	marine3	family	False negatives	67
sourmash	marine3	family	False positives	0
sourmash	marine3	family	Completeness	0.541095890410959
sourmash	marine3	family	Purity	1
sourmash	marine3	family	F1 score	0.702222222222222
sourmash	marine3	family	Jaccard index	0.541095890410959
sourmash	marine3	genus	True positives	116
sourmash	marine3	genus	False negatives	170
sourmash	marine3	genus	False positives	0
sourmash	marine3	genus	Completeness	0.405594405594406
sourmash	marine3	genus	Purity	1
sourmash	marine3	genus	F1 score	0.577114427860697
sourmash	marine3	genus	Jaccard index	0.405594405594406
sourmash	marine3	species	True positives	139
sourmash	marine3	species	False negatives	291
sourmash	marine3	species	False positives	3
sourmash	marine3	species	Completeness	0.323255813953488
sourmash	marine3	species	Purity	0.97887323943662
sourmash	marine3	species	F1 score	0.486013986013986
sourmash	marine3	species	Jaccard index	0.321016166281755
sourmash	marine3	kingdom	L1 norm error	0.0869830690354969
sourmash	marine3	phylum	L1 norm error	0.149702878923269
sourmash	marine3	class	L1 norm error	0.157362888689649
sourmash	marine3	order	L1 norm error	0.293377787839084
sourmash	marine3	family	L1 norm error	0.331287974864543
sourmash	marine3	genus	L1 norm error	0.397864124087453
sourmash	marine3	species	L1 norm error	0.45819955764733
sourmash	marine3	na	Weighted UniFrac error	0.0169980514785028
sourmash	marine3	na	Unweighted UniFrac error	0.612697699297114
sourmash	marine3	na	Weighted UniFrac (CAMI)	1.87477828108683
sourmash	marine3	na	Unweighted UniFrac (CAMI)	2119.13924050633
sourmash	marine3	phylum	Sum of abundances	0.992405063291139
sourmash	marine3	class	Sum of abundances	0.994936708860759
sourmash	marine3	order	Sum of abundances	0.984810126582278
sourmash	marine3	family	Sum of abundances	0.974683544303797
sourmash	marine3	genus	Sum of abundances	0.946835443037974
sourmash	marine3	species	Sum of abundances	0.883544303797468
sourmash	marine3	phylum	Taxon counts	17
sourmash	marine3	class	Taxon counts	27
sourmash	marine3	order	Taxon counts	55
sourmash	marine3	family	Taxon counts	79
sourmash	marine3	genus	Taxon counts	116
sourmash	marine3	species	Taxon counts	142
metabuli	marine3	kingdom	Bray-Curtis distance	0.052895225147669
metabuli	marine3	phylum	Bray-Curtis distance	0.0868242446697237
metabuli	marine3	class	Bray-Curtis distance	0.0945715517315153
metabuli	marine3	order	Bray-Curtis distance	0.160848166491961
metabuli	marine3	family	Bray-Curtis distance	0.171795366888016
metabuli	marine3	genus	Bray-Curtis distance	0.185436195185759
metabuli	marine3	species	Bray-Curtis distance	0.236867883305339
metabuli	marine3	phylum	Shannon diversity	1.57849357491309
metabuli	marine3	phylum	Shannon equitability	0.39042136009285
metabuli	marine3	class	Shannon diversity	1.97171442501286
metabuli	marine3	class	Shannon equitability	0.411134390934398
metabuli	marine3	order	Shannon diversity	3.13313224095969
metabuli	marine3	order	Shannon equitability	0.550603571902447
metabuli	marine3	family	Shannon diversity	3.75971016067898
metabuli	marine3	family	Shannon equitability	0.583001185303529
metabuli	marine3	genus	Shannon diversity	4.36939794265432
metabuli	marine3	genus	Shannon equitability	0.567399174631887
metabuli	marine3	species	Shannon diversity	4.93628979777246
metabuli	marine3	species	Shannon equitability	0.560067814385596
metabuli	marine3	kingdom	True positives	2
metabuli	marine3	kingdom	False negatives	0
metabuli	marine3	kingdom	False positives	0
metabuli	marine3	kingdom	Completeness	1
metabuli	marine3	kingdom	Purity	1
metabuli	marine3	kingdom	F1 score	1
metabuli	marine3	kingdom	Jaccard index	1
metabuli	marine3	phylum	True positives	26
metabuli	marine3	phylum	False negatives	2
metabuli	marine3	phylum	False positives	31
metabuli	marine3	phylum	Completeness	0.928571428571429
metabuli	marine3	phylum	Purity	0.456140350877193
metabuli	marine3	phylum	F1 score	0.611764705882353
metabuli	marine3	phylum	Jaccard index	0.440677966101695
metabuli	marine3	class	True positives	41
metabuli	marine3	class	False negatives	2
metabuli	marine3	class	False positives	80
metabuli	marine3	class	Completeness	0.953488372093023
metabuli	marine3	class	Purity	0.338842975206612
metabuli	marine3	class	F1 score	0.5
metabuli	marine3	class	Jaccard index	0.333333333333333
metabuli	marine3	order	True positives	83
metabuli	marine3	order	False negatives	3
metabuli	marine3	order	False positives	213
metabuli	marine3	order	Completeness	0.965116279069768
metabuli	marine3	order	Purity	0.280405405405405
metabuli	marine3	order	F1 score	0.43455497382199
metabuli	marine3	order	Jaccard index	0.277591973244147
metabuli	marine3	family	True positives	141
metabuli	marine3	family	False negatives	5
metabuli	marine3	family	False positives	491
metabuli	marine3	family	Completeness	0.965753424657534
metabuli	marine3	family	Purity	0.223101265822785
metabuli	marine3	family	F1 score	0.362467866323907
metabuli	marine3	family	Jaccard index	0.221350078492936
metabuli	marine3	genus	True positives	276
metabuli	marine3	genus	False negatives	10
metabuli	marine3	genus	False positives	1934
metabuli	marine3	genus	Completeness	0.965034965034965
metabuli	marine3	genus	Purity	0.124886877828054
metabuli	marine3	genus	F1 score	0.221153846153846
metabuli	marine3	genus	Jaccard index	0.124324324324324
metabuli	marine3	species	True positives	394
metabuli	marine3	species	False negatives	36
metabuli	marine3	species	False positives	6332
metabuli	marine3	species	Completeness	0.916279069767442
metabuli	marine3	species	Purity	0.0585786500148677
metabuli	marine3	species	F1 score	0.110117384013415
metabuli	marine3	species	Jaccard index	0.0582667849748595
metabuli	marine3	kingdom	L1 norm error	0.105790450295338
metabuli	marine3	phylum	L1 norm error	0.1735515189723
metabuli	marine3	class	L1 norm error	0.189005553122286
metabuli	marine3	order	L1 norm error	0.321188900161856
metabuli	marine3	family	L1 norm error	0.34276839865114
metabuli	marine3	genus	L1 norm error	0.36917045660464
metabuli	marine3	species	L1 norm error	0.45639999496322
metabuli	marine3	na	Weighted UniFrac error	0.0185901581007628
metabuli	marine3	na	Unweighted UniFrac error	14.7310397567777
metabuli	marine3	na	Weighted UniFrac (CAMI)	1.95787527277073
metabuli	marine3	na	Unweighted UniFrac (CAMI)	49943
metabuli	marine3	phylum	Sum of abundances	0.998883141828463
metabuli	marine3	class	Sum of abundances	0.998545542097745
metabuli	marine3	order	Sum of abundances	0.996845268223234
metabuli	marine3	family	Sum of abundances	0.995213286948366
metabuli	marine3	genus	Sum of abundances	0.990821998018391
metabuli	marine3	species	Sum of abundances	0.960539028005653
metabuli	marine3	phylum	Taxon counts	57
metabuli	marine3	class	Taxon counts	121
metabuli	marine3	order	Taxon counts	296
metabuli	marine3	family	Taxon counts	632
metabuli	marine3	genus	Taxon counts	2210
metabuli	marine3	species	Taxon counts	6726
sylph	marine3	kingdom	Bray-Curtis distance	0.00437571424302642
sylph	marine3	phylum	Bray-Curtis distance	0.0183336804476403
sylph	marine3	class	Bray-Curtis distance	0.0224910552513667
sylph	marine3	order	Bray-Curtis distance	0.0347271161454259
sylph	marine3	family	Bray-Curtis distance	0.0384618909323183
sylph	marine3	genus	Bray-Curtis distance	0.0476136746001201
sylph	marine3	species	Bray-Curtis distance	0.0509554501119296
sylph	marine3	phylum	Shannon diversity	1.81857411701755
sylph	marine3	phylum	Shannon equitability	0.545757054065669
sylph	marine3	class	Shannon diversity	2.21708614888909
sylph	marine3	class	Shannon equitability	0.589462427069042
sylph	marine3	order	Shannon diversity	3.34527146701398
sylph	marine3	order	Shannon equitability	0.751012717357634
sylph	marine3	family	Shannon diversity	3.81906470772695
sylph	marine3	family	Shannon equitability	0.768452349719611
sylph	marine3	genus	Shannon diversity	4.34431621466416
sylph	marine3	genus	Shannon equitability	0.773956363069653
sylph	marine3	species	Shannon diversity	4.83265861704076
sylph	marine3	species	Shannon equitability	0.79851080877244
sylph	marine3	kingdom	True positives	2
sylph	marine3	kingdom	False negatives	0
sylph	marine3	kingdom	False positives	0
sylph	marine3	kingdom	Completeness	1
sylph	marine3	kingdom	Purity	1
sylph	marine3	kingdom	F1 score	1
sylph	marine3	kingdom	Jaccard index	1
sylph	marine3	phylum	True positives	28
sylph	marine3	phylum	False negatives	0
sylph	marine3	phylum	False positives	0
sylph	marine3	phylum	Completeness	1
sylph	marine3	phylum	Purity	1
sylph	marine3	phylum	F1 score	1
sylph	marine3	phylum	Jaccard index	1
sylph	marine3	class	True positives	43
sylph	marine3	class	False negatives	0
sylph	marine3	class	False positives	0
sylph	marine3	class	Completeness	1
sylph	marine3	class	Purity	1
sylph	marine3	class	F1 score	1
sylph	marine3	class	Jaccard index	1
sylph	marine3	order	True positives	86
sylph	marine3	order	False negatives	0
sylph	marine3	order	False positives	0
sylph	marine3	order	Completeness	1
sylph	marine3	order	Purity	1
sylph	marine3	order	F1 score	1
sylph	marine3	order	Jaccard index	1
sylph	marine3	family	True positives	144
sylph	marine3	family	False negatives	2
sylph	marine3	family	False positives	0
sylph	marine3	family	Completeness	0.986301369863014
sylph	marine3	family	Purity	1
sylph	marine3	family	F1 score	0.993103448275862
sylph	marine3	family	Jaccard index	0.986301369863014
sylph	marine3	genus	True positives	274
sylph	marine3	genus	False negatives	12
sylph	marine3	genus	False positives	0
sylph	marine3	genus	Completeness	0.958041958041958
sylph	marine3	genus	Purity	1
sylph	marine3	genus	F1 score	0.978571428571429
sylph	marine3	genus	Jaccard index	0.958041958041958
sylph	marine3	species	True positives	421
sylph	marine3	species	False negatives	9
sylph	marine3	species	False positives	4
sylph	marine3	species	Completeness	0.97906976744186
sylph	marine3	species	Purity	0.990588235294118
sylph	marine3	species	F1 score	0.984795321637427
sylph	marine3	species	Jaccard index	0.970046082949309
sylph	marine3	kingdom	L1 norm error	0.00875142848605284
sylph	marine3	phylum	L1 norm error	0.0366673608952805
sylph	marine3	class	L1 norm error	0.0449821105027333
sylph	marine3	order	L1 norm error	0.0694542322908518
sylph	marine3	family	L1 norm error	0.0769237818646366
sylph	marine3	genus	L1 norm error	0.0952273492002403
sylph	marine3	species	L1 norm error	0.100192349069021
sylph	marine3	na	Weighted UniFrac error	0.00367541572315506
sylph	marine3	na	Unweighted UniFrac error	0.0624674755425406
sylph	marine3	na	Weighted UniFrac (CAMI)	0.432198612308817
sylph	marine3	na	Unweighted UniFrac (CAMI)	245
sylph	marine3	phylum	Sum of abundances	1
sylph	marine3	class	Sum of abundances	1
sylph	marine3	order	Sum of abundances	1
sylph	marine3	family	Sum of abundances	1
sylph	marine3	genus	Sum of abundances	1
sylph	marine3	species	Sum of abundances	1
sylph	marine3	phylum	Taxon counts	28
sylph	marine3	class	Taxon counts	43
sylph	marine3	order	Taxon counts	86
sylph	marine3	family	Taxon counts	144
sylph	marine3	genus	Taxon counts	274
sylph	marine3	species	Taxon counts	425
singlem	marine4	kingdom	Bray-Curtis distance	0.0043751316577972
singlem	marine4	phylum	Bray-Curtis distance	0.00790544519919257
singlem	marine4	class	Bray-Curtis distance	0.0105362219103421
singlem	marine4	order	Bray-Curtis distance	0.0205585816269224
singlem	marine4	family	Bray-Curtis distance	0.0266582311170506
singlem	marine4	genus	Bray-Curtis distance	0.0415385650164325
singlem	marine4	species	Bray-Curtis distance	0.174785239373679
singlem	marine4	phylum	Shannon diversity	1.69747298064736
singlem	marine4	phylum	Shannon equitability	0.557549834290816
singlem	marine4	class	Shannon diversity	2.0591033627079
singlem	marine4	class	Shannon equitability	0.605405429808257
singlem	marine4	order	Shannon diversity	3.05648481831863
singlem	marine4	order	Shannon equitability	0.73492924832345
singlem	marine4	family	Shannon diversity	3.57118226622043
singlem	marine4	family	Shannon equitability	0.765782975643299
singlem	marine4	genus	Shannon diversity	3.80282623672687
singlem	marine4	genus	Shannon equitability	0.745671732886797
singlem	marine4	species	Shannon diversity	3.23344633154967
singlem	marine4	species	Shannon equitability	0.624002585242567
singlem	marine4	kingdom	True positives	2
singlem	marine4	kingdom	False negatives	0
singlem	marine4	kingdom	False positives	0
singlem	marine4	kingdom	Completeness	1
singlem	marine4	kingdom	Purity	1
singlem	marine4	kingdom	F1 score	1
singlem	marine4	kingdom	Jaccard index	1
singlem	marine4	phylum	True positives	21
singlem	marine4	phylum	False negatives	3
singlem	marine4	phylum	False positives	0
singlem	marine4	phylum	Completeness	0.875
singlem	marine4	phylum	Purity	1
singlem	marine4	phylum	F1 score	0.933333333333333
singlem	marine4	phylum	Jaccard index	0.875
singlem	marine4	class	True positives	30
singlem	marine4	class	False negatives	6
singlem	marine4	class	False positives	0
singlem	marine4	class	Completeness	0.833333333333333
singlem	marine4	class	Purity	1
singlem	marine4	class	F1 score	0.909090909090909
singlem	marine4	class	Jaccard index	0.833333333333333
singlem	marine4	order	True positives	64
singlem	marine4	order	False negatives	11
singlem	marine4	order	False positives	0
singlem	marine4	order	Completeness	0.853333333333333
singlem	marine4	order	Purity	1
singlem	marine4	order	F1 score	0.920863309352518
singlem	marine4	order	Jaccard index	0.853333333333333
singlem	marine4	family	True positives	106
singlem	marine4	family	False negatives	21
singlem	marine4	family	False positives	0
singlem	marine4	family	Completeness	0.834645669291339
singlem	marine4	family	Purity	1
singlem	marine4	family	F1 score	0.909871244635193
singlem	marine4	family	Jaccard index	0.834645669291339
singlem	marine4	genus	True positives	163
singlem	marine4	genus	False negatives	58
singlem	marine4	genus	False positives	1
singlem	marine4	genus	Completeness	0.737556561085973
singlem	marine4	genus	Purity	0.99390243902439
singlem	marine4	genus	F1 score	0.846753246753247
singlem	marine4	genus	Jaccard index	0.734234234234234
singlem	marine4	species	True positives	169
singlem	marine4	species	False negatives	149
singlem	marine4	species	False positives	9
singlem	marine4	species	Completeness	0.531446540880503
singlem	marine4	species	Purity	0.949438202247191
singlem	marine4	species	F1 score	0.681451612903226
singlem	marine4	species	Jaccard index	0.516819571865444
singlem	marine4	kingdom	L1 norm error	0.0087502633155944
singlem	marine4	phylum	L1 norm error	0.0157659335559302
singlem	marine4	class	L1 norm error	0.0209849477153267
singlem	marine4	order	L1 norm error	0.0407753930699824
singlem	marine4	family	L1 norm error	0.0525405996568554
singlem	marine4	genus	L1 norm error	0.0807718589181933
singlem	marine4	species	L1 norm error	0.293263900148337
singlem	marine4	na	Weighted UniFrac error	0.00348904500801154
singlem	marine4	na	Unweighted UniFrac error	0.304680866030559
singlem	marine4	na	Weighted UniFrac (CAMI)	0.512852896380221
singlem	marine4	na	Unweighted UniFrac (CAMI)	941
singlem	marine4	phylum	Sum of abundances	0.994313180178706
singlem	marine4	class	Sum of abundances	0.991695685028083
singlem	marine4	order	Sum of abundances	0.983375789727889
singlem	marine4	family	Sum of abundances	0.970895946777599
singlem	marine4	genus	Sum of abundances	0.944502870675486
singlem	marine4	species	Sum of abundances	0.713984123645485
singlem	marine4	phylum	Taxon counts	21
singlem	marine4	class	Taxon counts	30
singlem	marine4	order	Taxon counts	64
singlem	marine4	family	Taxon counts	106
singlem	marine4	genus	Taxon counts	164
singlem	marine4	species	Taxon counts	178
metaphlan	marine4	kingdom	Bray-Curtis distance	0.00643686468980357
metaphlan	marine4	phylum	Bray-Curtis distance	0.0248103411016332
metaphlan	marine4	class	Bray-Curtis distance	0.0295688251079415
metaphlan	marine4	order	Bray-Curtis distance	0.0512032353234128
metaphlan	marine4	family	Bray-Curtis distance	0.062660015589692
metaphlan	marine4	genus	Bray-Curtis distance	0.068942926231663
metaphlan	marine4	species	Bray-Curtis distance	0.101166923152181
metaphlan	marine4	phylum	Shannon diversity	1.70405781611886
metaphlan	marine4	phylum	Shannon equitability	0.536195390979986
metaphlan	marine4	class	Shannon diversity	2.0868554280709
metaphlan	marine4	class	Shannon equitability	0.582348095241262
metaphlan	marine4	order	Shannon diversity	3.11695175001772
metaphlan	marine4	order	Shannon equitability	0.721936382463999
metaphlan	marine4	family	Shannon diversity	3.62780865721063
metaphlan	marine4	family	Shannon equitability	0.75012348887193
metaphlan	marine4	genus	Shannon diversity	3.98554651978003
metaphlan	marine4	genus	Shannon equitability	0.742744005679981
metaphlan	marine4	species	Shannon diversity	4.3638799119357
metaphlan	marine4	species	Shannon equitability	0.763312710704954
metaphlan	marine4	kingdom	True positives	2
metaphlan	marine4	kingdom	False negatives	0
metaphlan	marine4	kingdom	False positives	0
metaphlan	marine4	kingdom	Completeness	1
metaphlan	marine4	kingdom	Purity	1
metaphlan	marine4	kingdom	F1 score	1
metaphlan	marine4	kingdom	Jaccard index	1
metaphlan	marine4	phylum	True positives	24
metaphlan	marine4	phylum	False negatives	0
metaphlan	marine4	phylum	False positives	0
metaphlan	marine4	phylum	Completeness	1
metaphlan	marine4	phylum	Purity	1
metaphlan	marine4	phylum	F1 score	1
metaphlan	marine4	phylum	Jaccard index	1
metaphlan	marine4	class	True positives	36
metaphlan	marine4	class	False negatives	0
metaphlan	marine4	class	False positives	0
metaphlan	marine4	class	Completeness	1
metaphlan	marine4	class	Purity	1
metaphlan	marine4	class	F1 score	1
metaphlan	marine4	class	Jaccard index	1
metaphlan	marine4	order	True positives	75
metaphlan	marine4	order	False negatives	0
metaphlan	marine4	order	False positives	0
metaphlan	marine4	order	Completeness	1
metaphlan	marine4	order	Purity	1
metaphlan	marine4	order	F1 score	1
metaphlan	marine4	order	Jaccard index	1
metaphlan	marine4	family	True positives	126
metaphlan	marine4	family	False negatives	1
metaphlan	marine4	family	False positives	0
metaphlan	marine4	family	Completeness	0.992125984251969
metaphlan	marine4	family	Purity	1
metaphlan	marine4	family	F1 score	0.996047430830039
metaphlan	marine4	family	Jaccard index	0.992125984251969
metaphlan	marine4	genus	True positives	214
metaphlan	marine4	genus	False negatives	7
metaphlan	marine4	genus	False positives	0
metaphlan	marine4	genus	Completeness	0.968325791855204
metaphlan	marine4	genus	Purity	1
metaphlan	marine4	genus	F1 score	0.983908045977011
metaphlan	marine4	genus	Jaccard index	0.968325791855204
metaphlan	marine4	species	True positives	284
metaphlan	marine4	species	False negatives	34
metaphlan	marine4	species	False positives	20
metaphlan	marine4	species	Completeness	0.893081761006289
metaphlan	marine4	species	Purity	0.93421052631579
metaphlan	marine4	species	F1 score	0.913183279742765
metaphlan	marine4	species	Jaccard index	0.840236686390533
metaphlan	marine4	kingdom	L1 norm error	0.0128737293796071
metaphlan	marine4	phylum	L1 norm error	0.0496206822032664
metaphlan	marine4	class	L1 norm error	0.059137650215883
metaphlan	marine4	order	L1 norm error	0.102406470646826
metaphlan	marine4	family	L1 norm error	0.125320031179384
metaphlan	marine4	genus	L1 norm error	0.137885852463326
metaphlan	marine4	species	L1 norm error	0.198647523386248
metaphlan	marine4	na	Weighted UniFrac error	0.00557975031207811
metaphlan	marine4	na	Unweighted UniFrac error	0.0742803595564332
metaphlan	marine4	na	Weighted UniFrac (CAMI)	0.685891939474539
metaphlan	marine4	na	Unweighted UniFrac (CAMI)	242
metaphlan	marine4	phylum	Sum of abundances	1
metaphlan	marine4	class	Sum of abundances	1
metaphlan	marine4	order	Sum of abundances	1
metaphlan	marine4	family	Sum of abundances	1
metaphlan	marine4	genus	Sum of abundances	1
metaphlan	marine4	species	Sum of abundances	0.99969331614674
metaphlan	marine4	phylum	Taxon counts	24
metaphlan	marine4	class	Taxon counts	36
metaphlan	marine4	order	Taxon counts	75
metaphlan	marine4	family	Taxon counts	126
metaphlan	marine4	genus	Taxon counts	214
metaphlan	marine4	species	Taxon counts	304
kraken	marine4	kingdom	Bray-Curtis distance	0.0388780904319923
kraken	marine4	phylum	Bray-Curtis distance	0.0752963893660813
kraken	marine4	class	Bray-Curtis distance	0.0834632071430148
kraken	marine4	order	Bray-Curtis distance	0.153897794548107
kraken	marine4	family	Bray-Curtis distance	0.159726283132948
kraken	marine4	genus	Bray-Curtis distance	0.167092636665543
kraken	marine4	species	Bray-Curtis distance	0.198503250768994
kraken	marine4	phylum	Shannon diversity	1.56312804003049
kraken	marine4	phylum	Shannon equitability	0.397557823271885
kraken	marine4	class	Shannon diversity	1.95361571317039
kraken	marine4	class	Shannon equitability	0.436334319735128
kraken	marine4	order	Shannon diversity	2.97450778320402
kraken	marine4	order	Shannon equitability	0.580509112702708
kraken	marine4	family	Shannon diversity	3.66248584765461
kraken	marine4	family	Shannon equitability	0.647540868190139
kraken	marine4	genus	Shannon diversity	4.07710050754412
kraken	marine4	genus	Shannon equitability	0.645770092768718
kraken	marine4	species	Shannon diversity	4.96458869196773
kraken	marine4	species	Shannon equitability	0.646610699907492
kraken	marine4	kingdom	True positives	2
kraken	marine4	kingdom	False negatives	0
kraken	marine4	kingdom	False positives	0
kraken	marine4	kingdom	Completeness	1
kraken	marine4	kingdom	Purity	1
kraken	marine4	kingdom	F1 score	1
kraken	marine4	kingdom	Jaccard index	1
kraken	marine4	phylum	True positives	24
kraken	marine4	phylum	False negatives	0
kraken	marine4	phylum	False positives	27
kraken	marine4	phylum	Completeness	1
kraken	marine4	phylum	Purity	0.470588235294118
kraken	marine4	phylum	F1 score	0.64
kraken	marine4	phylum	Jaccard index	0.470588235294118
kraken	marine4	class	True positives	36
kraken	marine4	class	False negatives	0
kraken	marine4	class	False positives	52
kraken	marine4	class	Completeness	1
kraken	marine4	class	Purity	0.409090909090909
kraken	marine4	class	F1 score	0.580645161290323
kraken	marine4	class	Jaccard index	0.409090909090909
kraken	marine4	order	True positives	75
kraken	marine4	order	False negatives	0
kraken	marine4	order	False positives	93
kraken	marine4	order	Completeness	1
kraken	marine4	order	Purity	0.446428571428571
kraken	marine4	order	F1 score	0.617283950617284
kraken	marine4	order	Jaccard index	0.446428571428571
kraken	marine4	family	True positives	126
kraken	marine4	family	False negatives	1
kraken	marine4	family	False positives	160
kraken	marine4	family	Completeness	0.992125984251969
kraken	marine4	family	Purity	0.440559440559441
kraken	marine4	family	F1 score	0.610169491525424
kraken	marine4	family	Jaccard index	0.439024390243902
kraken	marine4	genus	True positives	219
kraken	marine4	genus	False negatives	2
kraken	marine4	genus	False positives	333
kraken	marine4	genus	Completeness	0.990950226244344
kraken	marine4	genus	Purity	0.396739130434783
kraken	marine4	genus	F1 score	0.566623544631307
kraken	marine4	genus	Jaccard index	0.395306859205776
kraken	marine4	species	True positives	315
kraken	marine4	species	False negatives	3
kraken	marine4	species	False positives	1845
kraken	marine4	species	Completeness	0.990566037735849
kraken	marine4	species	Purity	0.145833333333333
kraken	marine4	species	F1 score	0.254237288135593
kraken	marine4	species	Jaccard index	0.145631067961165
kraken	marine4	kingdom	L1 norm error	0.0777561808639845
kraken	marine4	phylum	L1 norm error	0.150586755021013
kraken	marine4	class	L1 norm error	0.166915564069101
kraken	marine4	order	L1 norm error	0.307738646912232
kraken	marine4	family	L1 norm error	0.319316798925233
kraken	marine4	genus	L1 norm error	0.333797618414024
kraken	marine4	species	L1 norm error	0.388575802171232
kraken	marine4	na	Weighted UniFrac error	0.0161096086618099
kraken	marine4	na	Unweighted UniFrac error	6.24445054267597
kraken	marine4	na	Weighted UniFrac (CAMI)	1.74287736637676
kraken	marine4	na	Unweighted UniFrac (CAMI)	15518.92308
kraken	marine4	phylum	Sum of abundances	0.999920000000001
kraken	marine4	class	Sum of abundances	0.999870000000002
kraken	marine4	order	Sum of abundances	0.999630000000001
kraken	marine4	family	Sum of abundances	0.999150000000003
kraken	marine4	genus	Sum of abundances	0.997680000000002
kraken	marine4	species	Sum of abundances	0.993660000000018
kraken	marine4	phylum	Taxon counts	51
kraken	marine4	class	Taxon counts	88
kraken	marine4	order	Taxon counts	168
kraken	marine4	family	Taxon counts	286
kraken	marine4	genus	Taxon counts	552
kraken	marine4	species	Taxon counts	2160
sourmash	marine4	kingdom	Bray-Curtis distance	0.0297505970282983
sourmash	marine4	phylum	Bray-Curtis distance	0.0681801960980952
sourmash	marine4	class	Bray-Curtis distance	0.0729011759413045
sourmash	marine4	order	Bray-Curtis distance	0.14118225795791
sourmash	marine4	family	Bray-Curtis distance	0.160524309032149
sourmash	marine4	genus	Bray-Curtis distance	0.179946876142388
sourmash	marine4	species	Bray-Curtis distance	0.217013008770795
sourmash	marine4	phylum	Shannon diversity	1.54023463097999
sourmash	marine4	phylum	Shannon equitability	0.583630606919987
sourmash	marine4	class	Shannon diversity	1.94458728953817
sourmash	marine4	class	Shannon equitability	0.620185258087591
sourmash	marine4	order	Shannon diversity	2.8980025190711
sourmash	marine4	order	Shannon equitability	0.765818523758922
sourmash	marine4	family	Shannon diversity	3.51616577705384
sourmash	marine4	family	Shannon equitability	0.839249530941818
sourmash	marine4	genus	Shannon diversity	3.72816536546543
sourmash	marine4	genus	Shannon equitability	0.818679436051926
sourmash	marine4	species	Shannon diversity	3.89999613316679
sourmash	marine4	species	Shannon equitability	0.817491919957631
sourmash	marine4	kingdom	True positives	2
sourmash	marine4	kingdom	False negatives	0
sourmash	marine4	kingdom	False positives	0
sourmash	marine4	kingdom	Completeness	1
sourmash	marine4	kingdom	Purity	1
sourmash	marine4	kingdom	F1 score	1
sourmash	marine4	kingdom	Jaccard index	1
sourmash	marine4	phylum	True positives	14
sourmash	marine4	phylum	False negatives	10
sourmash	marine4	phylum	False positives	0
sourmash	marine4	phylum	Completeness	0.583333333333333
sourmash	marine4	phylum	Purity	1
sourmash	marine4	phylum	F1 score	0.736842105263158
sourmash	marine4	phylum	Jaccard index	0.583333333333333
sourmash	marine4	class	True positives	23
sourmash	marine4	class	False negatives	13
sourmash	marine4	class	False positives	0
sourmash	marine4	class	Completeness	0.638888888888889
sourmash	marine4	class	Purity	1
sourmash	marine4	class	F1 score	0.779661016949152
sourmash	marine4	class	Jaccard index	0.638888888888889
sourmash	marine4	order	True positives	44
sourmash	marine4	order	False negatives	31
sourmash	marine4	order	False positives	0
sourmash	marine4	order	Completeness	0.586666666666667
sourmash	marine4	order	Purity	1
sourmash	marine4	order	F1 score	0.739495798319328
sourmash	marine4	order	Jaccard index	0.586666666666667
sourmash	marine4	family	True positives	66
sourmash	marine4	family	False negatives	61
sourmash	marine4	family	False positives	0
sourmash	marine4	family	Completeness	0.519685039370079
sourmash	marine4	family	Purity	1
sourmash	marine4	family	F1 score	0.683937823834197
sourmash	marine4	family	Jaccard index	0.519685039370079
sourmash	marine4	genus	True positives	95
sourmash	marine4	genus	False negatives	126
sourmash	marine4	genus	False positives	0
sourmash	marine4	genus	Completeness	0.429864253393665
sourmash	marine4	genus	Purity	1
sourmash	marine4	genus	F1 score	0.60126582278481
sourmash	marine4	genus	Jaccard index	0.429864253393665
sourmash	marine4	species	True positives	112
sourmash	marine4	species	False negatives	206
sourmash	marine4	species	False positives	6
sourmash	marine4	species	Completeness	0.352201257861635
sourmash	marine4	species	Purity	0.949152542372881
sourmash	marine4	species	F1 score	0.513761467889908
sourmash	marine4	species	Jaccard index	0.345679012345679
sourmash	marine4	kingdom	L1 norm error	0.0595011940565966
sourmash	marine4	phylum	L1 norm error	0.136000602243166
sourmash	marine4	class	L1 norm error	0.145417649107193
sourmash	marine4	order	L1 norm error	0.280874465699906
sourmash	marine4	family	L1 norm error	0.318930883116644
sourmash	marine4	genus	L1 norm error	0.352771844258033
sourmash	marine4	species	L1 norm error	0.406716860912517
sourmash	marine4	na	Weighted UniFrac error	0.0149406793902453
sourmash	marine4	na	Unweighted UniFrac error	0.564198272147833
sourmash	marine4	na	Weighted UniFrac (CAMI)	1.70021349939405
sourmash	marine4	na	Unweighted UniFrac (CAMI)	1466.07387862797
sourmash	marine4	phylum	Sum of abundances	0.994722955145119
sourmash	marine4	class	Sum of abundances	0.994722955145119
sourmash	marine4	order	Sum of abundances	0.989445910290238
sourmash	marine4	family	Sum of abundances	0.986807387862798
sourmash	marine4	genus	Sum of abundances	0.960422163588392
sourmash	marine4	species	Sum of abundances	0.91029023746702
sourmash	marine4	phylum	Taxon counts	14
sourmash	marine4	class	Taxon counts	23
sourmash	marine4	order	Taxon counts	44
sourmash	marine4	family	Taxon counts	66
sourmash	marine4	genus	Taxon counts	95
sourmash	marine4	species	Taxon counts	118
metabuli	marine4	kingdom	Bray-Curtis distance	0.0393333173122559
metabuli	marine4	phylum	Bray-Curtis distance	0.0791158396649364
metabuli	marine4	class	Bray-Curtis distance	0.0921135102888421
metabuli	marine4	order	Bray-Curtis distance	0.159408006815979
metabuli	marine4	family	Bray-Curtis distance	0.166270271629938
metabuli	marine4	genus	Bray-Curtis distance	0.181470171251895
metabuli	marine4	species	Bray-Curtis distance	0.221455007382374
metabuli	marine4	phylum	Shannon diversity	1.55255174897859
metabuli	marine4	phylum	Shannon equitability	0.384004962126077
metabuli	marine4	class	Shannon diversity	1.93036674479615
metabuli	marine4	class	Shannon equitability	0.402512729954087
metabuli	marine4	order	Shannon diversity	2.93988299761918
metabuli	marine4	order	Shannon equitability	0.516642757143433
metabuli	marine4	family	Shannon diversity	3.63245856726693
metabuli	marine4	family	Shannon equitability	0.563268858443102
metabuli	marine4	genus	Shannon diversity	4.0544290595978
metabuli	marine4	genus	Shannon equitability	0.526590986072618
metabuli	marine4	species	Shannon diversity	4.54984803183193
metabuli	marine4	species	Shannon equitability	0.516694979175011
metabuli	marine4	kingdom	True positives	2
metabuli	marine4	kingdom	False negatives	0
metabuli	marine4	kingdom	False positives	0
metabuli	marine4	kingdom	Completeness	1
metabuli	marine4	kingdom	Purity	1
metabuli	marine4	kingdom	F1 score	1
metabuli	marine4	kingdom	Jaccard index	1
metabuli	marine4	phylum	True positives	23
metabuli	marine4	phylum	False negatives	1
metabuli	marine4	phylum	False positives	34
metabuli	marine4	phylum	Completeness	0.958333333333333
metabuli	marine4	phylum	Purity	0.403508771929825
metabuli	marine4	phylum	F1 score	0.567901234567901
metabuli	marine4	phylum	Jaccard index	0.396551724137931
metabuli	marine4	class	True positives	35
metabuli	marine4	class	False negatives	1
metabuli	marine4	class	False positives	86
metabuli	marine4	class	Completeness	0.972222222222222
metabuli	marine4	class	Purity	0.289256198347107
metabuli	marine4	class	F1 score	0.445859872611465
metabuli	marine4	class	Jaccard index	0.286885245901639
metabuli	marine4	order	True positives	73
metabuli	marine4	order	False negatives	2
metabuli	marine4	order	False positives	223
metabuli	marine4	order	Completeness	0.973333333333333
metabuli	marine4	order	Purity	0.246621621621622
metabuli	marine4	order	F1 score	0.393530997304582
metabuli	marine4	order	Jaccard index	0.24496644295302
metabuli	marine4	family	True positives	125
metabuli	marine4	family	False negatives	2
metabuli	marine4	family	False positives	507
metabuli	marine4	family	Completeness	0.984251968503937
metabuli	marine4	family	Purity	0.197784810126582
metabuli	marine4	family	F1 score	0.329380764163373
metabuli	marine4	family	Jaccard index	0.197160883280757
metabuli	marine4	genus	True positives	213
metabuli	marine4	genus	False negatives	8
metabuli	marine4	genus	False positives	1994
metabuli	marine4	genus	Completeness	0.963800904977376
metabuli	marine4	genus	Purity	0.0965111010421387
metabuli	marine4	genus	F1 score	0.175453047775947
metabuli	marine4	genus	Jaccard index	0.0961625282167043
metabuli	marine4	species	True positives	291
metabuli	marine4	species	False negatives	27
metabuli	marine4	species	False positives	6381
metabuli	marine4	species	Completeness	0.915094339622642
metabuli	marine4	species	Purity	0.0436151079136691
metabuli	marine4	species	F1 score	0.0832618025751073
metabuli	marine4	species	Jaccard index	0.0434393193013883
metabuli	marine4	kingdom	L1 norm error	0.0786666346245119
metabuli	marine4	phylum	L1 norm error	0.158150199157931
metabuli	marine4	class	L1 norm error	0.184105319739051
metabuli	marine4	order	L1 norm error	0.318316924937997
metabuli	marine4	family	L1 norm error	0.331654720029453
metabuli	marine4	genus	L1 norm error	0.361211226728762
metabuli	marine4	species	L1 norm error	0.423225571239485
metabuli	marine4	na	Weighted UniFrac error	0.0169989055729394
metabuli	marine4	na	Unweighted UniFrac error	20.0235374805927
metabuli	marine4	na	Weighted UniFrac (CAMI)	1.85533059645722
metabuli	marine4	na	Unweighted UniFrac (CAMI)	50374
metabuli	marine4	phylum	Sum of abundances	0.99897011556362
metabuli	marine4	class	Sum of abundances	0.998678794910199
metabuli	marine4	order	Sum of abundances	0.996869111508703
metabuli	marine4	family	Sum of abundances	0.994672389587513
metabuli	marine4	genus	Sum of abundances	0.990471625374573
metabuli	marine4	species	Sum of abundances	0.94724446672678
metabuli	marine4	phylum	Taxon counts	57
metabuli	marine4	class	Taxon counts	121
metabuli	marine4	order	Taxon counts	296
metabuli	marine4	family	Taxon counts	632
metabuli	marine4	genus	Taxon counts	2207
metabuli	marine4	species	Taxon counts	6672
sylph	marine4	kingdom	Bray-Curtis distance	0.00580365838199824
sylph	marine4	phylum	Bray-Curtis distance	0.0216030389779969
sylph	marine4	class	Bray-Curtis distance	0.0261537186226626
sylph	marine4	order	Bray-Curtis distance	0.0357270349517762
sylph	marine4	family	Bray-Curtis distance	0.0389473987549502
sylph	marine4	genus	Bray-Curtis distance	0.046218845347014
sylph	marine4	species	Bray-Curtis distance	0.0491994027505947
sylph	marine4	phylum	Shannon diversity	1.75326336138539
sylph	marine4	phylum	Shannon equitability	0.551678308480204
sylph	marine4	class	Shannon diversity	2.14725816970651
sylph	marine4	class	Shannon equitability	0.599203801231091
sylph	marine4	order	Shannon diversity	3.17000338556802
sylph	marine4	order	Shannon equitability	0.734223998354352
sylph	marine4	family	Shannon diversity	3.68649080075845
sylph	marine4	family	Shannon equitability	0.763515173481288
sylph	marine4	genus	Shannon diversity	4.0635260993211
sylph	marine4	genus	Shannon equitability	0.757276232309911
sylph	marine4	species	Shannon diversity	4.49276239900396
sylph	marine4	species	Shannon equitability	0.780142217285837
sylph	marine4	kingdom	True positives	2
sylph	marine4	kingdom	False negatives	0
sylph	marine4	kingdom	False positives	0
sylph	marine4	kingdom	Completeness	1
sylph	marine4	kingdom	Purity	1
sylph	marine4	kingdom	F1 score	1
sylph	marine4	kingdom	Jaccard index	1
sylph	marine4	phylum	True positives	24
sylph	marine4	phylum	False negatives	0
sylph	marine4	phylum	False positives	0
sylph	marine4	phylum	Completeness	1
sylph	marine4	phylum	Purity	1
sylph	marine4	phylum	F1 score	1
sylph	marine4	phylum	Jaccard index	1
sylph	marine4	class	True positives	36
sylph	marine4	class	False negatives	0
sylph	marine4	class	False positives	0
sylph	marine4	class	Completeness	1
sylph	marine4	class	Purity	1
sylph	marine4	class	F1 score	1
sylph	marine4	class	Jaccard index	1
sylph	marine4	order	True positives	75
sylph	marine4	order	False negatives	0
sylph	marine4	order	False positives	0
sylph	marine4	order	Completeness	1
sylph	marine4	order	Purity	1
sylph	marine4	order	F1 score	1
sylph	marine4	order	Jaccard index	1
sylph	marine4	family	True positives	125
sylph	marine4	family	False negatives	2
sylph	marine4	family	False positives	0
sylph	marine4	family	Completeness	0.984251968503937
sylph	marine4	family	Purity	1
sylph	marine4	family	F1 score	0.992063492063492
sylph	marine4	family	Jaccard index	0.984251968503937
sylph	marine4	genus	True positives	214
sylph	marine4	genus	False negatives	7
sylph	marine4	genus	False positives	0
sylph	marine4	genus	Completeness	0.968325791855204
sylph	marine4	genus	Purity	1
sylph	marine4	genus	F1 score	0.983908045977011
sylph	marine4	genus	Jaccard index	0.968325791855204
sylph	marine4	species	True positives	315
sylph	marine4	species	False negatives	3
sylph	marine4	species	False positives	2
sylph	marine4	species	Completeness	0.990566037735849
sylph	marine4	species	Purity	0.993690851735016
sylph	marine4	species	F1 score	0.992125984251969
sylph	marine4	species	Jaccard index	0.984375
sylph	marine4	kingdom	L1 norm error	0.0116073167639965
sylph	marine4	phylum	L1 norm error	0.0432060779559938
sylph	marine4	class	L1 norm error	0.0523074372453253
sylph	marine4	order	L1 norm error	0.0714540699035524
sylph	marine4	family	L1 norm error	0.0778947975099003
sylph	marine4	genus	L1 norm error	0.092437690694028
sylph	marine4	species	L1 norm error	0.0966211650752214
sylph	marine4	na	Weighted UniFrac error	0.00396542826748189
sylph	marine4	na	Unweighted UniFrac error	0.0548831039628586
sylph	marine4	na	Weighted UniFrac (CAMI)	0.445528555148018
sylph	marine4	na	Unweighted UniFrac (CAMI)	177
sylph	marine4	phylum	Sum of abundances	1
sylph	marine4	class	Sum of abundances	1
sylph	marine4	order	Sum of abundances	1
sylph	marine4	family	Sum of abundances	1
sylph	marine4	genus	Sum of abundances	1
sylph	marine4	species	Sum of abundances	1
sylph	marine4	phylum	Taxon counts	24
sylph	marine4	class	Taxon counts	36
sylph	marine4	order	Taxon counts	75
sylph	marine4	family	Taxon counts	125
sylph	marine4	genus	Taxon counts	214
sylph	marine4	species	Taxon counts	317
singlem	marine5	kingdom	Bray-Curtis distance	0.00183100275017531
singlem	marine5	phylum	Bray-Curtis distance	0.00986366307984943
singlem	marine5	class	Bray-Curtis distance	0.0124101447985087
singlem	marine5	order	Bray-Curtis distance	0.0176888346952049
singlem	marine5	family	Bray-Curtis distance	0.0260810560435806
singlem	marine5	genus	Bray-Curtis distance	0.0445592375736956
singlem	marine5	species	Bray-Curtis distance	0.166193464848363
singlem	marine5	phylum	Shannon diversity	1.80321982440711
singlem	marine5	phylum	Shannon equitability	0.560201735797292
singlem	marine5	class	Shannon diversity	2.17056081543715
singlem	marine5	class	Shannon equitability	0.61050585706308
singlem	marine5	order	Shannon diversity	3.08522388717278
singlem	marine5	order	Shannon equitability	0.733757296061195
singlem	marine5	family	Shannon diversity	3.5327858039498
singlem	marine5	family	Shannon equitability	0.75754946781876
singlem	marine5	genus	Shannon diversity	3.80675811177025
singlem	marine5	genus	Shannon equitability	0.73953612362627
singlem	marine5	species	Shannon diversity	3.28214059201734
singlem	marine5	species	Shannon equitability	0.624278360658155
singlem	marine5	kingdom	True positives	2
singlem	marine5	kingdom	False negatives	0
singlem	marine5	kingdom	False positives	0
singlem	marine5	kingdom	Completeness	1
singlem	marine5	kingdom	Purity	1
singlem	marine5	kingdom	F1 score	1
singlem	marine5	kingdom	Jaccard index	1
singlem	marine5	phylum	True positives	25
singlem	marine5	phylum	False negatives	1
singlem	marine5	phylum	False positives	0
singlem	marine5	phylum	Completeness	0.961538461538461
singlem	marine5	phylum	Purity	1
singlem	marine5	phylum	F1 score	0.980392156862745
singlem	marine5	phylum	Jaccard index	0.961538461538461
singlem	marine5	class	True positives	35
singlem	marine5	class	False negatives	2
singlem	marine5	class	False positives	0
singlem	marine5	class	Completeness	0.945945945945946
singlem	marine5	class	Purity	1
singlem	marine5	class	F1 score	0.972222222222222
singlem	marine5	class	Jaccard index	0.945945945945946
singlem	marine5	order	True positives	67
singlem	marine5	order	False negatives	12
singlem	marine5	order	False positives	0
singlem	marine5	order	Completeness	0.848101265822785
singlem	marine5	order	Purity	1
singlem	marine5	order	F1 score	0.917808219178082
singlem	marine5	order	Jaccard index	0.848101265822785
singlem	marine5	family	True positives	106
singlem	marine5	family	False negatives	25
singlem	marine5	family	False positives	0
singlem	marine5	family	Completeness	0.809160305343512
singlem	marine5	family	Purity	1
singlem	marine5	family	F1 score	0.894514767932489
singlem	marine5	family	Jaccard index	0.809160305343512
singlem	marine5	genus	True positives	171
singlem	marine5	genus	False negatives	90
singlem	marine5	genus	False positives	1
singlem	marine5	genus	Completeness	0.655172413793103
singlem	marine5	genus	Purity	0.994186046511628
singlem	marine5	genus	F1 score	0.789838337182448
singlem	marine5	genus	Jaccard index	0.652671755725191
singlem	marine5	species	True positives	185
singlem	marine5	species	False negatives	186
singlem	marine5	species	False positives	7
singlem	marine5	species	Completeness	0.498652291105121
singlem	marine5	species	Purity	0.963541666666667
singlem	marine5	species	F1 score	0.657193605683837
singlem	marine5	species	Jaccard index	0.489417989417989
singlem	marine5	kingdom	L1 norm error	0.00366200550035062
singlem	marine5	phylum	L1 norm error	0.0196546846905278
singlem	marine5	class	L1 norm error	0.0247007221031725
singlem	marine5	order	L1 norm error	0.0350216418395641
singlem	marine5	family	L1 norm error	0.0513456929752528
singlem	marine5	genus	L1 norm error	0.0862259408205637
singlem	marine5	species	L1 norm error	0.280422180498794
singlem	marine5	na	Weighted UniFrac error	0.00333125704000373
singlem	marine5	na	Unweighted UniFrac error	0.230380230558563
singlem	marine5	na	Weighted UniFrac (CAMI)	0.501032868428226
singlem	marine5	na	Unweighted UniFrac (CAMI)	997
singlem	marine5	phylum	Sum of abundances	0.992635447035957
singlem	marine5	class	Sum of abundances	0.990365342565598
singlem	marine5	order	Sum of abundances	0.979872752672497
singlem	marine5	family	Sum of abundances	0.968696853741496
singlem	marine5	genus	Sum of abundances	0.935085641399417
singlem	marine5	species	Sum of abundances	0.722143768221574
singlem	marine5	phylum	Taxon counts	25
singlem	marine5	class	Taxon counts	35
singlem	marine5	order	Taxon counts	67
singlem	marine5	family	Taxon counts	106
singlem	marine5	genus	Taxon counts	172
singlem	marine5	species	Taxon counts	192
metaphlan	marine5	kingdom	Bray-Curtis distance	0.00562477542397289
metaphlan	marine5	phylum	Bray-Curtis distance	0.025438628752585
metaphlan	marine5	class	Bray-Curtis distance	0.0288151167628615
metaphlan	marine5	order	Bray-Curtis distance	0.0467662936369326
metaphlan	marine5	family	Bray-Curtis distance	0.0523297770730651
metaphlan	marine5	genus	Bray-Curtis distance	0.057796862297348
metaphlan	marine5	species	Bray-Curtis distance	0.0821368114969959
metaphlan	marine5	phylum	Shannon diversity	1.81860425876114
metaphlan	marine5	phylum	Shannon equitability	0.564981179053594
metaphlan	marine5	class	Shannon diversity	2.219360194791
metaphlan	marine5	class	Shannon equitability	0.619324254428851
metaphlan	marine5	order	Shannon diversity	3.16436189938641
metaphlan	marine5	order	Shannon equitability	0.728476898036571
metaphlan	marine5	family	Shannon diversity	3.62195859479711
metaphlan	marine5	family	Shannon equitability	0.747691724153658
metaphlan	marine5	genus	Shannon diversity	4.09779414831555
metaphlan	marine5	genus	Shannon equitability	0.743783864548493
metaphlan	marine5	species	Shannon diversity	4.44294958662477
metaphlan	marine5	species	Shannon equitability	0.757713003013288
metaphlan	marine5	kingdom	True positives	2
metaphlan	marine5	kingdom	False negatives	0
metaphlan	marine5	kingdom	False positives	0
metaphlan	marine5	kingdom	Completeness	1
metaphlan	marine5	kingdom	Purity	1
metaphlan	marine5	kingdom	F1 score	1
metaphlan	marine5	kingdom	Jaccard index	1
metaphlan	marine5	phylum	True positives	25
metaphlan	marine5	phylum	False negatives	1
metaphlan	marine5	phylum	False positives	0
metaphlan	marine5	phylum	Completeness	0.961538461538461
metaphlan	marine5	phylum	Purity	1
metaphlan	marine5	phylum	F1 score	0.980392156862745
metaphlan	marine5	phylum	Jaccard index	0.961538461538461
metaphlan	marine5	class	True positives	36
metaphlan	marine5	class	False negatives	1
metaphlan	marine5	class	False positives	0
metaphlan	marine5	class	Completeness	0.972972972972973
metaphlan	marine5	class	Purity	1
metaphlan	marine5	class	F1 score	0.986301369863014
metaphlan	marine5	class	Jaccard index	0.972972972972973
metaphlan	marine5	order	True positives	77
metaphlan	marine5	order	False negatives	2
metaphlan	marine5	order	False positives	0
metaphlan	marine5	order	Completeness	0.974683544303798
metaphlan	marine5	order	Purity	1
metaphlan	marine5	order	F1 score	0.987179487179487
metaphlan	marine5	order	Jaccard index	0.974683544303798
metaphlan	marine5	family	True positives	127
metaphlan	marine5	family	False negatives	4
metaphlan	marine5	family	False positives	0
metaphlan	marine5	family	Completeness	0.969465648854962
metaphlan	marine5	family	Purity	1
metaphlan	marine5	family	F1 score	0.984496124031008
metaphlan	marine5	family	Jaccard index	0.969465648854962
metaphlan	marine5	genus	True positives	247
metaphlan	marine5	genus	False negatives	14
metaphlan	marine5	genus	False positives	0
metaphlan	marine5	genus	Completeness	0.946360153256705
metaphlan	marine5	genus	Purity	1
metaphlan	marine5	genus	F1 score	0.97244094488189
metaphlan	marine5	genus	Jaccard index	0.946360153256705
metaphlan	marine5	species	True positives	331
metaphlan	marine5	species	False negatives	40
metaphlan	marine5	species	False positives	21
metaphlan	marine5	species	Completeness	0.892183288409704
metaphlan	marine5	species	Purity	0.940340909090909
metaphlan	marine5	species	F1 score	0.915629322268326
metaphlan	marine5	species	Jaccard index	0.844387755102041
metaphlan	marine5	kingdom	L1 norm error	0.0112495508479458
metaphlan	marine5	phylum	L1 norm error	0.05087725750517
metaphlan	marine5	class	L1 norm error	0.057630233525723
metaphlan	marine5	order	L1 norm error	0.0935325872738652
metaphlan	marine5	family	L1 norm error	0.10465955414613
metaphlan	marine5	genus	L1 norm error	0.115593724594696
metaphlan	marine5	species	L1 norm error	0.161385658415321
metaphlan	marine5	na	Weighted UniFrac error	0.00498869104703358
metaphlan	marine5	na	Unweighted UniFrac error	0.0954652569900007
metaphlan	marine5	na	Weighted UniFrac (CAMI)	0.594928566308851
metaphlan	marine5	na	Unweighted UniFrac (CAMI)	343
metaphlan	marine5	phylum	Sum of abundances	1
metaphlan	marine5	class	Sum of abundances	1
metaphlan	marine5	order	Sum of abundances	1
metaphlan	marine5	family	Sum of abundances	1
metaphlan	marine5	genus	Sum of abundances	1
metaphlan	marine5	species	Sum of abundances	0.99965959979576
metaphlan	marine5	phylum	Taxon counts	25
metaphlan	marine5	class	Taxon counts	36
metaphlan	marine5	order	Taxon counts	77
metaphlan	marine5	family	Taxon counts	127
metaphlan	marine5	genus	Taxon counts	247
metaphlan	marine5	species	Taxon counts	352
kraken	marine5	kingdom	Bray-Curtis distance	0.0424724836443825
kraken	marine5	phylum	Bray-Curtis distance	0.0635115567740364
kraken	marine5	class	Bray-Curtis distance	0.0733827970707499
kraken	marine5	order	Bray-Curtis distance	0.137751227105878
kraken	marine5	family	Bray-Curtis distance	0.142394188992894
kraken	marine5	genus	Bray-Curtis distance	0.151163925990499
kraken	marine5	species	Bray-Curtis distance	0.185314680861141
kraken	marine5	phylum	Shannon diversity	1.7123840991047
kraken	marine5	phylum	Shannon equitability	0.444758039495458
kraken	marine5	class	Shannon diversity	2.11865117120282
kraken	marine5	class	Shannon equitability	0.487740809140273
kraken	marine5	order	Shannon diversity	3.08093883681525
kraken	marine5	order	Shannon equitability	0.61166722818454
kraken	marine5	family	Shannon diversity	3.69060719171887
kraken	marine5	family	Shannon equitability	0.663696905633647
kraken	marine5	genus	Shannon diversity	4.22163566741388
kraken	marine5	genus	Shannon equitability	0.675256009418381
kraken	marine5	species	Shannon diversity	4.9542079888379
kraken	marine5	species	Shannon equitability	0.666508511792768
kraken	marine5	kingdom	True positives	2
kraken	marine5	kingdom	False negatives	0
kraken	marine5	kingdom	False positives	0
kraken	marine5	kingdom	Completeness	1
kraken	marine5	kingdom	Purity	1
kraken	marine5	kingdom	F1 score	1
kraken	marine5	kingdom	Jaccard index	1
kraken	marine5	phylum	True positives	26
kraken	marine5	phylum	False negatives	0
kraken	marine5	phylum	False positives	21
kraken	marine5	phylum	Completeness	1
kraken	marine5	phylum	Purity	0.553191489361702
kraken	marine5	phylum	F1 score	0.712328767123288
kraken	marine5	phylum	Jaccard index	0.553191489361702
kraken	marine5	class	True positives	37
kraken	marine5	class	False negatives	0
kraken	marine5	class	False positives	40
kraken	marine5	class	Completeness	1
kraken	marine5	class	Purity	0.480519480519481
kraken	marine5	class	F1 score	0.649122807017544
kraken	marine5	class	Jaccard index	0.480519480519481
kraken	marine5	order	True positives	79
kraken	marine5	order	False negatives	0
kraken	marine5	order	False positives	75
kraken	marine5	order	Completeness	1
kraken	marine5	order	Purity	0.512987012987013
kraken	marine5	order	F1 score	0.678111587982833
kraken	marine5	order	Jaccard index	0.512987012987013
kraken	marine5	family	True positives	130
kraken	marine5	family	False negatives	1
kraken	marine5	family	False positives	130
kraken	marine5	family	Completeness	0.99236641221374
kraken	marine5	family	Purity	0.5
kraken	marine5	family	F1 score	0.664961636828644
kraken	marine5	family	Jaccard index	0.498084291187739
kraken	marine5	genus	True positives	259
kraken	marine5	genus	False negatives	2
kraken	marine5	genus	False positives	260
kraken	marine5	genus	Completeness	0.992337164750958
kraken	marine5	genus	Purity	0.499036608863198
kraken	marine5	genus	F1 score	0.664102564102564
kraken	marine5	genus	Jaccard index	0.497120921305182
kraken	marine5	species	True positives	370
kraken	marine5	species	False negatives	1
kraken	marine5	species	False positives	1321
kraken	marine5	species	Completeness	0.997304582210243
kraken	marine5	species	Purity	0.218805440567711
kraken	marine5	species	F1 score	0.358874878758487
kraken	marine5	species	Jaccard index	0.218676122931442
kraken	marine5	kingdom	L1 norm error	0.0849449672887651
kraken	marine5	phylum	L1 norm error	0.127019302854666
kraken	marine5	class	L1 norm error	0.14675532054991
kraken	marine5	order	L1 norm error	0.275448731233186
kraken	marine5	family	L1 norm error	0.284678734460264
kraken	marine5	genus	L1 norm error	0.302016454293459
kraken	marine5	species	L1 norm error	0.363037016055064
kraken	marine5	na	Weighted UniFrac error	0.014880605664645
kraken	marine5	na	Unweighted UniFrac error	3.88600991352992
kraken	marine5	na	Weighted UniFrac (CAMI)	1.58295052673526
kraken	marine5	na	Unweighted UniFrac (CAMI)	11387.94499
kraken	marine5	phylum	Sum of abundances	0.999940000000001
kraken	marine5	class	Sum of abundances	0.999860000000001
kraken	marine5	order	Sum of abundances	0.999610000000002
kraken	marine5	family	Sum of abundances	0.999230000000003
kraken	marine5	genus	Sum of abundances	0.997940000000003
kraken	marine5	species	Sum of abundances	0.993850000000019
kraken	marine5	phylum	Taxon counts	47
kraken	marine5	class	Taxon counts	77
kraken	marine5	order	Taxon counts	154
kraken	marine5	family	Taxon counts	260
kraken	marine5	genus	Taxon counts	519
kraken	marine5	species	Taxon counts	1691
sourmash	marine5	kingdom	Bray-Curtis distance	0.0367000346647907
sourmash	marine5	phylum	Bray-Curtis distance	0.0633756954536273
sourmash	marine5	class	Bray-Curtis distance	0.0641416543564011
sourmash	marine5	order	Bray-Curtis distance	0.13272436452609
sourmash	marine5	family	Bray-Curtis distance	0.15355115655924
sourmash	marine5	genus	Bray-Curtis distance	0.178434299843522
sourmash	marine5	species	Bray-Curtis distance	0.227293130856004
sourmash	marine5	phylum	Shannon diversity	1.70216754782643
sourmash	marine5	phylum	Shannon equitability	0.588909555726285
sourmash	marine5	class	Shannon diversity	2.12966182891789
sourmash	marine5	class	Shannon equitability	0.65365215673172
sourmash	marine5	order	Shannon diversity	3.04874277319333
sourmash	marine5	order	Shannon equitability	0.775401316838379
sourmash	marine5	family	Shannon diversity	3.54219461569789
sourmash	marine5	family	Shannon equitability	0.830978332381011
sourmash	marine5	genus	Shannon diversity	3.73383802369476
sourmash	marine5	genus	Shannon equitability	0.819925112727945
sourmash	marine5	species	Shannon diversity	3.88602517397551
sourmash	marine5	species	Shannon equitability	0.804841065723026
sourmash	marine5	kingdom	True positives	2
sourmash	marine5	kingdom	False negatives	0
sourmash	marine5	kingdom	False positives	0
sourmash	marine5	kingdom	Completeness	1
sourmash	marine5	kingdom	Purity	1
sourmash	marine5	kingdom	F1 score	1
sourmash	marine5	kingdom	Jaccard index	1
sourmash	marine5	phylum	True positives	18
sourmash	marine5	phylum	False negatives	8
sourmash	marine5	phylum	False positives	0
sourmash	marine5	phylum	Completeness	0.692307692307692
sourmash	marine5	phylum	Purity	1
sourmash	marine5	phylum	F1 score	0.818181818181818
sourmash	marine5	phylum	Jaccard index	0.692307692307692
sourmash	marine5	class	True positives	26
sourmash	marine5	class	False negatives	11
sourmash	marine5	class	False positives	0
sourmash	marine5	class	Completeness	0.702702702702703
sourmash	marine5	class	Purity	1
sourmash	marine5	class	F1 score	0.825396825396826
sourmash	marine5	class	Jaccard index	0.702702702702703
sourmash	marine5	order	True positives	51
sourmash	marine5	order	False negatives	28
sourmash	marine5	order	False positives	0
sourmash	marine5	order	Completeness	0.645569620253165
sourmash	marine5	order	Purity	1
sourmash	marine5	order	F1 score	0.784615384615385
sourmash	marine5	order	Jaccard index	0.645569620253165
sourmash	marine5	family	True positives	71
sourmash	marine5	family	False negatives	60
sourmash	marine5	family	False positives	0
sourmash	marine5	family	Completeness	0.541984732824428
sourmash	marine5	family	Purity	1
sourmash	marine5	family	F1 score	0.702970297029703
sourmash	marine5	family	Jaccard index	0.541984732824428
sourmash	marine5	genus	True positives	95
sourmash	marine5	genus	False negatives	166
sourmash	marine5	genus	False positives	0
sourmash	marine5	genus	Completeness	0.363984674329502
sourmash	marine5	genus	Purity	1
sourmash	marine5	genus	F1 score	0.533707865168539
sourmash	marine5	genus	Jaccard index	0.363984674329502
sourmash	marine5	species	True positives	119
sourmash	marine5	species	False negatives	252
sourmash	marine5	species	False positives	6
sourmash	marine5	species	Completeness	0.320754716981132
sourmash	marine5	species	Purity	0.952
sourmash	marine5	species	F1 score	0.479838709677419
sourmash	marine5	species	Jaccard index	0.315649867374005
sourmash	marine5	kingdom	L1 norm error	0.0734000693295813
sourmash	marine5	phylum	L1 norm error	0.126589718214771
sourmash	marine5	class	L1 norm error	0.127956055374249
sourmash	marine5	order	L1 norm error	0.265110146489613
sourmash	marine5	family	L1 norm error	0.305143752448082
sourmash	marine5	genus	L1 norm error	0.346854429797867
sourmash	marine5	species	L1 norm error	0.423478734362158
sourmash	marine5	na	Weighted UniFrac error	0.0148735743692124
sourmash	marine5	na	Unweighted UniFrac error	0.611034442756148
sourmash	marine5	na	Weighted UniFrac (CAMI)	1.66853290601632
sourmash	marine5	na	Unweighted UniFrac (CAMI)	1855.14795918367
sourmash	marine5	phylum	Sum of abundances	0.997448979591837
sourmash	marine5	class	Sum of abundances	0.994897959183673
sourmash	marine5	order	Sum of abundances	0.997448979591836
sourmash	marine5	family	Sum of abundances	0.987244897959183
sourmash	marine5	genus	Sum of abundances	0.943877551020407
sourmash	marine5	species	Sum of abundances	0.897959183673468
sourmash	marine5	phylum	Taxon counts	18
sourmash	marine5	class	Taxon counts	26
sourmash	marine5	order	Taxon counts	51
sourmash	marine5	family	Taxon counts	71
sourmash	marine5	genus	Taxon counts	95
sourmash	marine5	species	Taxon counts	125
metabuli	marine5	kingdom	Bray-Curtis distance	0.0432213172561248
metabuli	marine5	phylum	Bray-Curtis distance	0.0660442977923566
metabuli	marine5	class	Bray-Curtis distance	0.0779072555338824
metabuli	marine5	order	Bray-Curtis distance	0.142336547032959
metabuli	marine5	family	Bray-Curtis distance	0.148000612886139
metabuli	marine5	genus	Bray-Curtis distance	0.162268312222747
metabuli	marine5	species	Bray-Curtis distance	0.213141908398274
metabuli	marine5	phylum	Shannon diversity	1.69885908715962
metabuli	marine5	phylum	Shannon equitability	0.422039915436398
metabuli	marine5	class	Shannon diversity	2.09588068550429
metabuli	marine5	class	Shannon equitability	0.437782621487376
metabuli	marine5	order	Shannon diversity	3.05234389287091
metabuli	marine5	order	Shannon equitability	0.53672535954779
metabuli	marine5	family	Shannon diversity	3.66709823308861
metabuli	marine5	family	Shannon equitability	0.569624060169944
metabuli	marine5	genus	Shannon diversity	4.20360230009953
metabuli	marine5	genus	Shannon equitability	0.546449690079221
metabuli	marine5	species	Shannon diversity	4.63954508187798
metabuli	marine5	species	Shannon equitability	0.527686004505225
metabuli	marine5	kingdom	True positives	2
metabuli	marine5	kingdom	False negatives	0
metabuli	marine5	kingdom	False positives	0
metabuli	marine5	kingdom	Completeness	1
metabuli	marine5	kingdom	Purity	1
metabuli	marine5	kingdom	F1 score	1
metabuli	marine5	kingdom	Jaccard index	1
metabuli	marine5	phylum	True positives	24
metabuli	marine5	phylum	False negatives	2
metabuli	marine5	phylum	False positives	32
metabuli	marine5	phylum	Completeness	0.923076923076923
metabuli	marine5	phylum	Purity	0.428571428571429
metabuli	marine5	phylum	F1 score	0.585365853658537
metabuli	marine5	phylum	Jaccard index	0.413793103448276
metabuli	marine5	class	True positives	35
metabuli	marine5	class	False negatives	2
metabuli	marine5	class	False positives	85
metabuli	marine5	class	Completeness	0.945945945945946
metabuli	marine5	class	Purity	0.291666666666667
metabuli	marine5	class	F1 score	0.445859872611465
metabuli	marine5	class	Jaccard index	0.286885245901639
metabuli	marine5	order	True positives	76
metabuli	marine5	order	False negatives	3
metabuli	marine5	order	False positives	219
metabuli	marine5	order	Completeness	0.962025316455696
metabuli	marine5	order	Purity	0.257627118644068
metabuli	marine5	order	F1 score	0.406417112299465
metabuli	marine5	order	Jaccard index	0.25503355704698
metabuli	marine5	family	True positives	126
metabuli	marine5	family	False negatives	5
metabuli	marine5	family	False positives	499
metabuli	marine5	family	Completeness	0.961832061068702
metabuli	marine5	family	Purity	0.2016
metabuli	marine5	family	F1 score	0.333333333333333
metabuli	marine5	family	Jaccard index	0.2
metabuli	marine5	genus	True positives	250
metabuli	marine5	genus	False negatives	11
metabuli	marine5	genus	False positives	1942
metabuli	marine5	genus	Completeness	0.957854406130268
metabuli	marine5	genus	Purity	0.114051094890511
metabuli	marine5	genus	F1 score	0.203832042397065
metabuli	marine5	genus	Jaccard index	0.113481615978212
metabuli	marine5	species	True positives	341
metabuli	marine5	species	False negatives	30
metabuli	marine5	species	False positives	6242
metabuli	marine5	species	Completeness	0.919137466307278
metabuli	marine5	species	Purity	0.0518000911438554
metabuli	marine5	species	F1 score	0.0980730514811619
metabuli	marine5	species	Jaccard index	0.051565099047331
metabuli	marine5	kingdom	L1 norm error	0.0864426345122497
metabuli	marine5	phylum	L1 norm error	0.132040282773092
metabuli	marine5	class	L1 norm error	0.155740472494646
metabuli	marine5	order	L1 norm error	0.28434395162868
metabuli	marine5	family	L1 norm error	0.295452650232336
metabuli	marine5	genus	L1 norm error	0.323393591520731
metabuli	marine5	species	L1 norm error	0.411416592322579
metabuli	marine5	na	Weighted UniFrac error	0.0156528930427564
metabuli	marine5	na	Unweighted UniFrac error	16.4175211769951
metabuli	marine5	na	Weighted UniFrac (CAMI)	1.6888301754843
metabuli	marine5	na	Unweighted UniFrac (CAMI)	48932
metabuli	marine5	phylum	Sum of abundances	0.999268478684211
metabuli	marine5	class	Sum of abundances	0.999049657536887
metabuli	marine5	order	Sum of abundances	0.997687576071647
metabuli	marine5	family	Sum of abundances	0.996293423863284
metabuli	marine5	genus	Sum of abundances	0.992955907970531
metabuli	marine5	species	Sum of abundances	0.965067313097727
metabuli	marine5	phylum	Taxon counts	56
metabuli	marine5	class	Taxon counts	120
metabuli	marine5	order	Taxon counts	295
metabuli	marine5	family	Taxon counts	625
metabuli	marine5	genus	Taxon counts	2192
metabuli	marine5	species	Taxon counts	6583
sylph	marine5	kingdom	Bray-Curtis distance	0.00336703540802219
sylph	marine5	phylum	Bray-Curtis distance	0.0174109073550416
sylph	marine5	class	Bray-Curtis distance	0.0211142193087937
sylph	marine5	order	Bray-Curtis distance	0.0264406378749094
sylph	marine5	family	Bray-Curtis distance	0.0299175599944724
sylph	marine5	genus	Bray-Curtis distance	0.0376566086881558
sylph	marine5	species	Bray-Curtis distance	0.0462171791221854
sylph	marine5	phylum	Shannon diversity	1.86318272436341
sylph	marine5	phylum	Shannon equitability	0.571862344353629
sylph	marine5	class	Shannon diversity	2.25912542347649
sylph	marine5	class	Shannon equitability	0.625637435723973
sylph	marine5	order	Shannon diversity	3.20723809364055
sylph	marine5	order	Shannon equitability	0.734014502960534
sylph	marine5	family	Shannon diversity	3.6679613930901
sylph	marine5	family	Shannon equitability	0.754753699916094
sylph	marine5	genus	Shannon diversity	4.1672299332527
sylph	marine5	genus	Shannon equitability	0.753645605595099
sylph	marine5	species	Shannon diversity	4.57025761119363
sylph	marine5	species	Shannon equitability	0.772851152157374
sylph	marine5	kingdom	True positives	2
sylph	marine5	kingdom	False negatives	0
sylph	marine5	kingdom	False positives	0
sylph	marine5	kingdom	Completeness	1
sylph	marine5	kingdom	Purity	1
sylph	marine5	kingdom	F1 score	1
sylph	marine5	kingdom	Jaccard index	1
sylph	marine5	phylum	True positives	26
sylph	marine5	phylum	False negatives	0
sylph	marine5	phylum	False positives	0
sylph	marine5	phylum	Completeness	1
sylph	marine5	phylum	Purity	1
sylph	marine5	phylum	F1 score	1
sylph	marine5	phylum	Jaccard index	1
sylph	marine5	class	True positives	37
sylph	marine5	class	False negatives	0
sylph	marine5	class	False positives	0
sylph	marine5	class	Completeness	1
sylph	marine5	class	Purity	1
sylph	marine5	class	F1 score	1
sylph	marine5	class	Jaccard index	1
sylph	marine5	order	True positives	79
sylph	marine5	order	False negatives	0
sylph	marine5	order	False positives	0
sylph	marine5	order	Completeness	1
sylph	marine5	order	Purity	1
sylph	marine5	order	F1 score	1
sylph	marine5	order	Jaccard index	1
sylph	marine5	family	True positives	129
sylph	marine5	family	False negatives	2
sylph	marine5	family	False positives	0
sylph	marine5	family	Completeness	0.984732824427481
sylph	marine5	family	Purity	1
sylph	marine5	family	F1 score	0.992307692307692
sylph	marine5	family	Jaccard index	0.984732824427481
sylph	marine5	genus	True positives	252
sylph	marine5	genus	False negatives	9
sylph	marine5	genus	False positives	0
sylph	marine5	genus	Completeness	0.96551724137931
sylph	marine5	genus	Purity	1
sylph	marine5	genus	F1 score	0.982456140350877
sylph	marine5	genus	Jaccard index	0.96551724137931
sylph	marine5	species	True positives	368
sylph	marine5	species	False negatives	3
sylph	marine5	species	False positives	2
sylph	marine5	species	Completeness	0.991913746630728
sylph	marine5	species	Purity	0.994594594594595
sylph	marine5	species	F1 score	0.993252361673414
sylph	marine5	species	Jaccard index	0.986595174262735
sylph	marine5	kingdom	L1 norm error	0.00673407081604438
sylph	marine5	phylum	L1 norm error	0.0348218147100831
sylph	marine5	class	L1 norm error	0.0422284386175875
sylph	marine5	order	L1 norm error	0.0528812757498188
sylph	marine5	family	L1 norm error	0.0598351199889447
sylph	marine5	genus	L1 norm error	0.0753132173763117
sylph	marine5	species	L1 norm error	0.0908250752711722
sylph	marine5	na	Weighted UniFrac error	0.0031127488336444
sylph	marine5	na	Unweighted UniFrac error	0.0517291892236163
sylph	marine5	na	Weighted UniFrac (CAMI)	0.362639012529961
sylph	marine5	na	Unweighted UniFrac (CAMI)	206
sylph	marine5	phylum	Sum of abundances	1
sylph	marine5	class	Sum of abundances	1
sylph	marine5	order	Sum of abundances	1
sylph	marine5	family	Sum of abundances	1
sylph	marine5	genus	Sum of abundances	1
sylph	marine5	species	Sum of abundances	1
sylph	marine5	phylum	Taxon counts	26
sylph	marine5	class	Taxon counts	37
sylph	marine5	order	Taxon counts	79
sylph	marine5	family	Taxon counts	129
sylph	marine5	genus	Taxon counts	252
sylph	marine5	species	Taxon counts	370
singlem	marine6	kingdom	Bray-Curtis distance	0.00346774526503862
singlem	marine6	phylum	Bray-Curtis distance	0.00740995777580002
singlem	marine6	class	Bray-Curtis distance	0.0110075624263799
singlem	marine6	order	Bray-Curtis distance	0.0175562730792774
singlem	marine6	family	Bray-Curtis distance	0.0272912412783626
singlem	marine6	genus	Bray-Curtis distance	0.0412279714349926
singlem	marine6	species	Bray-Curtis distance	0.172922329108243
singlem	marine6	phylum	Shannon diversity	1.71385988234672
singlem	marine6	phylum	Shannon equitability	0.514332141713777
singlem	marine6	class	Shannon diversity	2.09029994304477
singlem	marine6	class	Shannon equitability	0.566649024194492
singlem	marine6	order	Shannon diversity	3.12255672329843
singlem	marine6	order	Shannon equitability	0.714634166313579
singlem	marine6	family	Shannon diversity	3.61124054571029
singlem	marine6	family	Shannon equitability	0.753002140392882
singlem	marine6	genus	Shannon diversity	3.91863234711805
singlem	marine6	genus	Shannon equitability	0.743875827479534
singlem	marine6	species	Shannon diversity	3.36399044388201
singlem	marine6	species	Shannon equitability	0.630251324421512
singlem	marine6	kingdom	True positives	2
singlem	marine6	kingdom	False negatives	0
singlem	marine6	kingdom	False positives	0
singlem	marine6	kingdom	Completeness	1
singlem	marine6	kingdom	Purity	1
singlem	marine6	kingdom	F1 score	1
singlem	marine6	kingdom	Jaccard index	1
singlem	marine6	phylum	True positives	28
singlem	marine6	phylum	False negatives	1
singlem	marine6	phylum	False positives	0
singlem	marine6	phylum	Completeness	0.96551724137931
singlem	marine6	phylum	Purity	1
singlem	marine6	phylum	F1 score	0.982456140350877
singlem	marine6	phylum	Jaccard index	0.96551724137931
singlem	marine6	class	True positives	40
singlem	marine6	class	False negatives	3
singlem	marine6	class	False positives	0
singlem	marine6	class	Completeness	0.930232558139535
singlem	marine6	class	Purity	1
singlem	marine6	class	F1 score	0.963855421686747
singlem	marine6	class	Jaccard index	0.930232558139535
singlem	marine6	order	True positives	79
singlem	marine6	order	False negatives	5
singlem	marine6	order	False positives	0
singlem	marine6	order	Completeness	0.940476190476191
singlem	marine6	order	Purity	1
singlem	marine6	order	F1 score	0.969325153374233
singlem	marine6	order	Jaccard index	0.940476190476191
singlem	marine6	family	True positives	121
singlem	marine6	family	False negatives	18
singlem	marine6	family	False positives	0
singlem	marine6	family	Completeness	0.870503597122302
singlem	marine6	family	Purity	1
singlem	marine6	family	F1 score	0.930769230769231
singlem	marine6	family	Jaccard index	0.870503597122302
singlem	marine6	genus	True positives	193
singlem	marine6	genus	False negatives	59
singlem	marine6	genus	False positives	1
singlem	marine6	genus	Completeness	0.765873015873016
singlem	marine6	genus	Purity	0.994845360824742
singlem	marine6	genus	F1 score	0.865470852017937
singlem	marine6	genus	Jaccard index	0.762845849802372
singlem	marine6	species	True positives	201
singlem	marine6	species	False negatives	163
singlem	marine6	species	False positives	7
singlem	marine6	species	Completeness	0.552197802197802
singlem	marine6	species	Purity	0.966346153846154
singlem	marine6	species	F1 score	0.702797202797203
singlem	marine6	species	Jaccard index	0.54177897574124
singlem	marine6	kingdom	L1 norm error	0.00693549053007724
singlem	marine6	phylum	L1 norm error	0.0147843827810073
singlem	marine6	class	L1 norm error	0.0219335788797386
singlem	marine6	order	L1 norm error	0.0348590725463691
singlem	marine6	family	L1 norm error	0.0539540684823355
singlem	marine6	genus	L1 norm error	0.080300529980524
singlem	marine6	species	L1 norm error	0.288282432407308
singlem	marine6	na	Weighted UniFrac error	0.00334988790523062
singlem	marine6	na	Unweighted UniFrac error	0.278232732278754
singlem	marine6	na	Weighted UniFrac (CAMI)	0.50104955560736
singlem	marine6	na	Unweighted UniFrac (CAMI)	1015
singlem	marine6	phylum	Sum of abundances	0.995204726981205
singlem	marine6	class	Sum of abundances	0.992591822797589
singlem	marine6	order	Sum of abundances	0.985562219780872
singlem	marine6	family	Sum of abundances	0.976973781881884
singlem	marine6	genus	Sum of abundances	0.947719647257936
singlem	marine6	species	Sum of abundances	0.718214614448173
singlem	marine6	phylum	Taxon counts	28
singlem	marine6	class	Taxon counts	40
singlem	marine6	order	Taxon counts	79
singlem	marine6	family	Taxon counts	121
singlem	marine6	genus	Taxon counts	194
singlem	marine6	species	Taxon counts	208
metaphlan	marine6	kingdom	Bray-Curtis distance	0.0097926101764194
metaphlan	marine6	phylum	Bray-Curtis distance	0.0251123376801387
metaphlan	marine6	class	Bray-Curtis distance	0.0266695418791047
metaphlan	marine6	order	Bray-Curtis distance	0.0527460793518143
metaphlan	marine6	family	Bray-Curtis distance	0.0592556659509116
metaphlan	marine6	genus	Bray-Curtis distance	0.066429217860885
metaphlan	marine6	species	Bray-Curtis distance	0.090222278290753
metaphlan	marine6	phylum	Shannon diversity	1.7515307861706
metaphlan	marine6	phylum	Shannon equitability	0.531437342739007
metaphlan	marine6	class	Shannon diversity	2.15725848829812
metaphlan	marine6	class	Shannon equitability	0.580911976272114
metaphlan	marine6	order	Shannon diversity	3.20182687019757
metaphlan	marine6	order	Shannon equitability	0.726578366022593
metaphlan	marine6	family	Shannon diversity	3.68196953444099
metaphlan	marine6	family	Shannon equitability	0.750614328605079
metaphlan	marine6	genus	Shannon diversity	4.14303570853394
metaphlan	marine6	genus	Shannon equitability	0.755367201151277
metaphlan	marine6	species	Shannon diversity	4.55492456892449
metaphlan	marine6	species	Shannon equitability	0.776433882315484
metaphlan	marine6	kingdom	True positives	2
metaphlan	marine6	kingdom	False negatives	0
metaphlan	marine6	kingdom	False positives	0
metaphlan	marine6	kingdom	Completeness	1
metaphlan	marine6	kingdom	Purity	1
metaphlan	marine6	kingdom	F1 score	1
metaphlan	marine6	kingdom	Jaccard index	1
metaphlan	marine6	phylum	True positives	27
metaphlan	marine6	phylum	False negatives	2
metaphlan	marine6	phylum	False positives	0
metaphlan	marine6	phylum	Completeness	0.931034482758621
metaphlan	marine6	phylum	Purity	1
metaphlan	marine6	phylum	F1 score	0.964285714285714
metaphlan	marine6	phylum	Jaccard index	0.931034482758621
metaphlan	marine6	class	True positives	41
metaphlan	marine6	class	False negatives	2
metaphlan	marine6	class	False positives	0
metaphlan	marine6	class	Completeness	0.953488372093023
metaphlan	marine6	class	Purity	1
metaphlan	marine6	class	F1 score	0.976190476190476
metaphlan	marine6	class	Jaccard index	0.953488372093023
metaphlan	marine6	order	True positives	82
metaphlan	marine6	order	False negatives	2
metaphlan	marine6	order	False positives	0
metaphlan	marine6	order	Completeness	0.976190476190476
metaphlan	marine6	order	Purity	1
metaphlan	marine6	order	F1 score	0.987951807228916
metaphlan	marine6	order	Jaccard index	0.976190476190476
metaphlan	marine6	family	True positives	135
metaphlan	marine6	family	False negatives	4
metaphlan	marine6	family	False positives	0
metaphlan	marine6	family	Completeness	0.971223021582734
metaphlan	marine6	family	Purity	1
metaphlan	marine6	family	F1 score	0.985401459854015
metaphlan	marine6	family	Jaccard index	0.971223021582734
metaphlan	marine6	genus	True positives	241
metaphlan	marine6	genus	False negatives	11
metaphlan	marine6	genus	False positives	0
metaphlan	marine6	genus	Completeness	0.956349206349206
metaphlan	marine6	genus	Purity	1
metaphlan	marine6	genus	F1 score	0.977687626774848
metaphlan	marine6	genus	Jaccard index	0.956349206349206
metaphlan	marine6	species	True positives	335
metaphlan	marine6	species	False negatives	29
metaphlan	marine6	species	False positives	18
metaphlan	marine6	species	Completeness	0.92032967032967
metaphlan	marine6	species	Purity	0.949008498583569
metaphlan	marine6	species	F1 score	0.934449093444909
metaphlan	marine6	species	Jaccard index	0.87696335078534
metaphlan	marine6	kingdom	L1 norm error	0.0195852203528388
metaphlan	marine6	phylum	L1 norm error	0.0502246753602773
metaphlan	marine6	class	L1 norm error	0.0533390837582093
metaphlan	marine6	order	L1 norm error	0.105492158703629
metaphlan	marine6	family	L1 norm error	0.118511331901823
metaphlan	marine6	genus	L1 norm error	0.13285843572177
metaphlan	marine6	species	L1 norm error	0.175795676118813
metaphlan	marine6	na	Weighted UniFrac error	0.00559332547594055
metaphlan	marine6	na	Unweighted UniFrac error	0.0946827148024969
metaphlan	marine6	na	Weighted UniFrac (CAMI)	0.65580658191736
metaphlan	marine6	na	Unweighted UniFrac (CAMI)	304
metaphlan	marine6	phylum	Sum of abundances	1
metaphlan	marine6	class	Sum of abundances	1
metaphlan	marine6	order	Sum of abundances	1
metaphlan	marine6	family	Sum of abundances	1
metaphlan	marine6	genus	Sum of abundances	1
metaphlan	marine6	species	Sum of abundances	0.999566726175759
metaphlan	marine6	phylum	Taxon counts	27
metaphlan	marine6	class	Taxon counts	41
metaphlan	marine6	order	Taxon counts	82
metaphlan	marine6	family	Taxon counts	135
metaphlan	marine6	genus	Taxon counts	241
metaphlan	marine6	species	Taxon counts	353
kraken	marine6	kingdom	Bray-Curtis distance	0.0485364243955808
kraken	marine6	phylum	Bray-Curtis distance	0.0696074370966413
kraken	marine6	class	Bray-Curtis distance	0.0733571864790867
kraken	marine6	order	Bray-Curtis distance	0.154560632517009
kraken	marine6	family	Bray-Curtis distance	0.160650022504884
kraken	marine6	genus	Bray-Curtis distance	0.168392611531432
kraken	marine6	species	Bray-Curtis distance	0.204062433317656
kraken	marine6	phylum	Shannon diversity	1.63133532134794
kraken	marine6	phylum	Shannon equitability	0.414905307033568
kraken	marine6	class	Shannon diversity	2.04325020374333
kraken	marine6	class	Shannon equitability	0.458709226705758
kraken	marine6	order	Shannon diversity	3.12835051214223
kraken	marine6	order	Shannon equitability	0.614154677558934
kraken	marine6	family	Shannon diversity	3.78511550129119
kraken	marine6	family	Shannon equitability	0.679291254231868
kraken	marine6	genus	Shannon diversity	4.32719467483596
kraken	marine6	genus	Shannon equitability	0.691080479380238
kraken	marine6	species	Shannon diversity	5.15830156561941
kraken	marine6	species	Shannon equitability	0.688182602970844
kraken	marine6	kingdom	True positives	2
kraken	marine6	kingdom	False negatives	0
kraken	marine6	kingdom	False positives	0
kraken	marine6	kingdom	Completeness	1
kraken	marine6	kingdom	Purity	1
kraken	marine6	kingdom	F1 score	1
kraken	marine6	kingdom	Jaccard index	1
kraken	marine6	phylum	True positives	29
kraken	marine6	phylum	False negatives	0
kraken	marine6	phylum	False positives	22
kraken	marine6	phylum	Completeness	1
kraken	marine6	phylum	Purity	0.568627450980392
kraken	marine6	phylum	F1 score	0.725
kraken	marine6	phylum	Jaccard index	0.568627450980392
kraken	marine6	class	True positives	43
kraken	marine6	class	False negatives	0
kraken	marine6	class	False positives	43
kraken	marine6	class	Completeness	1
kraken	marine6	class	Purity	0.5
kraken	marine6	class	F1 score	0.666666666666667
kraken	marine6	class	Jaccard index	0.5
kraken	marine6	order	True positives	83
kraken	marine6	order	False negatives	1
kraken	marine6	order	False positives	80
kraken	marine6	order	Completeness	0.988095238095238
kraken	marine6	order	Purity	0.50920245398773
kraken	marine6	order	F1 score	0.672064777327935
kraken	marine6	order	Jaccard index	0.50609756097561
kraken	marine6	family	True positives	137
kraken	marine6	family	False negatives	2
kraken	marine6	family	False positives	126
kraken	marine6	family	Completeness	0.985611510791367
kraken	marine6	family	Purity	0.520912547528517
kraken	marine6	family	F1 score	0.681592039800995
kraken	marine6	family	Jaccard index	0.516981132075472
kraken	marine6	genus	True positives	248
kraken	marine6	genus	False negatives	4
kraken	marine6	genus	False positives	276
kraken	marine6	genus	Completeness	0.984126984126984
kraken	marine6	genus	Purity	0.473282442748092
kraken	marine6	genus	F1 score	0.639175257731959
kraken	marine6	genus	Jaccard index	0.46969696969697
kraken	marine6	species	True positives	362
kraken	marine6	species	False negatives	2
kraken	marine6	species	False positives	1438
kraken	marine6	species	Completeness	0.994505494505495
kraken	marine6	species	Purity	0.201111111111111
kraken	marine6	species	F1 score	0.33456561922366
kraken	marine6	species	Jaccard index	0.200887902330744
kraken	marine6	kingdom	L1 norm error	0.0970728487911615
kraken	marine6	phylum	L1 norm error	0.139213482044541
kraken	marine6	class	L1 norm error	0.146706303667661
kraken	marine6	order	L1 norm error	0.309073351237938
kraken	marine6	family	L1 norm error	0.321168311991314
kraken	marine6	genus	L1 norm error	0.336421495021955
kraken	marine6	species	L1 norm error	0.396276247877485
kraken	marine6	na	Weighted UniFrac error	0.01643599113429
kraken	marine6	na	Unweighted UniFrac error	4.24621148455978
kraken	marine6	na	Weighted UniFrac (CAMI)	1.74536405335318
kraken	marine6	na	Unweighted UniFrac (CAMI)	12340.94438
kraken	marine6	phylum	Sum of abundances	0.999980000000001
kraken	marine6	class	Sum of abundances	0.999890000000001
kraken	marine6	order	Sum of abundances	0.999690000000002
kraken	marine6	family	Sum of abundances	0.999180000000003
kraken	marine6	genus	Sum of abundances	0.997840000000004
kraken	marine6	species	Sum of abundances	0.99303000000001
kraken	marine6	phylum	Taxon counts	51
kraken	marine6	class	Taxon counts	86
kraken	marine6	order	Taxon counts	163
kraken	marine6	family	Taxon counts	263
kraken	marine6	genus	Taxon counts	524
kraken	marine6	species	Taxon counts	1800
sourmash	marine6	kingdom	Bray-Curtis distance	0.03938698994828
sourmash	marine6	phylum	Bray-Curtis distance	0.0630860391810648
sourmash	marine6	class	Bray-Curtis distance	0.0672308609006547
sourmash	marine6	order	Bray-Curtis distance	0.148641561288528
sourmash	marine6	family	Bray-Curtis distance	0.170859718560278
sourmash	marine6	genus	Bray-Curtis distance	0.199631568327349
sourmash	marine6	species	Bray-Curtis distance	0.248505876688278
sourmash	marine6	phylum	Shannon diversity	1.66364283485629
sourmash	marine6	phylum	Shannon equitability	0.538214165596074
sourmash	marine6	class	Shannon diversity	2.06431016508991
sourmash	marine6	class	Shannon equitability	0.606936303144243
sourmash	marine6	order	Shannon diversity	3.118111931115
sourmash	marine6	order	Shannon equitability	0.778101492185784
sourmash	marine6	family	Shannon diversity	3.67331618481034
sourmash	marine6	family	Shannon equitability	0.848197267340288
sourmash	marine6	genus	Shannon diversity	3.86815245328901
sourmash	marine6	genus	Shannon equitability	0.832865393394025
sourmash	marine6	species	Shannon diversity	3.97809445220013
sourmash	marine6	species	Shannon equitability	0.818569549851306
sourmash	marine6	kingdom	True positives	2
sourmash	marine6	kingdom	False negatives	0
sourmash	marine6	kingdom	False positives	0
sourmash	marine6	kingdom	Completeness	1
sourmash	marine6	kingdom	Purity	1
sourmash	marine6	kingdom	F1 score	1
sourmash	marine6	kingdom	Jaccard index	1
sourmash	marine6	phylum	True positives	22
sourmash	marine6	phylum	False negatives	7
sourmash	marine6	phylum	False positives	0
sourmash	marine6	phylum	Completeness	0.758620689655172
sourmash	marine6	phylum	Purity	1
sourmash	marine6	phylum	F1 score	0.862745098039216
sourmash	marine6	phylum	Jaccard index	0.758620689655172
sourmash	marine6	class	True positives	30
sourmash	marine6	class	False negatives	13
sourmash	marine6	class	False positives	0
sourmash	marine6	class	Completeness	0.697674418604651
sourmash	marine6	class	Purity	1
sourmash	marine6	class	F1 score	0.821917808219178
sourmash	marine6	class	Jaccard index	0.697674418604651
sourmash	marine6	order	True positives	55
sourmash	marine6	order	False negatives	29
sourmash	marine6	order	False positives	0
sourmash	marine6	order	Completeness	0.654761904761905
sourmash	marine6	order	Purity	1
sourmash	marine6	order	F1 score	0.79136690647482
sourmash	marine6	order	Jaccard index	0.654761904761905
sourmash	marine6	family	True positives	76
sourmash	marine6	family	False negatives	63
sourmash	marine6	family	False positives	0
sourmash	marine6	family	Completeness	0.546762589928058
sourmash	marine6	family	Purity	1
sourmash	marine6	family	F1 score	0.706976744186047
sourmash	marine6	family	Jaccard index	0.546762589928058
sourmash	marine6	genus	True positives	104
sourmash	marine6	genus	False negatives	148
sourmash	marine6	genus	False positives	0
sourmash	marine6	genus	Completeness	0.412698412698413
sourmash	marine6	genus	Purity	1
sourmash	marine6	genus	F1 score	0.584269662921348
sourmash	marine6	genus	Jaccard index	0.412698412698413
sourmash	marine6	species	True positives	122
sourmash	marine6	species	False negatives	242
sourmash	marine6	species	False positives	7
sourmash	marine6	species	Completeness	0.335164835164835
sourmash	marine6	species	Purity	0.945736434108527
sourmash	marine6	species	F1 score	0.494929006085193
sourmash	marine6	species	Jaccard index	0.328840970350404
sourmash	marine6	kingdom	L1 norm error	0.0787739798965599
sourmash	marine6	phylum	L1 norm error	0.12633425327005
sourmash	marine6	class	L1 norm error	0.134288891824701
sourmash	marine6	order	L1 norm error	0.296901010594309
sourmash	marine6	family	L1 norm error	0.340401752915722
sourmash	marine6	genus	L1 norm error	0.387972919422817
sourmash	marine6	species	L1 norm error	0.454928371024389
sourmash	marine6	na	Weighted UniFrac error	0.0160531557980923
sourmash	marine6	na	Unweighted UniFrac error	0.585440633885258
sourmash	marine6	na	Weighted UniFrac (CAMI)	1.81960117894855
sourmash	marine6	na	Unweighted UniFrac (CAMI)	1757.07969151671
sourmash	marine6	phylum	Sum of abundances	1.0025706940874
sourmash	marine6	class	Sum of abundances	0.997429305912597
sourmash	marine6	order	Sum of abundances	0.997429305912597
sourmash	marine6	family	Sum of abundances	0.99228791773779
sourmash	marine6	genus	Sum of abundances	0.943444730077121
sourmash	marine6	species	Sum of abundances	0.881748071979434
sourmash	marine6	phylum	Taxon counts	22
sourmash	marine6	class	Taxon counts	30
sourmash	marine6	order	Taxon counts	55
sourmash	marine6	family	Taxon counts	76
sourmash	marine6	genus	Taxon counts	104
sourmash	marine6	species	Taxon counts	129
metabuli	marine6	kingdom	Bray-Curtis distance	0.0493952668892554
metabuli	marine6	phylum	Bray-Curtis distance	0.071933711823535
metabuli	marine6	class	Bray-Curtis distance	0.0764204564932449
metabuli	marine6	order	Bray-Curtis distance	0.159106606604709
metabuli	marine6	family	Bray-Curtis distance	0.167187569415688
metabuli	marine6	genus	Bray-Curtis distance	0.180521823520663
metabuli	marine6	species	Bray-Curtis distance	0.228656812614828
metabuli	marine6	phylum	Shannon diversity	1.61683115293522
metabuli	marine6	phylum	Shannon equitability	0.401662084994104
metabuli	marine6	class	Shannon diversity	2.01726630913973
metabuli	marine6	class	Shannon equitability	0.42136183570052
metabuli	marine6	order	Shannon diversity	3.09561862013239
metabuli	marine6	order	Shannon equitability	0.544334804736124
metabuli	marine6	family	Shannon diversity	3.7602091171214
metabuli	marine6	family	Shannon equitability	0.583653189574562
metabuli	marine6	genus	Shannon diversity	4.30512318398215
metabuli	marine6	genus	Shannon equitability	0.559349019306721
metabuli	marine6	species	Shannon diversity	4.81199339057003
metabuli	marine6	species	Shannon equitability	0.546791623850538
metabuli	marine6	kingdom	True positives	2
metabuli	marine6	kingdom	False negatives	0
metabuli	marine6	kingdom	False positives	0
metabuli	marine6	kingdom	Completeness	1
metabuli	marine6	kingdom	Purity	1
metabuli	marine6	kingdom	F1 score	1
metabuli	marine6	kingdom	Jaccard index	1
metabuli	marine6	phylum	True positives	27
metabuli	marine6	phylum	False negatives	2
metabuli	marine6	phylum	False positives	29
metabuli	marine6	phylum	Completeness	0.931034482758621
metabuli	marine6	phylum	Purity	0.482142857142857
metabuli	marine6	phylum	F1 score	0.635294117647059
metabuli	marine6	phylum	Jaccard index	0.46551724137931
metabuli	marine6	class	True positives	41
metabuli	marine6	class	False negatives	2
metabuli	marine6	class	False positives	79
metabuli	marine6	class	Completeness	0.953488372093023
metabuli	marine6	class	Purity	0.341666666666667
metabuli	marine6	class	F1 score	0.503067484662577
metabuli	marine6	class	Jaccard index	0.336065573770492
metabuli	marine6	order	True positives	81
metabuli	marine6	order	False negatives	3
metabuli	marine6	order	False positives	214
metabuli	marine6	order	Completeness	0.964285714285714
metabuli	marine6	order	Purity	0.274576271186441
metabuli	marine6	order	F1 score	0.427440633245383
metabuli	marine6	order	Jaccard index	0.271812080536913
metabuli	marine6	family	True positives	134
metabuli	marine6	family	False negatives	5
metabuli	marine6	family	False positives	494
metabuli	marine6	family	Completeness	0.964028776978417
metabuli	marine6	family	Purity	0.213375796178344
metabuli	marine6	family	F1 score	0.349413298565841
metabuli	marine6	family	Jaccard index	0.211690363349131
metabuli	marine6	genus	True positives	241
metabuli	marine6	genus	False negatives	11
metabuli	marine6	genus	False positives	1960
metabuli	marine6	genus	Completeness	0.956349206349206
metabuli	marine6	genus	Purity	0.1094956837801
metabuli	marine6	genus	F1 score	0.196494088870771
metabuli	marine6	genus	Jaccard index	0.108951175406872
metabuli	marine6	species	True positives	334
metabuli	marine6	species	False negatives	30
metabuli	marine6	species	False positives	6303
metabuli	marine6	species	Completeness	0.917582417582418
metabuli	marine6	species	Purity	0.0503239415398523
metabuli	marine6	species	F1 score	0.0954149407227539
metabuli	marine6	species	Jaccard index	0.0500974951252437
metabuli	marine6	kingdom	L1 norm error	0.0987905337785108
metabuli	marine6	phylum	L1 norm error	0.143808867670974
metabuli	marine6	class	L1 norm error	0.15276008893934
metabuli	marine6	order	L1 norm error	0.317795372483115
metabuli	marine6	family	L1 norm error	0.333675704871466
metabuli	marine6	genus	L1 norm error	0.35964678342587
metabuli	marine6	species	L1 norm error	0.437029088231995
metabuli	marine6	na	Weighted UniFrac error	0.0171560493585873
metabuli	marine6	na	Unweighted UniFrac error	16.769650067439
metabuli	marine6	na	Weighted UniFrac (CAMI)	1.84350643940107
metabuli	marine6	na	Unweighted UniFrac (CAMI)	49491
metabuli	marine6	phylum	Sum of abundances	0.999185973104793
metabuli	marine6	class	Sum of abundances	0.998942376807755
metabuli	marine6	order	Sum of abundances	0.997373831701779
metabuli	marine6	family	Sum of abundances	0.995816471509494
metabuli	marine6	genus	Sum of abundances	0.992262078965257
metabuli	marine6	species	Sum of abundances	0.962381983711848
metabuli	marine6	phylum	Taxon counts	56
metabuli	marine6	class	Taxon counts	120
metabuli	marine6	order	Taxon counts	295
metabuli	marine6	family	Taxon counts	628
metabuli	marine6	genus	Taxon counts	2201
metabuli	marine6	species	Taxon counts	6637
sylph	marine6	kingdom	Bray-Curtis distance	0.00676899322943078
sylph	marine6	phylum	Bray-Curtis distance	0.0214348470887016
sylph	marine6	class	Bray-Curtis distance	0.0238759307661112
sylph	marine6	order	Bray-Curtis distance	0.0339290510564149
sylph	marine6	family	Bray-Curtis distance	0.0361130200672006
sylph	marine6	genus	Bray-Curtis distance	0.0431414030418213
sylph	marine6	species	Bray-Curtis distance	0.0582282150035564
sylph	marine6	phylum	Shannon diversity	1.79002421320375
sylph	marine6	phylum	Shannon equitability	0.531591016525252
sylph	marine6	class	Shannon diversity	2.19503015412492
sylph	marine6	class	Shannon equitability	0.583598342711461
sylph	marine6	order	Shannon diversity	3.23408230180843
sylph	marine6	order	Shannon equitability	0.729906572226752
sylph	marine6	family	Shannon diversity	3.72652050166155
sylph	marine6	family	Shannon equitability	0.757425802628352
sylph	marine6	genus	Shannon diversity	4.20610055833864
sylph	marine6	genus	Shannon equitability	0.766286805968869
sylph	marine6	species	Shannon diversity	4.67082141668596
sylph	marine6	species	Shannon equitability	0.792416390263307
sylph	marine6	kingdom	True positives	2
sylph	marine6	kingdom	False negatives	0
sylph	marine6	kingdom	False positives	0
sylph	marine6	kingdom	Completeness	1
sylph	marine6	kingdom	Purity	1
sylph	marine6	kingdom	F1 score	1
sylph	marine6	kingdom	Jaccard index	1
sylph	marine6	phylum	True positives	29
sylph	marine6	phylum	False negatives	0
sylph	marine6	phylum	False positives	0
sylph	marine6	phylum	Completeness	1
sylph	marine6	phylum	Purity	1
sylph	marine6	phylum	F1 score	1
sylph	marine6	phylum	Jaccard index	1
sylph	marine6	class	True positives	43
sylph	marine6	class	False negatives	0
sylph	marine6	class	False positives	0
sylph	marine6	class	Completeness	1
sylph	marine6	class	Purity	1
sylph	marine6	class	F1 score	1
sylph	marine6	class	Jaccard index	1
sylph	marine6	order	True positives	84
sylph	marine6	order	False negatives	0
sylph	marine6	order	False positives	0
sylph	marine6	order	Completeness	1
sylph	marine6	order	Purity	1
sylph	marine6	order	F1 score	1
sylph	marine6	order	Jaccard index	1
sylph	marine6	family	True positives	137
sylph	marine6	family	False negatives	2
sylph	marine6	family	False positives	0
sylph	marine6	family	Completeness	0.985611510791367
sylph	marine6	family	Purity	1
sylph	marine6	family	F1 score	0.992753623188406
sylph	marine6	family	Jaccard index	0.985611510791367
sylph	marine6	genus	True positives	242
sylph	marine6	genus	False negatives	10
sylph	marine6	genus	False positives	0
sylph	marine6	genus	Completeness	0.96031746031746
sylph	marine6	genus	Purity	1
sylph	marine6	genus	F1 score	0.979757085020243
sylph	marine6	genus	Jaccard index	0.96031746031746
sylph	marine6	species	True positives	359
sylph	marine6	species	False negatives	5
sylph	marine6	species	False positives	4
sylph	marine6	species	Completeness	0.986263736263736
sylph	marine6	species	Purity	0.988980716253444
sylph	marine6	species	F1 score	0.987620357634113
sylph	marine6	species	Jaccard index	0.97554347826087
sylph	marine6	kingdom	L1 norm error	0.0135379864588616
sylph	marine6	phylum	L1 norm error	0.0428696941774032
sylph	marine6	class	L1 norm error	0.0477518615322224
sylph	marine6	order	L1 norm error	0.0678581021128298
sylph	marine6	family	L1 norm error	0.0722260401344012
sylph	marine6	genus	L1 norm error	0.0862828060836426
sylph	marine6	species	L1 norm error	0.113481335386789
sylph	marine6	na	Weighted UniFrac error	0.00395121794555723
sylph	marine6	na	Unweighted UniFrac error	0.0618445063439885
sylph	marine6	na	Weighted UniFrac (CAMI)	0.44400782588615
sylph	marine6	na	Unweighted UniFrac (CAMI)	213
sylph	marine6	phylum	Sum of abundances	1
sylph	marine6	class	Sum of abundances	1
sylph	marine6	order	Sum of abundances	1
sylph	marine6	family	Sum of abundances	1
sylph	marine6	genus	Sum of abundances	1
sylph	marine6	species	Sum of abundances	1
sylph	marine6	phylum	Taxon counts	29
sylph	marine6	class	Taxon counts	43
sylph	marine6	order	Taxon counts	84
sylph	marine6	family	Taxon counts	137
sylph	marine6	genus	Taxon counts	242
sylph	marine6	species	Taxon counts	363
singlem	marine7	kingdom	Bray-Curtis distance	0.00476431518836447
singlem	marine7	phylum	Bray-Curtis distance	0.00631755584179588
singlem	marine7	class	Bray-Curtis distance	0.00906916577479317
singlem	marine7	order	Bray-Curtis distance	0.0140063447201843
singlem	marine7	family	Bray-Curtis distance	0.0203935874661187
singlem	marine7	genus	Bray-Curtis distance	0.0371379133528329
singlem	marine7	species	Bray-Curtis distance	0.155985616238745
singlem	marine7	phylum	Shannon diversity	1.58114691133305
singlem	marine7	phylum	Shannon equitability	0.504273585739819
singlem	marine7	class	Shannon diversity	1.95354843497166
singlem	marine7	class	Shannon equitability	0.563674927854003
singlem	marine7	order	Shannon diversity	3.07989987968856
singlem	marine7	order	Shannon equitability	0.727402552662409
singlem	marine7	family	Shannon diversity	3.52705176803759
singlem	marine7	family	Shannon equitability	0.747494460472237
singlem	marine7	genus	Shannon diversity	3.77936676463012
singlem	marine7	genus	Shannon equitability	0.734214826582918
singlem	marine7	species	Shannon diversity	3.27626636208529
singlem	marine7	species	Shannon equitability	0.625666508927501
singlem	marine7	kingdom	True positives	2
singlem	marine7	kingdom	False negatives	0
singlem	marine7	kingdom	False positives	0
singlem	marine7	kingdom	Completeness	1
singlem	marine7	kingdom	Purity	1
singlem	marine7	kingdom	F1 score	1
singlem	marine7	kingdom	Jaccard index	1
singlem	marine7	phylum	True positives	23
singlem	marine7	phylum	False negatives	2
singlem	marine7	phylum	False positives	0
singlem	marine7	phylum	Completeness	0.92
singlem	marine7	phylum	Purity	1
singlem	marine7	phylum	F1 score	0.958333333333333
singlem	marine7	phylum	Jaccard index	0.92
singlem	marine7	class	True positives	32
singlem	marine7	class	False negatives	3
singlem	marine7	class	False positives	0
singlem	marine7	class	Completeness	0.914285714285714
singlem	marine7	class	Purity	1
singlem	marine7	class	F1 score	0.955223880597015
singlem	marine7	class	Jaccard index	0.914285714285714
singlem	marine7	order	True positives	69
singlem	marine7	order	False negatives	5
singlem	marine7	order	False positives	0
singlem	marine7	order	Completeness	0.932432432432432
singlem	marine7	order	Purity	1
singlem	marine7	order	F1 score	0.965034965034965
singlem	marine7	order	Jaccard index	0.932432432432432
singlem	marine7	family	True positives	112
singlem	marine7	family	False negatives	14
singlem	marine7	family	False positives	0
singlem	marine7	family	Completeness	0.888888888888889
singlem	marine7	family	Purity	1
singlem	marine7	family	F1 score	0.941176470588235
singlem	marine7	family	Jaccard index	0.888888888888889
singlem	marine7	genus	True positives	171
singlem	marine7	genus	False negatives	52
singlem	marine7	genus	False positives	1
singlem	marine7	genus	Completeness	0.766816143497758
singlem	marine7	genus	Purity	0.994186046511628
singlem	marine7	genus	F1 score	0.865822784810127
singlem	marine7	genus	Jaccard index	0.763392857142857
singlem	marine7	species	True positives	184
singlem	marine7	species	False negatives	133
singlem	marine7	species	False positives	4
singlem	marine7	species	Completeness	0.580441640378549
singlem	marine7	species	Purity	0.978723404255319
singlem	marine7	species	F1 score	0.728712871287129
singlem	marine7	species	Jaccard index	0.573208722741433
singlem	marine7	kingdom	L1 norm error	0.00952863037672895
singlem	marine7	phylum	L1 norm error	0.0126228633176108
singlem	marine7	class	L1 norm error	0.0181017396119821
singlem	marine7	order	L1 norm error	0.0278425235024481
singlem	marine7	family	L1 norm error	0.0402863001560482
singlem	marine7	genus	L1 norm error	0.0722678234408198
singlem	marine7	species	L1 norm error	0.262964849262212
singlem	marine7	na	Weighted UniFrac error	0.00302760186483809
singlem	marine7	na	Unweighted UniFrac error	0.326854578740001
singlem	marine7	na	Weighted UniFrac (CAMI)	0.44361472966785
singlem	marine7	na	Unweighted UniFrac (CAMI)	948
singlem	marine7	phylum	Sum of abundances	0.998061217615223
singlem	marine7	class	Sum of abundances	0.995965236658707
singlem	marine7	order	Sum of abundances	0.987850796098481
singlem	marine7	family	Sum of abundances	0.975439594577398
singlem	marine7	genus	Sum of abundances	0.945931176968163
singlem	marine7	species	Sum of abundances	0.727342820142377
singlem	marine7	phylum	Taxon counts	23
singlem	marine7	class	Taxon counts	32
singlem	marine7	order	Taxon counts	69
singlem	marine7	family	Taxon counts	112
singlem	marine7	genus	Taxon counts	172
singlem	marine7	species	Taxon counts	188
metaphlan	marine7	kingdom	Bray-Curtis distance	0.0110002401364119
metaphlan	marine7	phylum	Bray-Curtis distance	0.0202352159293245
metaphlan	marine7	class	Bray-Curtis distance	0.0261808168145668
metaphlan	marine7	order	Bray-Curtis distance	0.0519167480110208
metaphlan	marine7	family	Bray-Curtis distance	0.0598232660468823
metaphlan	marine7	genus	Bray-Curtis distance	0.0628697619666366
metaphlan	marine7	species	Bray-Curtis distance	0.0890587451420351
metaphlan	marine7	phylum	Shannon diversity	1.59262459390968
metaphlan	marine7	phylum	Shannon equitability	0.501132038325263
metaphlan	marine7	class	Shannon diversity	1.99650430401217
metaphlan	marine7	class	Shannon equitability	0.566165679905767
metaphlan	marine7	order	Shannon diversity	3.14469730331949
metaphlan	marine7	order	Shannon equitability	0.735315130011364
metaphlan	marine7	family	Shannon diversity	3.59401739726715
metaphlan	marine7	family	Shannon equitability	0.748126905315567
metaphlan	marine7	genus	Shannon diversity	3.99632056532429
metaphlan	marine7	genus	Shannon equitability	0.744105364091631
metaphlan	marine7	species	Shannon diversity	4.41005487771419
metaphlan	marine7	species	Shannon equitability	0.770066722931862
metaphlan	marine7	kingdom	True positives	2
metaphlan	marine7	kingdom	False negatives	0
metaphlan	marine7	kingdom	False positives	0
metaphlan	marine7	kingdom	Completeness	1
metaphlan	marine7	kingdom	Purity	1
metaphlan	marine7	kingdom	F1 score	1
metaphlan	marine7	kingdom	Jaccard index	1
metaphlan	marine7	phylum	True positives	24
metaphlan	marine7	phylum	False negatives	1
metaphlan	marine7	phylum	False positives	0
metaphlan	marine7	phylum	Completeness	0.96
metaphlan	marine7	phylum	Purity	1
metaphlan	marine7	phylum	F1 score	0.979591836734694
metaphlan	marine7	phylum	Jaccard index	0.96
metaphlan	marine7	class	True positives	34
metaphlan	marine7	class	False negatives	1
metaphlan	marine7	class	False positives	0
metaphlan	marine7	class	Completeness	0.971428571428571
metaphlan	marine7	class	Purity	1
metaphlan	marine7	class	F1 score	0.985507246376812
metaphlan	marine7	class	Jaccard index	0.971428571428571
metaphlan	marine7	order	True positives	72
metaphlan	marine7	order	False negatives	2
metaphlan	marine7	order	False positives	0
metaphlan	marine7	order	Completeness	0.972972972972973
metaphlan	marine7	order	Purity	1
metaphlan	marine7	order	F1 score	0.986301369863014
metaphlan	marine7	order	Jaccard index	0.972972972972973
metaphlan	marine7	family	True positives	122
metaphlan	marine7	family	False negatives	4
metaphlan	marine7	family	False positives	0
metaphlan	marine7	family	Completeness	0.968253968253968
metaphlan	marine7	family	Purity	1
metaphlan	marine7	family	F1 score	0.983870967741935
metaphlan	marine7	family	Jaccard index	0.968253968253968
metaphlan	marine7	genus	True positives	215
metaphlan	marine7	genus	False negatives	8
metaphlan	marine7	genus	False positives	0
metaphlan	marine7	genus	Completeness	0.964125560538117
metaphlan	marine7	genus	Purity	1
metaphlan	marine7	genus	F1 score	0.981735159817352
metaphlan	marine7	genus	Jaccard index	0.964125560538117
metaphlan	marine7	species	True positives	287
metaphlan	marine7	species	False negatives	30
metaphlan	marine7	species	False positives	20
metaphlan	marine7	species	Completeness	0.905362776025237
metaphlan	marine7	species	Purity	0.93485342019544
metaphlan	marine7	species	F1 score	0.919871794871795
metaphlan	marine7	species	Jaccard index	0.851632047477745
metaphlan	marine7	kingdom	L1 norm error	0.0220004802728237
metaphlan	marine7	phylum	L1 norm error	0.0404704318586489
metaphlan	marine7	class	L1 norm error	0.0523616336291336
metaphlan	marine7	order	L1 norm error	0.103833496022042
metaphlan	marine7	family	L1 norm error	0.119646532093765
metaphlan	marine7	genus	L1 norm error	0.125739523933273
metaphlan	marine7	species	L1 norm error	0.174394151653522
metaphlan	marine7	na	Weighted UniFrac error	0.00544065522214267
metaphlan	marine7	na	Unweighted UniFrac error	0.0789365025669598
metaphlan	marine7	na	Weighted UniFrac (CAMI)	0.638446249463209
metaphlan	marine7	na	Unweighted UniFrac (CAMI)	236
metaphlan	marine7	phylum	Sum of abundances	1
metaphlan	marine7	class	Sum of abundances	1
metaphlan	marine7	order	Sum of abundances	1
metaphlan	marine7	family	Sum of abundances	1
metaphlan	marine7	genus	Sum of abundances	1
metaphlan	marine7	species	Sum of abundances	0.99970760008772
metaphlan	marine7	phylum	Taxon counts	24
metaphlan	marine7	class	Taxon counts	34
metaphlan	marine7	order	Taxon counts	72
metaphlan	marine7	family	Taxon counts	122
metaphlan	marine7	genus	Taxon counts	215
metaphlan	marine7	species	Taxon counts	307
kraken	marine7	kingdom	Bray-Curtis distance	0.0563535185404605
kraken	marine7	phylum	Bray-Curtis distance	0.0788521074725914
kraken	marine7	class	Bray-Curtis distance	0.0817862191742185
kraken	marine7	order	Bray-Curtis distance	0.166998157566227
kraken	marine7	family	Bray-Curtis distance	0.17291877859219
kraken	marine7	genus	Bray-Curtis distance	0.181254867852628
kraken	marine7	species	Bray-Curtis distance	0.206649507532427
kraken	marine7	phylum	Shannon diversity	1.47265989136554
kraken	marine7	phylum	Shannon equitability	0.378398738523583
kraken	marine7	class	Shannon diversity	1.86861062777076
kraken	marine7	class	Shannon equitability	0.4240366864603
kraken	marine7	order	Shannon diversity	3.05316067466875
kraken	marine7	order	Shannon equitability	0.603839447726064
kraken	marine7	family	Shannon diversity	3.68284549444952
kraken	marine7	family	Shannon equitability	0.667005625727658
kraken	marine7	genus	Shannon diversity	4.16388698195695
kraken	marine7	genus	Shannon equitability	0.672201239514676
kraken	marine7	species	Shannon diversity	4.9874623219535
kraken	marine7	species	Shannon equitability	0.672547507629722
kraken	marine7	kingdom	True positives	2
kraken	marine7	kingdom	False negatives	0
kraken	marine7	kingdom	False positives	0
kraken	marine7	kingdom	Completeness	1
kraken	marine7	kingdom	Purity	1
kraken	marine7	kingdom	F1 score	1
kraken	marine7	kingdom	Jaccard index	1
kraken	marine7	phylum	True positives	25
kraken	marine7	phylum	False negatives	0
kraken	marine7	phylum	False positives	24
kraken	marine7	phylum	Completeness	1
kraken	marine7	phylum	Purity	0.510204081632653
kraken	marine7	phylum	F1 score	0.675675675675676
kraken	marine7	phylum	Jaccard index	0.510204081632653
kraken	marine7	class	True positives	35
kraken	marine7	class	False negatives	0
kraken	marine7	class	False positives	47
kraken	marine7	class	Completeness	1
kraken	marine7	class	Purity	0.426829268292683
kraken	marine7	class	F1 score	0.598290598290598
kraken	marine7	class	Jaccard index	0.426829268292683
kraken	marine7	order	True positives	74
kraken	marine7	order	False negatives	0
kraken	marine7	order	False positives	83
kraken	marine7	order	Completeness	1
kraken	marine7	order	Purity	0.471337579617834
kraken	marine7	order	F1 score	0.640692640692641
kraken	marine7	order	Jaccard index	0.471337579617834
kraken	marine7	family	True positives	126
kraken	marine7	family	False negatives	0
kraken	marine7	family	False positives	124
kraken	marine7	family	Completeness	1
kraken	marine7	family	Purity	0.504
kraken	marine7	family	F1 score	0.670212765957447
kraken	marine7	family	Jaccard index	0.504
kraken	marine7	genus	True positives	222
kraken	marine7	genus	False negatives	1
kraken	marine7	genus	False positives	268
kraken	marine7	genus	Completeness	0.995515695067265
kraken	marine7	genus	Purity	0.453061224489796
kraken	marine7	genus	F1 score	0.622720897615708
kraken	marine7	genus	Jaccard index	0.452138492871691
kraken	marine7	species	True positives	315
kraken	marine7	species	False negatives	2
kraken	marine7	species	False positives	1347
kraken	marine7	species	Completeness	0.993690851735016
kraken	marine7	species	Purity	0.189530685920578
kraken	marine7	species	F1 score	0.318342597271349
kraken	marine7	species	Jaccard index	0.189302884615385
kraken	marine7	kingdom	L1 norm error	0.112707037080921
kraken	marine7	phylum	L1 norm error	0.157701060860884
kraken	marine7	class	L1 norm error	0.163566713313095
kraken	marine7	order	L1 norm error	0.333946215685184
kraken	marine7	family	L1 norm error	0.345707868100434
kraken	marine7	genus	L1 norm error	0.362127287934086
kraken	marine7	species	L1 norm error	0.403322954268187
kraken	marine7	na	Weighted UniFrac error	0.0180773265997886
kraken	marine7	na	Unweighted UniFrac error	4.66184049824392
kraken	marine7	na	Weighted UniFrac (CAMI)	1.87828913724273
kraken	marine7	na	Unweighted UniFrac (CAMI)	11653.95271
kraken	marine7	phylum	Sum of abundances	0.99996
kraken	marine7	class	Sum of abundances	0.999930000000001
kraken	marine7	order	Sum of abundances	0.999700000000002
kraken	marine7	family	Sum of abundances	0.999250000000003
kraken	marine7	genus	Sum of abundances	0.997890000000004
kraken	marine7	species	Sum of abundances	0.993240000000018
kraken	marine7	phylum	Taxon counts	49
kraken	marine7	class	Taxon counts	82
kraken	marine7	order	Taxon counts	157
kraken	marine7	family	Taxon counts	250
kraken	marine7	genus	Taxon counts	490
kraken	marine7	species	Taxon counts	1662
sourmash	marine7	kingdom	Bray-Curtis distance	0.0442692917363368
sourmash	marine7	phylum	Bray-Curtis distance	0.0774742236061008
sourmash	marine7	class	Bray-Curtis distance	0.0799976319097143
sourmash	marine7	order	Bray-Curtis distance	0.157258502201135
sourmash	marine7	family	Bray-Curtis distance	0.177589959343816
sourmash	marine7	genus	Bray-Curtis distance	0.201100225014828
sourmash	marine7	species	Bray-Curtis distance	0.238718449842728
sourmash	marine7	phylum	Shannon diversity	1.45646137598918
sourmash	marine7	phylum	Shannon equitability	0.514066961827876
sourmash	marine7	class	Shannon diversity	1.89432288734615
sourmash	marine7	class	Shannon equitability	0.581420122221577
sourmash	marine7	order	Shannon diversity	3.02312866653569
sourmash	marine7	order	Shannon equitability	0.768886758704249
sourmash	marine7	family	Shannon diversity	3.53261084884314
sourmash	marine7	family	Shannon equitability	0.831496953057456
sourmash	marine7	genus	Shannon diversity	3.72751683488688
sourmash	marine7	genus	Shannon equitability	0.809419996296423
sourmash	marine7	species	Shannon diversity	3.98915945519988
sourmash	marine7	species	Shannon equitability	0.822162937618883
sourmash	marine7	kingdom	True positives	2
sourmash	marine7	kingdom	False negatives	0
sourmash	marine7	kingdom	False positives	0
sourmash	marine7	kingdom	Completeness	1
sourmash	marine7	kingdom	Purity	1
sourmash	marine7	kingdom	F1 score	1
sourmash	marine7	kingdom	Jaccard index	1
sourmash	marine7	phylum	True positives	17
sourmash	marine7	phylum	False negatives	8
sourmash	marine7	phylum	False positives	0
sourmash	marine7	phylum	Completeness	0.68
sourmash	marine7	phylum	Purity	1
sourmash	marine7	phylum	F1 score	0.80952380952381
sourmash	marine7	phylum	Jaccard index	0.68
sourmash	marine7	class	True positives	26
sourmash	marine7	class	False negatives	9
sourmash	marine7	class	False positives	0
sourmash	marine7	class	Completeness	0.742857142857143
sourmash	marine7	class	Purity	1
sourmash	marine7	class	F1 score	0.852459016393443
sourmash	marine7	class	Jaccard index	0.742857142857143
sourmash	marine7	order	True positives	51
sourmash	marine7	order	False negatives	23
sourmash	marine7	order	False positives	0
sourmash	marine7	order	Completeness	0.689189189189189
sourmash	marine7	order	Purity	1
sourmash	marine7	order	F1 score	0.816
sourmash	marine7	order	Jaccard index	0.689189189189189
sourmash	marine7	family	True positives	70
sourmash	marine7	family	False negatives	56
sourmash	marine7	family	False positives	0
sourmash	marine7	family	Completeness	0.555555555555556
sourmash	marine7	family	Purity	1
sourmash	marine7	family	F1 score	0.714285714285714
sourmash	marine7	family	Jaccard index	0.555555555555556
sourmash	marine7	genus	True positives	100
sourmash	marine7	genus	False negatives	123
sourmash	marine7	genus	False positives	0
sourmash	marine7	genus	Completeness	0.448430493273543
sourmash	marine7	genus	Purity	1
sourmash	marine7	genus	F1 score	0.619195046439629
sourmash	marine7	genus	Jaccard index	0.448430493273543
sourmash	marine7	species	True positives	126
sourmash	marine7	species	False negatives	191
sourmash	marine7	species	False positives	2
sourmash	marine7	species	Completeness	0.397476340694006
sourmash	marine7	species	Purity	0.984375
sourmash	marine7	species	F1 score	0.566292134831461
sourmash	marine7	species	Jaccard index	0.394984326018809
sourmash	marine7	kingdom	L1 norm error	0.0885385834726736
sourmash	marine7	phylum	L1 norm error	0.154549095544129
sourmash	marine7	class	L1 norm error	0.159789084355744
sourmash	marine7	order	L1 norm error	0.312490477312048
sourmash	marine7	family	L1 norm error	0.351975976122151
sourmash	marine7	genus	L1 norm error	0.391316159500502
sourmash	marine7	species	L1 norm error	0.445992557972393
sourmash	marine7	na	Weighted UniFrac error	0.0173784294739999
sourmash	marine7	na	Unweighted UniFrac error	0.549440325107218
sourmash	marine7	na	Weighted UniFrac (CAMI)	1.90465193427964
sourmash	marine7	na	Unweighted UniFrac (CAMI)	1418.13917525773
sourmash	marine7	phylum	Sum of abundances	0.994845360824742
sourmash	marine7	class	Sum of abundances	0.997422680412371
sourmash	marine7	order	Sum of abundances	0.987113402061856
sourmash	marine7	family	Sum of abundances	0.981958762886598
sourmash	marine7	genus	Sum of abundances	0.945876288659795
sourmash	marine7	species	Sum of abundances	0.909793814432991
sourmash	marine7	phylum	Taxon counts	17
sourmash	marine7	class	Taxon counts	26
sourmash	marine7	order	Taxon counts	51
sourmash	marine7	family	Taxon counts	70
sourmash	marine7	genus	Taxon counts	100
sourmash	marine7	species	Taxon counts	128
metabuli	marine7	kingdom	Bray-Curtis distance	0.0574410176606742
metabuli	marine7	phylum	Bray-Curtis distance	0.0811093056692078
metabuli	marine7	class	Bray-Curtis distance	0.0865491290737844
metabuli	marine7	order	Bray-Curtis distance	0.173885393533198
metabuli	marine7	family	Bray-Curtis distance	0.181034873927005
metabuli	marine7	genus	Bray-Curtis distance	0.197509197571031
metabuli	marine7	species	Bray-Curtis distance	0.237609448323026
metabuli	marine7	phylum	Shannon diversity	1.46007858957367
metabuli	marine7	phylum	Shannon equitability	0.361132840730878
metabuli	marine7	class	Shannon diversity	1.84000953554552
metabuli	marine7	class	Shannon equitability	0.383671788425983
metabuli	marine7	order	Shannon diversity	3.01125850340605
metabuli	marine7	order	Shannon equitability	0.529185990371455
metabuli	marine7	family	Shannon diversity	3.65358485289842
metabuli	marine7	family	Shannon equitability	0.566405953952727
metabuli	marine7	genus	Shannon diversity	4.1370647550495
metabuli	marine7	genus	Shannon equitability	0.537134343082929
metabuli	marine7	species	Shannon diversity	4.66133342400747
metabuli	marine7	species	Shannon equitability	0.529086049852566
metabuli	marine7	kingdom	True positives	2
metabuli	marine7	kingdom	False negatives	0
metabuli	marine7	kingdom	False positives	0
metabuli	marine7	kingdom	Completeness	1
metabuli	marine7	kingdom	Purity	1
metabuli	marine7	kingdom	F1 score	1
metabuli	marine7	kingdom	Jaccard index	1
metabuli	marine7	phylum	True positives	23
metabuli	marine7	phylum	False negatives	2
metabuli	marine7	phylum	False positives	34
metabuli	marine7	phylum	Completeness	0.92
metabuli	marine7	phylum	Purity	0.403508771929825
metabuli	marine7	phylum	F1 score	0.560975609756098
metabuli	marine7	phylum	Jaccard index	0.389830508474576
metabuli	marine7	class	True positives	33
metabuli	marine7	class	False negatives	2
metabuli	marine7	class	False positives	88
metabuli	marine7	class	Completeness	0.942857142857143
metabuli	marine7	class	Purity	0.272727272727273
metabuli	marine7	class	F1 score	0.423076923076923
metabuli	marine7	class	Jaccard index	0.268292682926829
metabuli	marine7	order	True positives	71
metabuli	marine7	order	False negatives	3
metabuli	marine7	order	False positives	225
metabuli	marine7	order	Completeness	0.959459459459459
metabuli	marine7	order	Purity	0.239864864864865
metabuli	marine7	order	F1 score	0.383783783783784
metabuli	marine7	order	Jaccard index	0.237458193979933
metabuli	marine7	family	True positives	121
metabuli	marine7	family	False negatives	5
metabuli	marine7	family	False positives	512
metabuli	marine7	family	Completeness	0.96031746031746
metabuli	marine7	family	Purity	0.191153238546604
metabuli	marine7	family	F1 score	0.318840579710145
metabuli	marine7	family	Jaccard index	0.189655172413793
metabuli	marine7	genus	True positives	213
metabuli	marine7	genus	False negatives	10
metabuli	marine7	genus	False positives	2000
metabuli	marine7	genus	Completeness	0.955156950672646
metabuli	marine7	genus	Purity	0.096249435155897
metabuli	marine7	genus	F1 score	0.17487684729064
metabuli	marine7	genus	Jaccard index	0.0958164642375169
metabuli	marine7	species	True positives	284
metabuli	marine7	species	False negatives	33
metabuli	marine7	species	False positives	6418
metabuli	marine7	species	Completeness	0.89589905362776
metabuli	marine7	species	Purity	0.042375410325276
metabuli	marine7	species	F1 score	0.0809232084342499
metabuli	marine7	species	Jaccard index	0.0421677802524128
metabuli	marine7	kingdom	L1 norm error	0.114882035321348
metabuli	marine7	phylum	L1 norm error	0.162131332796997
metabuli	marine7	class	L1 norm error	0.172977227795432
metabuli	marine7	order	L1 norm error	0.347244889827123
metabuli	marine7	family	L1 norm error	0.361194539119703
metabuli	marine7	genus	L1 norm error	0.393244313992304
metabuli	marine7	species	L1 norm error	0.455353816451498
metabuli	marine7	na	Weighted UniFrac error	0.0190136860248458
metabuli	marine7	na	Unweighted UniFrac error	19.8971052055557
metabuli	marine7	na	Weighted UniFrac (CAMI)	2.00702815530436
metabuli	marine7	na	Unweighted UniFrac (CAMI)	50588
metabuli	marine7	phylum	Sum of abundances	0.998923939236087
metabuli	marine7	class	Sum of abundances	0.998601599421826
metabuli	marine7	order	Sum of abundances	0.996975610034933
metabuli	marine7	family	Sum of abundances	0.99516552410416
metabuli	marine7	genus	Sum of abundances	0.991017728938311
metabuli	marine7	species	Sum of abundances	0.957911354811397
metabuli	marine7	phylum	Taxon counts	57
metabuli	marine7	class	Taxon counts	121
metabuli	marine7	order	Taxon counts	296
metabuli	marine7	family	Taxon counts	633
metabuli	marine7	genus	Taxon counts	2213
metabuli	marine7	species	Taxon counts	6702
sylph	marine7	kingdom	Bray-Curtis distance	0.00507087690272582
sylph	marine7	phylum	Bray-Curtis distance	0.0143508600903445
sylph	marine7	class	Bray-Curtis distance	0.0190161907267607
sylph	marine7	order	Bray-Curtis distance	0.0281249793910016
sylph	marine7	family	Bray-Curtis distance	0.0330490208587953
sylph	marine7	genus	Bray-Curtis distance	0.03882928560034
sylph	marine7	species	Bray-Curtis distance	0.0468654669232071
sylph	marine7	phylum	Shannon diversity	1.62125969867616
sylph	marine7	phylum	Shannon equitability	0.503672644390543
sylph	marine7	class	Shannon diversity	2.02244593369361
sylph	marine7	class	Shannon equitability	0.568846115405749
sylph	marine7	order	Shannon diversity	3.17640958569649
sylph	marine7	order	Shannon equitability	0.738002218115109
sylph	marine7	family	Shannon diversity	3.6494557658233
sylph	marine7	family	Shannon equitability	0.758378211705247
sylph	marine7	genus	Shannon diversity	4.0633096856332
sylph	marine7	genus	Shannon equitability	0.755925438173498
sylph	marine7	species	Shannon diversity	4.53662532773085
sylph	marine7	species	Shannon equitability	0.787758761281405
sylph	marine7	kingdom	True positives	2
sylph	marine7	kingdom	False negatives	0
sylph	marine7	kingdom	False positives	0
sylph	marine7	kingdom	Completeness	1
sylph	marine7	kingdom	Purity	1
sylph	marine7	kingdom	F1 score	1
sylph	marine7	kingdom	Jaccard index	1
sylph	marine7	phylum	True positives	25
sylph	marine7	phylum	False negatives	0
sylph	marine7	phylum	False positives	0
sylph	marine7	phylum	Completeness	1
sylph	marine7	phylum	Purity	1
sylph	marine7	phylum	F1 score	1
sylph	marine7	phylum	Jaccard index	1
sylph	marine7	class	True positives	35
sylph	marine7	class	False negatives	0
sylph	marine7	class	False positives	0
sylph	marine7	class	Completeness	1
sylph	marine7	class	Purity	1
sylph	marine7	class	F1 score	1
sylph	marine7	class	Jaccard index	1
sylph	marine7	order	True positives	74
sylph	marine7	order	False negatives	0
sylph	marine7	order	False positives	0
sylph	marine7	order	Completeness	1
sylph	marine7	order	Purity	1
sylph	marine7	order	F1 score	1
sylph	marine7	order	Jaccard index	1
sylph	marine7	family	True positives	123
sylph	marine7	family	False negatives	3
sylph	marine7	family	False positives	0
sylph	marine7	family	Completeness	0.976190476190476
sylph	marine7	family	Purity	1
sylph	marine7	family	F1 score	0.987951807228916
sylph	marine7	family	Jaccard index	0.976190476190476
sylph	marine7	genus	True positives	216
sylph	marine7	genus	False negatives	7
sylph	marine7	genus	False positives	0
sylph	marine7	genus	Completeness	0.968609865470852
sylph	marine7	genus	Purity	1
sylph	marine7	genus	F1 score	0.984054669703872
sylph	marine7	genus	Jaccard index	0.968609865470852
sylph	marine7	species	True positives	313
sylph	marine7	species	False negatives	4
sylph	marine7	species	False positives	4
sylph	marine7	species	Completeness	0.987381703470031
sylph	marine7	species	Purity	0.987381703470031
sylph	marine7	species	F1 score	0.987381703470031
sylph	marine7	species	Jaccard index	0.975077881619938
sylph	marine7	kingdom	L1 norm error	0.0101417538054516
sylph	marine7	phylum	L1 norm error	0.028701720180689
sylph	marine7	class	L1 norm error	0.0380323814535214
sylph	marine7	order	L1 norm error	0.0562499587820031
sylph	marine7	family	L1 norm error	0.0660980417175905
sylph	marine7	genus	L1 norm error	0.07765857120068
sylph	marine7	species	L1 norm error	0.0917853013277124
sylph	marine7	na	Weighted UniFrac error	0.00316776087331881
sylph	marine7	na	Unweighted UniFrac error	0.0579904087236837
sylph	marine7	na	Weighted UniFrac (CAMI)	0.368667728467648
sylph	marine7	na	Unweighted UniFrac (CAMI)	177
sylph	marine7	phylum	Sum of abundances	1
sylph	marine7	class	Sum of abundances	1
sylph	marine7	order	Sum of abundances	1
sylph	marine7	family	Sum of abundances	1
sylph	marine7	genus	Sum of abundances	1
sylph	marine7	species	Sum of abundances	1
sylph	marine7	phylum	Taxon counts	25
sylph	marine7	class	Taxon counts	35
sylph	marine7	order	Taxon counts	74
sylph	marine7	family	Taxon counts	123
sylph	marine7	genus	Taxon counts	216
sylph	marine7	species	Taxon counts	317
singlem	marine8	kingdom	Bray-Curtis distance	0.00111232814338668
singlem	marine8	phylum	Bray-Curtis distance	0.00758584213671042
singlem	marine8	class	Bray-Curtis distance	0.00965406518059475
singlem	marine8	order	Bray-Curtis distance	0.0172380476236269
singlem	marine8	family	Bray-Curtis distance	0.0260197003584535
singlem	marine8	genus	Bray-Curtis distance	0.043182500637854
singlem	marine8	species	Bray-Curtis distance	0.168709859642529
singlem	marine8	phylum	Shannon diversity	1.52128575318824
singlem	marine8	phylum	Shannon equitability	0.466924701412333
singlem	marine8	class	Shannon diversity	1.84908148823406
singlem	marine8	class	Shannon equitability	0.508326512978911
singlem	marine8	order	Shannon diversity	3.02441985044758
singlem	marine8	order	Shannon equitability	0.702689151988649
singlem	marine8	family	Shannon diversity	3.51014299191549
singlem	marine8	family	Shannon equitability	0.735773430487167
singlem	marine8	genus	Shannon diversity	3.79549195442684
singlem	marine8	genus	Shannon equitability	0.714350614186304
singlem	marine8	species	Shannon diversity	3.27930478289903
singlem	marine8	species	Shannon equitability	0.60497806643427
singlem	marine8	kingdom	True positives	2
singlem	marine8	kingdom	False negatives	0
singlem	marine8	kingdom	False positives	0
singlem	marine8	kingdom	Completeness	1
singlem	marine8	kingdom	Purity	1
singlem	marine8	kingdom	F1 score	1
singlem	marine8	kingdom	Jaccard index	1
singlem	marine8	phylum	True positives	26
singlem	marine8	phylum	False negatives	4
singlem	marine8	phylum	False positives	0
singlem	marine8	phylum	Completeness	0.866666666666667
singlem	marine8	phylum	Purity	1
singlem	marine8	phylum	F1 score	0.928571428571429
singlem	marine8	phylum	Jaccard index	0.866666666666667
singlem	marine8	class	True positives	38
singlem	marine8	class	False negatives	7
singlem	marine8	class	False positives	0
singlem	marine8	class	Completeness	0.844444444444445
singlem	marine8	class	Purity	1
singlem	marine8	class	F1 score	0.91566265060241
singlem	marine8	class	Jaccard index	0.844444444444445
singlem	marine8	order	True positives	74
singlem	marine8	order	False negatives	9
singlem	marine8	order	False positives	0
singlem	marine8	order	Completeness	0.891566265060241
singlem	marine8	order	Purity	1
singlem	marine8	order	F1 score	0.942675159235669
singlem	marine8	order	Jaccard index	0.891566265060241
singlem	marine8	family	True positives	118
singlem	marine8	family	False negatives	22
singlem	marine8	family	False positives	0
singlem	marine8	family	Completeness	0.842857142857143
singlem	marine8	family	Purity	1
singlem	marine8	family	F1 score	0.914728682170543
singlem	marine8	family	Jaccard index	0.842857142857143
singlem	marine8	genus	True positives	201
singlem	marine8	genus	False negatives	60
singlem	marine8	genus	False positives	2
singlem	marine8	genus	Completeness	0.770114942528736
singlem	marine8	genus	Purity	0.990147783251231
singlem	marine8	genus	F1 score	0.866379310344828
singlem	marine8	genus	Jaccard index	0.76425855513308
singlem	marine8	species	True positives	219
singlem	marine8	species	False negatives	171
singlem	marine8	species	False positives	7
singlem	marine8	species	Completeness	0.561538461538462
singlem	marine8	species	Purity	0.969026548672566
singlem	marine8	species	F1 score	0.711038961038961
singlem	marine8	species	Jaccard index	0.551637279596977
singlem	marine8	kingdom	L1 norm error	0.00222465628677336
singlem	marine8	phylum	L1 norm error	0.0151395117984286
singlem	marine8	class	L1 norm error	0.0192307518154772
singlem	marine8	order	L1 norm error	0.0341947803305222
singlem	marine8	family	L1 norm error	0.0513132336512198
singlem	marine8	genus	L1 norm error	0.0839460512325628
singlem	marine8	species	L1 norm error	0.282600790429777
singlem	marine8	na	Weighted UniFrac error	0.00312824941214625
singlem	marine8	na	Unweighted UniFrac error	0.284905717485396
singlem	marine8	na	Weighted UniFrac (CAMI)	0.488649775544758
singlem	marine8	na	Unweighted UniFrac (CAMI)	1123
singlem	marine8	phylum	Sum of abundances	0.995758878920442
singlem	marine8	class	Sum of abundances	0.991984874323423
singlem	marine8	order	Sum of abundances	0.983680581300511
singlem	marine8	family	Sum of abundances	0.972091643805145
singlem	marine8	genus	Sum of abundances	0.94398309483206
singlem	marine8	species	Sum of abundances	0.720538296137021
singlem	marine8	phylum	Taxon counts	26
singlem	marine8	class	Taxon counts	38
singlem	marine8	order	Taxon counts	74
singlem	marine8	family	Taxon counts	118
singlem	marine8	genus	Taxon counts	203
singlem	marine8	species	Taxon counts	226
metaphlan	marine8	kingdom	Bray-Curtis distance	0.00812443581299326
metaphlan	marine8	phylum	Bray-Curtis distance	0.0206220037835091
metaphlan	marine8	class	Bray-Curtis distance	0.0213011262518214
metaphlan	marine8	order	Bray-Curtis distance	0.0518891607835677
metaphlan	marine8	family	Bray-Curtis distance	0.0598336662301044
metaphlan	marine8	genus	Bray-Curtis distance	0.0652224840047845
metaphlan	marine8	species	Bray-Curtis distance	0.0781371943513852
metaphlan	marine8	phylum	Shannon diversity	1.52259516851246
metaphlan	marine8	phylum	Shannon equitability	0.461975282884181
metaphlan	marine8	class	Shannon diversity	1.87870749050923
metaphlan	marine8	class	Shannon equitability	0.502641400224153
metaphlan	marine8	order	Shannon diversity	3.07675969973488
metaphlan	marine8	order	Shannon equitability	0.702131674734527
metaphlan	marine8	family	Shannon diversity	3.56322282994551
metaphlan	marine8	family	Shannon equitability	0.727509060214918
metaphlan	marine8	genus	Shannon diversity	3.96810884075582
metaphlan	marine8	genus	Shannon equitability	0.721309323956073
metaphlan	marine8	species	Shannon diversity	4.40151010738999
metaphlan	marine8	species	Shannon equitability	0.742629499356596
metaphlan	marine8	kingdom	True positives	2
metaphlan	marine8	kingdom	False negatives	0
metaphlan	marine8	kingdom	False positives	0
metaphlan	marine8	kingdom	Completeness	1
metaphlan	marine8	kingdom	Purity	1
metaphlan	marine8	kingdom	F1 score	1
metaphlan	marine8	kingdom	Jaccard index	1
metaphlan	marine8	phylum	True positives	27
metaphlan	marine8	phylum	False negatives	3
metaphlan	marine8	phylum	False positives	0
metaphlan	marine8	phylum	Completeness	0.9
metaphlan	marine8	phylum	Purity	1
metaphlan	marine8	phylum	F1 score	0.947368421052632
metaphlan	marine8	phylum	Jaccard index	0.9
metaphlan	marine8	class	True positives	42
metaphlan	marine8	class	False negatives	3
metaphlan	marine8	class	False positives	0
metaphlan	marine8	class	Completeness	0.933333333333333
metaphlan	marine8	class	Purity	1
metaphlan	marine8	class	F1 score	0.96551724137931
metaphlan	marine8	class	Jaccard index	0.933333333333333
metaphlan	marine8	order	True positives	80
metaphlan	marine8	order	False negatives	3
metaphlan	marine8	order	False positives	0
metaphlan	marine8	order	Completeness	0.963855421686747
metaphlan	marine8	order	Purity	1
metaphlan	marine8	order	F1 score	0.98159509202454
metaphlan	marine8	order	Jaccard index	0.963855421686747
metaphlan	marine8	family	True positives	134
metaphlan	marine8	family	False negatives	6
metaphlan	marine8	family	False positives	0
metaphlan	marine8	family	Completeness	0.957142857142857
metaphlan	marine8	family	Purity	1
metaphlan	marine8	family	F1 score	0.978102189781022
metaphlan	marine8	family	Jaccard index	0.957142857142857
metaphlan	marine8	genus	True positives	245
metaphlan	marine8	genus	False negatives	16
metaphlan	marine8	genus	False positives	0
metaphlan	marine8	genus	Completeness	0.938697318007663
metaphlan	marine8	genus	Purity	1
metaphlan	marine8	genus	F1 score	0.968379446640316
metaphlan	marine8	genus	Jaccard index	0.938697318007663
metaphlan	marine8	species	True positives	355
metaphlan	marine8	species	False negatives	35
metaphlan	marine8	species	False positives	20
metaphlan	marine8	species	Completeness	0.91025641025641
metaphlan	marine8	species	Purity	0.946666666666667
metaphlan	marine8	species	F1 score	0.928104575163399
metaphlan	marine8	species	Jaccard index	0.865853658536585
metaphlan	marine8	kingdom	L1 norm error	0.0162488716259865
metaphlan	marine8	phylum	L1 norm error	0.0412440075670183
metaphlan	marine8	class	L1 norm error	0.0426022525036429
metaphlan	marine8	order	L1 norm error	0.103778321567135
metaphlan	marine8	family	L1 norm error	0.119667332460209
metaphlan	marine8	genus	L1 norm error	0.130444968009569
metaphlan	marine8	species	L1 norm error	0.152678949329432
metaphlan	marine8	na	Weighted UniFrac error	0.00505756228617838
metaphlan	marine8	na	Unweighted UniFrac error	0.0954044210377634
metaphlan	marine8	na	Weighted UniFrac (CAMI)	0.606664703062994
metaphlan	marine8	na	Unweighted UniFrac (CAMI)	340
metaphlan	marine8	phylum	Sum of abundances	1
metaphlan	marine8	class	Sum of abundances	1
metaphlan	marine8	order	Sum of abundances	1
metaphlan	marine8	family	Sum of abundances	1
metaphlan	marine8	genus	Sum of abundances	1
metaphlan	marine8	species	Sum of abundances	0.999454056934034
metaphlan	marine8	phylum	Taxon counts	27
metaphlan	marine8	class	Taxon counts	42
metaphlan	marine8	order	Taxon counts	80
metaphlan	marine8	family	Taxon counts	134
metaphlan	marine8	genus	Taxon counts	245
metaphlan	marine8	species	Taxon counts	375
kraken	marine8	kingdom	Bray-Curtis distance	0.0551548312945693
kraken	marine8	phylum	Bray-Curtis distance	0.073217208546956
kraken	marine8	class	Bray-Curtis distance	0.075846853773451
kraken	marine8	order	Bray-Curtis distance	0.168602753845444
kraken	marine8	family	Bray-Curtis distance	0.175373796830906
kraken	marine8	genus	Bray-Curtis distance	0.183356274756137
kraken	marine8	species	Bray-Curtis distance	0.212088325691523
kraken	marine8	phylum	Shannon diversity	1.40630329467458
kraken	marine8	phylum	Shannon equitability	0.363273126534125
kraken	marine8	class	Shannon diversity	1.78571056567671
kraken	marine8	class	Shannon equitability	0.406355951070235
kraken	marine8	order	Shannon diversity	3.03759512336303
kraken	marine8	order	Shannon equitability	0.600007526485251
kraken	marine8	family	Shannon diversity	3.7144730973224
kraken	marine8	family	Shannon equitability	0.672247712222133
kraken	marine8	genus	Shannon diversity	4.23133096619095
kraken	marine8	genus	Shannon equitability	0.680431429059424
kraken	marine8	species	Shannon diversity	5.05712490103973
kraken	marine8	species	Shannon equitability	0.684877047809897
kraken	marine8	kingdom	True positives	2
kraken	marine8	kingdom	False negatives	0
kraken	marine8	kingdom	False positives	0
kraken	marine8	kingdom	Completeness	1
kraken	marine8	kingdom	Purity	1
kraken	marine8	kingdom	F1 score	1
kraken	marine8	kingdom	Jaccard index	1
kraken	marine8	phylum	True positives	30
kraken	marine8	phylum	False negatives	0
kraken	marine8	phylum	False positives	18
kraken	marine8	phylum	Completeness	1
kraken	marine8	phylum	Purity	0.625
kraken	marine8	phylum	F1 score	0.769230769230769
kraken	marine8	phylum	Jaccard index	0.625
kraken	marine8	class	True positives	45
kraken	marine8	class	False negatives	0
kraken	marine8	class	False positives	36
kraken	marine8	class	Completeness	1
kraken	marine8	class	Purity	0.555555555555556
kraken	marine8	class	F1 score	0.714285714285714
kraken	marine8	class	Jaccard index	0.555555555555556
kraken	marine8	order	True positives	82
kraken	marine8	order	False negatives	1
kraken	marine8	order	False positives	76
kraken	marine8	order	Completeness	0.987951807228916
kraken	marine8	order	Purity	0.518987341772152
kraken	marine8	order	F1 score	0.680497925311203
kraken	marine8	order	Jaccard index	0.515723270440252
kraken	marine8	family	True positives	138
kraken	marine8	family	False negatives	2
kraken	marine8	family	False positives	113
kraken	marine8	family	Completeness	0.985714285714286
kraken	marine8	family	Purity	0.549800796812749
kraken	marine8	family	F1 score	0.705882352941176
kraken	marine8	family	Jaccard index	0.545454545454545
kraken	marine8	genus	True positives	256
kraken	marine8	genus	False negatives	5
kraken	marine8	genus	False positives	246
kraken	marine8	genus	Completeness	0.980842911877395
kraken	marine8	genus	Purity	0.50996015936255
kraken	marine8	genus	F1 score	0.671035386631717
kraken	marine8	genus	Jaccard index	0.504930966469428
kraken	marine8	species	True positives	388
kraken	marine8	species	False negatives	2
kraken	marine8	species	False positives	1222
kraken	marine8	species	Completeness	0.994871794871795
kraken	marine8	species	Purity	0.240993788819876
kraken	marine8	species	F1 score	0.388
kraken	marine8	species	Jaccard index	0.240694789081886
kraken	marine8	kingdom	L1 norm error	0.110309662589139
kraken	marine8	phylum	L1 norm error	0.14643148840557
kraken	marine8	class	L1 norm error	0.151684605924449
kraken	marine8	order	L1 norm error	0.337144810699503
kraken	marine8	family	L1 norm error	0.350621324528094
kraken	marine8	genus	L1 norm error	0.366322000647043
kraken	marine8	species	L1 norm error	0.413205640719239
kraken	marine8	na	Weighted UniFrac error	0.0177938456798643
kraken	marine8	na	Unweighted UniFrac error	3.45083367803707
kraken	marine8	na	Weighted UniFrac (CAMI)	1.87496614668774
kraken	marine8	na	Unweighted UniFrac (CAMI)	10636.95241
kraken	marine8	phylum	Sum of abundances	0.99996
kraken	marine8	class	Sum of abundances	0.999880000000001
kraken	marine8	order	Sum of abundances	0.999640000000003
kraken	marine8	family	Sum of abundances	0.999280000000004
kraken	marine8	genus	Sum of abundances	0.997870000000004
kraken	marine8	species	Sum of abundances	0.993740000000011
kraken	marine8	phylum	Taxon counts	48
kraken	marine8	class	Taxon counts	81
kraken	marine8	order	Taxon counts	158
kraken	marine8	family	Taxon counts	251
kraken	marine8	genus	Taxon counts	502
kraken	marine8	species	Taxon counts	1610
sourmash	marine8	kingdom	Bray-Curtis distance	0.0464660333406051
sourmash	marine8	phylum	Bray-Curtis distance	0.0619278858202887
sourmash	marine8	class	Bray-Curtis distance	0.0652538826331203
sourmash	marine8	order	Bray-Curtis distance	0.159549794772484
sourmash	marine8	family	Bray-Curtis distance	0.180812378429909
sourmash	marine8	genus	Bray-Curtis distance	0.210485773485146
sourmash	marine8	species	Bray-Curtis distance	0.252910374715791
sourmash	marine8	phylum	Shannon diversity	1.38894762920518
sourmash	marine8	phylum	Shannon equitability	0.490237571455408
sourmash	marine8	class	Shannon diversity	1.76891365454852
sourmash	marine8	class	Shannon equitability	0.530853868406628
sourmash	marine8	order	Shannon diversity	3.01169502396187
sourmash	marine8	order	Shannon equitability	0.748181837351917
sourmash	marine8	family	Shannon diversity	3.59887284643717
sourmash	marine8	family	Shannon equitability	0.818958809117324
sourmash	marine8	genus	Shannon diversity	3.8808254413065
sourmash	marine8	genus	Shannon equitability	0.814927277844445
sourmash	marine8	species	Shannon diversity	4.00235662779749
sourmash	marine8	species	Shannon equitability	0.805333397159798
sourmash	marine8	kingdom	True positives	2
sourmash	marine8	kingdom	False negatives	0
sourmash	marine8	kingdom	False positives	0
sourmash	marine8	kingdom	Completeness	1
sourmash	marine8	kingdom	Purity	1
sourmash	marine8	kingdom	F1 score	1
sourmash	marine8	kingdom	Jaccard index	1
sourmash	marine8	phylum	True positives	17
sourmash	marine8	phylum	False negatives	13
sourmash	marine8	phylum	False positives	0
sourmash	marine8	phylum	Completeness	0.566666666666667
sourmash	marine8	phylum	Purity	1
sourmash	marine8	phylum	F1 score	0.723404255319149
sourmash	marine8	phylum	Jaccard index	0.566666666666667
sourmash	marine8	class	True positives	28
sourmash	marine8	class	False negatives	17
sourmash	marine8	class	False positives	0
sourmash	marine8	class	Completeness	0.622222222222222
sourmash	marine8	class	Purity	1
sourmash	marine8	class	F1 score	0.767123287671233
sourmash	marine8	class	Jaccard index	0.622222222222222
sourmash	marine8	order	True positives	56
sourmash	marine8	order	False negatives	27
sourmash	marine8	order	False positives	0
sourmash	marine8	order	Completeness	0.674698795180723
sourmash	marine8	order	Purity	1
sourmash	marine8	order	F1 score	0.805755395683453
sourmash	marine8	order	Jaccard index	0.674698795180723
sourmash	marine8	family	True positives	81
sourmash	marine8	family	False negatives	59
sourmash	marine8	family	False positives	0
sourmash	marine8	family	Completeness	0.578571428571429
sourmash	marine8	family	Purity	1
sourmash	marine8	family	F1 score	0.733031674208145
sourmash	marine8	family	Jaccard index	0.578571428571429
sourmash	marine8	genus	True positives	117
sourmash	marine8	genus	False negatives	144
sourmash	marine8	genus	False positives	0
sourmash	marine8	genus	Completeness	0.448275862068966
sourmash	marine8	genus	Purity	1
sourmash	marine8	genus	F1 score	0.619047619047619
sourmash	marine8	genus	Jaccard index	0.448275862068966
sourmash	marine8	species	True positives	139
sourmash	marine8	species	False negatives	251
sourmash	marine8	species	False positives	5
sourmash	marine8	species	Completeness	0.356410256410256
sourmash	marine8	species	Purity	0.965277777777778
sourmash	marine8	species	F1 score	0.52059925093633
sourmash	marine8	species	Jaccard index	0.351898734177215
sourmash	marine8	kingdom	L1 norm error	0.0929320666812102
sourmash	marine8	phylum	L1 norm error	0.123697388300884
sourmash	marine8	class	L1 norm error	0.130173985815432
sourmash	marine8	order	L1 norm error	0.318283478062755
sourmash	marine8	family	L1 norm error	0.360237449608437
sourmash	marine8	genus	L1 norm error	0.415049952319815
sourmash	marine8	species	L1 norm error	0.471682258306817
sourmash	marine8	na	Weighted UniFrac error	0.0170222017239957
sourmash	marine8	na	Unweighted UniFrac error	0.574598022791892
sourmash	marine8	na	Weighted UniFrac (CAMI)	1.91205657909534
sourmash	marine8	na	Unweighted UniFrac (CAMI)	1829.21227621483
sourmash	marine8	phylum	Sum of abundances	0.997442455242967
sourmash	marine8	class	Sum of abundances	0.994884910485934
sourmash	marine8	order	Sum of abundances	0.994884910485934
sourmash	marine8	family	Sum of abundances	0.992327365728901
sourmash	marine8	genus	Sum of abundances	0.971867007672636
sourmash	marine8	species	Sum of abundances	0.910485933503838
sourmash	marine8	phylum	Taxon counts	17
sourmash	marine8	class	Taxon counts	28
sourmash	marine8	order	Taxon counts	56
sourmash	marine8	family	Taxon counts	81
sourmash	marine8	genus	Taxon counts	117
sourmash	marine8	species	Taxon counts	144
metabuli	marine8	kingdom	Bray-Curtis distance	0.0563341392949704
metabuli	marine8	phylum	Bray-Curtis distance	0.0764421395620809
metabuli	marine8	class	Bray-Curtis distance	0.0793012256499401
metabuli	marine8	order	Bray-Curtis distance	0.176320253992288
metabuli	marine8	family	Bray-Curtis distance	0.184975825546321
metabuli	marine8	genus	Bray-Curtis distance	0.201911175365211
metabuli	marine8	species	Bray-Curtis distance	0.239125012096709
metabuli	marine8	phylum	Shannon diversity	1.384604942928
metabuli	marine8	phylum	Shannon equitability	0.342465343920705
metabuli	marine8	class	Shannon diversity	1.75194558996422
metabuli	marine8	class	Shannon equitability	0.365309029513969
metabuli	marine8	order	Shannon diversity	2.99465584856213
metabuli	marine8	order	Shannon equitability	0.526268309163935
metabuli	marine8	family	Shannon diversity	3.68531476960729
metabuli	marine8	family	Shannon equitability	0.571324962123037
metabuli	marine8	genus	Shannon diversity	4.20117977858866
metabuli	marine8	genus	Shannon equitability	0.545426702098492
metabuli	marine8	species	Shannon diversity	4.74753364876471
metabuli	marine8	species	Shannon equitability	0.538678946990016
metabuli	marine8	kingdom	True positives	2
metabuli	marine8	kingdom	False negatives	0
metabuli	marine8	kingdom	False positives	0
metabuli	marine8	kingdom	Completeness	1
metabuli	marine8	kingdom	Purity	1
metabuli	marine8	kingdom	F1 score	1
metabuli	marine8	kingdom	Jaccard index	1
metabuli	marine8	phylum	True positives	28
metabuli	marine8	phylum	False negatives	2
metabuli	marine8	phylum	False positives	29
metabuli	marine8	phylum	Completeness	0.933333333333333
metabuli	marine8	phylum	Purity	0.491228070175439
metabuli	marine8	phylum	F1 score	0.64367816091954
metabuli	marine8	phylum	Jaccard index	0.474576271186441
metabuli	marine8	class	True positives	43
metabuli	marine8	class	False negatives	2
metabuli	marine8	class	False positives	78
metabuli	marine8	class	Completeness	0.955555555555556
metabuli	marine8	class	Purity	0.355371900826446
metabuli	marine8	class	F1 score	0.518072289156627
metabuli	marine8	class	Jaccard index	0.349593495934959
metabuli	marine8	order	True positives	80
metabuli	marine8	order	False negatives	3
metabuli	marine8	order	False positives	216
metabuli	marine8	order	Completeness	0.963855421686747
metabuli	marine8	order	Purity	0.27027027027027
metabuli	marine8	order	F1 score	0.422163588390501
metabuli	marine8	order	Jaccard index	0.267558528428094
metabuli	marine8	family	True positives	134
metabuli	marine8	family	False negatives	6
metabuli	marine8	family	False positives	499
metabuli	marine8	family	Completeness	0.957142857142857
metabuli	marine8	family	Purity	0.211690363349131
metabuli	marine8	family	F1 score	0.346701164294955
metabuli	marine8	family	Jaccard index	0.209702660406886
metabuli	marine8	genus	True positives	248
metabuli	marine8	genus	False negatives	13
metabuli	marine8	genus	False positives	1966
metabuli	marine8	genus	Completeness	0.950191570881226
metabuli	marine8	genus	Purity	0.112014453477868
metabuli	marine8	genus	F1 score	0.20040404040404
metabuli	marine8	genus	Jaccard index	0.111360574764257
metabuli	marine8	species	True positives	355
metabuli	marine8	species	False negatives	35
metabuli	marine8	species	False positives	6368
metabuli	marine8	species	Completeness	0.91025641025641
metabuli	marine8	species	Purity	0.0528038078238881
metabuli	marine8	species	F1 score	0.0998172360466751
metabuli	marine8	species	Jaccard index	0.052530334418467
metabuli	marine8	kingdom	L1 norm error	0.112668278589941
metabuli	marine8	phylum	L1 norm error	0.152802330742385
metabuli	marine8	class	L1 norm error	0.158494549092588
metabuli	marine8	order	L1 norm error	0.352132458915136
metabuli	marine8	family	L1 norm error	0.369094666600671
metabuli	marine8	genus	L1 norm error	0.401991412612303
metabuli	marine8	species	L1 norm error	0.45777080902861
metabuli	marine8	na	Weighted UniFrac error	0.0187651592451468
metabuli	marine8	na	Unweighted UniFrac error	15.9657636934128
metabuli	marine8	na	Weighted UniFrac (CAMI)	2.00495450558155
metabuli	marine8	na	Unweighted UniFrac (CAMI)	50065
metabuli	marine8	phylum	Sum of abundances	0.998927968496882
metabuli	marine8	class	Sum of abundances	0.998639337457801
metabuli	marine8	order	Sum of abundances	0.997118600626211
metabuli	marine8	family	Sum of abundances	0.99536704599404
metabuli	marine8	genus	Sum of abundances	0.990931962459196
metabuli	marine8	species	Sum of abundances	0.959826202215436
metabuli	marine8	phylum	Taxon counts	57
metabuli	marine8	class	Taxon counts	121
metabuli	marine8	order	Taxon counts	296
metabuli	marine8	family	Taxon counts	633
metabuli	marine8	genus	Taxon counts	2214
metabuli	marine8	species	Taxon counts	6723
sylph	marine8	kingdom	Bray-Curtis distance	0.00761642520794368
sylph	marine8	phylum	Bray-Curtis distance	0.0172890823253282
sylph	marine8	class	Bray-Curtis distance	0.0201684155489495
sylph	marine8	order	Bray-Curtis distance	0.0376334323352071
sylph	marine8	family	Bray-Curtis distance	0.0410814630943812
sylph	marine8	genus	Bray-Curtis distance	0.0490537800169243
sylph	marine8	species	Bray-Curtis distance	0.0560330556724192
sylph	marine8	phylum	Shannon diversity	1.58232583392917
sylph	marine8	phylum	Shannon equitability	0.465226111974686
sylph	marine8	class	Shannon diversity	1.94235701158146
sylph	marine8	class	Shannon equitability	0.510251963971372
sylph	marine8	order	Shannon diversity	3.13488565456948
sylph	marine8	order	Shannon equitability	0.70943623742352
sylph	marine8	family	Shannon diversity	3.63369234280093
sylph	marine8	family	Shannon equitability	0.737468085669512
sylph	marine8	genus	Shannon diversity	4.06546282765152
sylph	marine8	genus	Shannon equitability	0.736836889039225
sylph	marine8	species	Shannon diversity	4.5560684941724
sylph	marine8	species	Shannon equitability	0.76530862898408
sylph	marine8	kingdom	True positives	2
sylph	marine8	kingdom	False negatives	0
sylph	marine8	kingdom	False positives	0
sylph	marine8	kingdom	Completeness	1
sylph	marine8	kingdom	Purity	1
sylph	marine8	kingdom	F1 score	1
sylph	marine8	kingdom	Jaccard index	1
sylph	marine8	phylum	True positives	30
sylph	marine8	phylum	False negatives	0
sylph	marine8	phylum	False positives	0
sylph	marine8	phylum	Completeness	1
sylph	marine8	phylum	Purity	1
sylph	marine8	phylum	F1 score	1
sylph	marine8	phylum	Jaccard index	1
sylph	marine8	class	True positives	45
sylph	marine8	class	False negatives	0
sylph	marine8	class	False positives	0
sylph	marine8	class	Completeness	1
sylph	marine8	class	Purity	1
sylph	marine8	class	F1 score	1
sylph	marine8	class	Jaccard index	1
sylph	marine8	order	True positives	83
sylph	marine8	order	False negatives	0
sylph	marine8	order	False positives	0
sylph	marine8	order	Completeness	1
sylph	marine8	order	Purity	1
sylph	marine8	order	F1 score	1
sylph	marine8	order	Jaccard index	1
sylph	marine8	family	True positives	138
sylph	marine8	family	False negatives	2
sylph	marine8	family	False positives	0
sylph	marine8	family	Completeness	0.985714285714286
sylph	marine8	family	Purity	1
sylph	marine8	family	F1 score	0.992805755395683
sylph	marine8	family	Jaccard index	0.985714285714286
sylph	marine8	genus	True positives	249
sylph	marine8	genus	False negatives	12
sylph	marine8	genus	False positives	0
sylph	marine8	genus	Completeness	0.954022988505747
sylph	marine8	genus	Purity	1
sylph	marine8	genus	F1 score	0.976470588235294
sylph	marine8	genus	Jaccard index	0.954022988505747
sylph	marine8	species	True positives	383
sylph	marine8	species	False negatives	7
sylph	marine8	species	False positives	2
sylph	marine8	species	Completeness	0.982051282051282
sylph	marine8	species	Purity	0.994805194805195
sylph	marine8	species	F1 score	0.988387096774194
sylph	marine8	species	Jaccard index	0.977040816326531
sylph	marine8	kingdom	L1 norm error	0.0152328504158874
sylph	marine8	phylum	L1 norm error	0.0345781646506564
sylph	marine8	class	L1 norm error	0.0403368310978991
sylph	marine8	order	L1 norm error	0.0752668646704143
sylph	marine8	family	L1 norm error	0.0821629261887624
sylph	marine8	genus	L1 norm error	0.0981075600338487
sylph	marine8	species	L1 norm error	0.10951837243007
sylph	marine8	na	Weighted UniFrac error	0.00396247552028662
sylph	marine8	na	Unweighted UniFrac error	0.0497069120332536
sylph	marine8	na	Weighted UniFrac (CAMI)	0.455203569487539
sylph	marine8	na	Unweighted UniFrac (CAMI)	215
sylph	marine8	phylum	Sum of abundances	1
sylph	marine8	class	Sum of abundances	1
sylph	marine8	order	Sum of abundances	1
sylph	marine8	family	Sum of abundances	1
sylph	marine8	genus	Sum of abundances	1
sylph	marine8	species	Sum of abundances	1
sylph	marine8	phylum	Taxon counts	30
sylph	marine8	class	Taxon counts	45
sylph	marine8	order	Taxon counts	83
sylph	marine8	family	Taxon counts	138
sylph	marine8	genus	Taxon counts	249
sylph	marine8	species	Taxon counts	385
singlem	marine9	kingdom	Bray-Curtis distance	0.00596222287909109
singlem	marine9	phylum	Bray-Curtis distance	0.00971328268370035
singlem	marine9	class	Bray-Curtis distance	0.0106919504652003
singlem	marine9	order	Bray-Curtis distance	0.0196425099867201
singlem	marine9	family	Bray-Curtis distance	0.0284043943763329
singlem	marine9	genus	Bray-Curtis distance	0.0437308543938195
singlem	marine9	species	Bray-Curtis distance	0.179175316647496
singlem	marine9	phylum	Shannon diversity	1.6810119574283
singlem	marine9	phylum	Shannon equitability	0.528943827626814
singlem	marine9	class	Shannon diversity	2.03703989372349
singlem	marine9	class	Shannon equitability	0.577660701310515
singlem	marine9	order	Shannon diversity	3.03202498355955
singlem	marine9	order	Shannon equitability	0.729047901272135
singlem	marine9	family	Shannon diversity	3.5501898782484
singlem	marine9	family	Shannon equitability	0.772600061376943
singlem	marine9	genus	Shannon diversity	3.86052606104003
singlem	marine9	genus	Shannon equitability	0.756084466779639
singlem	marine9	species	Shannon diversity	3.29079565616263
singlem	marine9	species	Shannon equitability	0.631692946216533
singlem	marine9	kingdom	True positives	2
singlem	marine9	kingdom	False negatives	0
singlem	marine9	kingdom	False positives	0
singlem	marine9	kingdom	Completeness	1
singlem	marine9	kingdom	Purity	1
singlem	marine9	kingdom	F1 score	1
singlem	marine9	kingdom	Jaccard index	1
singlem	marine9	phylum	True positives	24
singlem	marine9	phylum	False negatives	1
singlem	marine9	phylum	False positives	0
singlem	marine9	phylum	Completeness	0.96
singlem	marine9	phylum	Purity	1
singlem	marine9	phylum	F1 score	0.979591836734694
singlem	marine9	phylum	Jaccard index	0.96
singlem	marine9	class	True positives	34
singlem	marine9	class	False negatives	2
singlem	marine9	class	False positives	0
singlem	marine9	class	Completeness	0.944444444444444
singlem	marine9	class	Purity	1
singlem	marine9	class	F1 score	0.971428571428571
singlem	marine9	class	Jaccard index	0.944444444444444
singlem	marine9	order	True positives	64
singlem	marine9	order	False negatives	8
singlem	marine9	order	False positives	0
singlem	marine9	order	Completeness	0.888888888888889
singlem	marine9	order	Purity	1
singlem	marine9	order	F1 score	0.941176470588235
singlem	marine9	order	Jaccard index	0.888888888888889
singlem	marine9	family	True positives	99
singlem	marine9	family	False negatives	23
singlem	marine9	family	False positives	0
singlem	marine9	family	Completeness	0.811475409836066
singlem	marine9	family	Purity	1
singlem	marine9	family	F1 score	0.895927601809955
singlem	marine9	family	Jaccard index	0.811475409836066
singlem	marine9	genus	True positives	164
singlem	marine9	genus	False negatives	51
singlem	marine9	genus	False positives	1
singlem	marine9	genus	Completeness	0.762790697674419
singlem	marine9	genus	Purity	0.993939393939394
singlem	marine9	genus	F1 score	0.863157894736842
singlem	marine9	genus	Jaccard index	0.759259259259259
singlem	marine9	species	True positives	174
singlem	marine9	species	False negatives	128
singlem	marine9	species	False positives	9
singlem	marine9	species	Completeness	0.576158940397351
singlem	marine9	species	Purity	0.950819672131147
singlem	marine9	species	F1 score	0.717525773195876
singlem	marine9	species	Jaccard index	0.559485530546624
singlem	marine9	kingdom	L1 norm error	0.0119244457581822
singlem	marine9	phylum	L1 norm error	0.0193748993784963
singlem	marine9	class	L1 norm error	0.0212895937443174
singlem	marine9	order	L1 norm error	0.0389487569690439
singlem	marine9	family	L1 norm error	0.0559561518047005
singlem	marine9	genus	L1 norm error	0.0849510513972679
singlem	marine9	species	L1 norm error	0.296491552751456
singlem	marine9	na	Weighted UniFrac error	0.00371529518403048
singlem	marine9	na	Unweighted UniFrac error	0.306030101490628
singlem	marine9	na	Weighted UniFrac (CAMI)	0.528936451803458
singlem	marine9	na	Unweighted UniFrac (CAMI)	898
singlem	marine9	phylum	Sum of abundances	0.994680893104129
singlem	marine9	class	Sum of abundances	0.991179608772969
singlem	marine9	order	Sum of abundances	0.982880853586247
singlem	marine9	family	Sum of abundances	0.969982216953171
singlem	marine9	genus	Sum of abundances	0.94258842126062
singlem	marine9	species	Sum of abundances	0.703315550286504
singlem	marine9	phylum	Taxon counts	24
singlem	marine9	class	Taxon counts	34
singlem	marine9	order	Taxon counts	64
singlem	marine9	family	Taxon counts	99
singlem	marine9	genus	Taxon counts	165
singlem	marine9	species	Taxon counts	183
metaphlan	marine9	kingdom	Bray-Curtis distance	0.00633662954977296
metaphlan	marine9	phylum	Bray-Curtis distance	0.0261438777362662
metaphlan	marine9	class	Bray-Curtis distance	0.0280802575015537
metaphlan	marine9	order	Bray-Curtis distance	0.054034488061537
metaphlan	marine9	family	Bray-Curtis distance	0.065013617229701
metaphlan	marine9	genus	Bray-Curtis distance	0.0720374992630655
metaphlan	marine9	species	Bray-Curtis distance	0.0956575728340349
metaphlan	marine9	phylum	Shannon diversity	1.69473622691224
metaphlan	marine9	phylum	Shannon equitability	0.540500511307762
metaphlan	marine9	class	Shannon diversity	2.08128156586246
metaphlan	marine9	class	Shannon equitability	0.590206687981513
metaphlan	marine9	order	Shannon diversity	3.11563045777255
metaphlan	marine9	order	Shannon equitability	0.733349169592022
metaphlan	marine9	family	Shannon diversity	3.6326241644722
metaphlan	marine9	family	Shannon equitability	0.762807955822065
metaphlan	marine9	genus	Shannon diversity	4.06722814039833
metaphlan	marine9	genus	Shannon equitability	0.765494158600611
metaphlan	marine9	species	Shannon diversity	4.50072718369203
metaphlan	marine9	species	Shannon equitability	0.792834662284219
metaphlan	marine9	kingdom	True positives	2
metaphlan	marine9	kingdom	False negatives	0
metaphlan	marine9	kingdom	False positives	0
metaphlan	marine9	kingdom	Completeness	1
metaphlan	marine9	kingdom	Purity	1
metaphlan	marine9	kingdom	F1 score	1
metaphlan	marine9	kingdom	Jaccard index	1
metaphlan	marine9	phylum	True positives	23
metaphlan	marine9	phylum	False negatives	2
metaphlan	marine9	phylum	False positives	0
metaphlan	marine9	phylum	Completeness	0.92
metaphlan	marine9	phylum	Purity	1
metaphlan	marine9	phylum	F1 score	0.958333333333333
metaphlan	marine9	phylum	Jaccard index	0.92
metaphlan	marine9	class	True positives	34
metaphlan	marine9	class	False negatives	2
metaphlan	marine9	class	False positives	0
metaphlan	marine9	class	Completeness	0.944444444444444
metaphlan	marine9	class	Purity	1
metaphlan	marine9	class	F1 score	0.971428571428571
metaphlan	marine9	class	Jaccard index	0.944444444444444
metaphlan	marine9	order	True positives	70
metaphlan	marine9	order	False negatives	2
metaphlan	marine9	order	False positives	0
metaphlan	marine9	order	Completeness	0.972222222222222
metaphlan	marine9	order	Purity	1
metaphlan	marine9	order	F1 score	0.985915492957746
metaphlan	marine9	order	Jaccard index	0.972222222222222
metaphlan	marine9	family	True positives	117
metaphlan	marine9	family	False negatives	5
metaphlan	marine9	family	False positives	0
metaphlan	marine9	family	Completeness	0.959016393442623
metaphlan	marine9	family	Purity	1
metaphlan	marine9	family	F1 score	0.97907949790795
metaphlan	marine9	family	Jaccard index	0.959016393442623
metaphlan	marine9	genus	True positives	203
metaphlan	marine9	genus	False negatives	12
metaphlan	marine9	genus	False positives	0
metaphlan	marine9	genus	Completeness	0.944186046511628
metaphlan	marine9	genus	Purity	1
metaphlan	marine9	genus	F1 score	0.971291866028708
metaphlan	marine9	genus	Jaccard index	0.944186046511628
metaphlan	marine9	species	True positives	277
metaphlan	marine9	species	False negatives	25
metaphlan	marine9	species	False positives	15
metaphlan	marine9	species	Completeness	0.917218543046358
metaphlan	marine9	species	Purity	0.948630136986301
metaphlan	marine9	species	F1 score	0.932659932659933
metaphlan	marine9	species	Jaccard index	0.873817034700316
metaphlan	marine9	kingdom	L1 norm error	0.0126732590995459
metaphlan	marine9	phylum	L1 norm error	0.0522877554725324
metaphlan	marine9	class	L1 norm error	0.0561605150031074
metaphlan	marine9	order	L1 norm error	0.108068976123074
metaphlan	marine9	family	L1 norm error	0.130027234459402
metaphlan	marine9	genus	L1 norm error	0.144074998526131
metaphlan	marine9	species	L1 norm error	0.186609492280844
metaphlan	marine9	na	Weighted UniFrac error	0.00564308493272237
metaphlan	marine9	na	Unweighted UniFrac error	0.086481159480112
metaphlan	marine9	na	Weighted UniFrac (CAMI)	0.689902230964636
metaphlan	marine9	na	Unweighted UniFrac (CAMI)	242
metaphlan	marine9	phylum	Sum of abundances	1
metaphlan	marine9	class	Sum of abundances	1
metaphlan	marine9	order	Sum of abundances	1
metaphlan	marine9	family	Sum of abundances	1
metaphlan	marine9	genus	Sum of abundances	1
metaphlan	marine9	species	Sum of abundances	0.999366176092303
metaphlan	marine9	phylum	Taxon counts	23
metaphlan	marine9	class	Taxon counts	34
metaphlan	marine9	order	Taxon counts	70
metaphlan	marine9	family	Taxon counts	117
metaphlan	marine9	genus	Taxon counts	203
metaphlan	marine9	species	Taxon counts	292
kraken	marine9	kingdom	Bray-Curtis distance	0.0371613969588856
kraken	marine9	phylum	Bray-Curtis distance	0.0620365430628495
kraken	marine9	class	Bray-Curtis distance	0.0683160028687943
kraken	marine9	order	Bray-Curtis distance	0.148615742903325
kraken	marine9	family	Bray-Curtis distance	0.154756887580599
kraken	marine9	genus	Bray-Curtis distance	0.165290792660168
kraken	marine9	species	Bray-Curtis distance	0.193559037054891
kraken	marine9	phylum	Shannon diversity	1.56876967264571
kraken	marine9	phylum	Shannon equitability	0.397031867527759
kraken	marine9	class	Shannon diversity	1.95404553468033
kraken	marine9	class	Shannon equitability	0.441012486724895
kraken	marine9	order	Shannon diversity	2.96797007054911
kraken	marine9	order	Shannon equitability	0.581970157954777
kraken	marine9	family	Shannon diversity	3.65706715032886
kraken	marine9	family	Shannon equitability	0.652371793916235
kraken	marine9	genus	Shannon diversity	4.15083651422915
kraken	marine9	genus	Shannon equitability	0.662311103989678
kraken	marine9	species	Shannon diversity	5.04144786226854
kraken	marine9	species	Shannon equitability	0.664903121904326
kraken	marine9	kingdom	True positives	2
kraken	marine9	kingdom	False negatives	0
kraken	marine9	kingdom	False positives	0
kraken	marine9	kingdom	Completeness	1
kraken	marine9	kingdom	Purity	1
kraken	marine9	kingdom	F1 score	1
kraken	marine9	kingdom	Jaccard index	1
kraken	marine9	phylum	True positives	25
kraken	marine9	phylum	False negatives	0
kraken	marine9	phylum	False positives	27
kraken	marine9	phylum	Completeness	1
kraken	marine9	phylum	Purity	0.480769230769231
kraken	marine9	phylum	F1 score	0.649350649350649
kraken	marine9	phylum	Jaccard index	0.480769230769231
kraken	marine9	class	True positives	36
kraken	marine9	class	False negatives	0
kraken	marine9	class	False positives	48
kraken	marine9	class	Completeness	1
kraken	marine9	class	Purity	0.428571428571429
kraken	marine9	class	F1 score	0.6
kraken	marine9	class	Jaccard index	0.428571428571429
kraken	marine9	order	True positives	72
kraken	marine9	order	False negatives	0
kraken	marine9	order	False positives	92
kraken	marine9	order	Completeness	1
kraken	marine9	order	Purity	0.439024390243902
kraken	marine9	order	F1 score	0.610169491525424
kraken	marine9	order	Jaccard index	0.439024390243902
kraken	marine9	family	True positives	122
kraken	marine9	family	False negatives	0
kraken	marine9	family	False positives	150
kraken	marine9	family	Completeness	1
kraken	marine9	family	Purity	0.448529411764706
kraken	marine9	family	F1 score	0.619289340101523
kraken	marine9	family	Jaccard index	0.448529411764706
kraken	marine9	genus	True positives	213
kraken	marine9	genus	False negatives	2
kraken	marine9	genus	False positives	314
kraken	marine9	genus	Completeness	0.990697674418605
kraken	marine9	genus	Purity	0.404174573055029
kraken	marine9	genus	F1 score	0.574123989218329
kraken	marine9	genus	Jaccard index	0.402646502835539
kraken	marine9	species	True positives	301
kraken	marine9	species	False negatives	1
kraken	marine9	species	False positives	1662
kraken	marine9	species	Completeness	0.996688741721854
kraken	marine9	species	Purity	0.15333672949567
kraken	marine9	species	F1 score	0.265783664459161
kraken	marine9	species	Jaccard index	0.153258655804481
kraken	marine9	kingdom	L1 norm error	0.0743227939177712
kraken	marine9	phylum	L1 norm error	0.124071845394838
kraken	marine9	class	L1 norm error	0.136621758337158
kraken	marine9	order	L1 norm error	0.297172039509489
kraken	marine9	family	L1 norm error	0.309396159926637
kraken	marine9	genus	L1 norm error	0.330174969970393
kraken	marine9	species	L1 norm error	0.376474482017495
kraken	marine9	na	Weighted UniFrac error	0.0149314471289077
kraken	marine9	na	Unweighted UniFrac error	5.80458336817828
kraken	marine9	na	Weighted UniFrac (CAMI)	1.64703404907372
kraken	marine9	na	Unweighted UniFrac (CAMI)	14046.93891
kraken	marine9	phylum	Sum of abundances	0.999980000000001
kraken	marine9	class	Sum of abundances	0.999850000000001
kraken	marine9	order	Sum of abundances	0.999600000000002
kraken	marine9	family	Sum of abundances	0.999240000000003
kraken	marine9	genus	Sum of abundances	0.997540000000005
kraken	marine9	species	Sum of abundances	0.993570000000014
kraken	marine9	phylum	Taxon counts	52
kraken	marine9	class	Taxon counts	84
kraken	marine9	order	Taxon counts	164
kraken	marine9	family	Taxon counts	272
kraken	marine9	genus	Taxon counts	527
kraken	marine9	species	Taxon counts	1963
sourmash	marine9	kingdom	Bray-Curtis distance	0.030150948410073
sourmash	marine9	phylum	Bray-Curtis distance	0.0610266838908586
sourmash	marine9	class	Bray-Curtis distance	0.0623896458122491
sourmash	marine9	order	Bray-Curtis distance	0.13332979823886
sourmash	marine9	family	Bray-Curtis distance	0.15360811698192
sourmash	marine9	genus	Bray-Curtis distance	0.183023936657875
sourmash	marine9	species	Bray-Curtis distance	0.22469888206942
sourmash	marine9	phylum	Shannon diversity	1.57209063860608
sourmash	marine9	phylum	Shannon equitability	0.567011842036239
sourmash	marine9	class	Shannon diversity	1.99775479838618
sourmash	marine9	class	Shannon equitability	0.613166238345823
sourmash	marine9	order	Shannon diversity	2.97239758099255
sourmash	marine9	order	Shannon equitability	0.767823105185502
sourmash	marine9	family	Shannon diversity	3.50156740685329
sourmash	marine9	family	Shannon equitability	0.826990866444052
sourmash	marine9	genus	Shannon diversity	3.8699441961085
sourmash	marine9	genus	Shannon equitability	0.836749609639411
sourmash	marine9	species	Shannon diversity	4.10533686511168
sourmash	marine9	species	Shannon equitability	0.840774811306932
sourmash	marine9	kingdom	True positives	2
sourmash	marine9	kingdom	False negatives	0
sourmash	marine9	kingdom	False positives	0
sourmash	marine9	kingdom	Completeness	1
sourmash	marine9	kingdom	Purity	1
sourmash	marine9	kingdom	F1 score	1
sourmash	marine9	kingdom	Jaccard index	1
sourmash	marine9	phylum	True positives	16
sourmash	marine9	phylum	False negatives	9
sourmash	marine9	phylum	False positives	0
sourmash	marine9	phylum	Completeness	0.64
sourmash	marine9	phylum	Purity	1
sourmash	marine9	phylum	F1 score	0.780487804878049
sourmash	marine9	phylum	Jaccard index	0.64
sourmash	marine9	class	True positives	26
sourmash	marine9	class	False negatives	10
sourmash	marine9	class	False positives	0
sourmash	marine9	class	Completeness	0.722222222222222
sourmash	marine9	class	Purity	1
sourmash	marine9	class	F1 score	0.838709677419355
sourmash	marine9	class	Jaccard index	0.722222222222222
sourmash	marine9	order	True positives	48
sourmash	marine9	order	False negatives	24
sourmash	marine9	order	False positives	0
sourmash	marine9	order	Completeness	0.666666666666667
sourmash	marine9	order	Purity	1
sourmash	marine9	order	F1 score	0.8
sourmash	marine9	order	Jaccard index	0.666666666666667
sourmash	marine9	family	True positives	69
sourmash	marine9	family	False negatives	53
sourmash	marine9	family	False positives	0
sourmash	marine9	family	Completeness	0.565573770491803
sourmash	marine9	family	Purity	1
sourmash	marine9	family	F1 score	0.722513089005236
sourmash	marine9	family	Jaccard index	0.565573770491803
sourmash	marine9	genus	True positives	102
sourmash	marine9	genus	False negatives	113
sourmash	marine9	genus	False positives	0
sourmash	marine9	genus	Completeness	0.474418604651163
sourmash	marine9	genus	Purity	1
sourmash	marine9	genus	F1 score	0.643533123028391
sourmash	marine9	genus	Jaccard index	0.474418604651163
sourmash	marine9	species	True positives	127
sourmash	marine9	species	False negatives	175
sourmash	marine9	species	False positives	5
sourmash	marine9	species	Completeness	0.420529801324503
sourmash	marine9	species	Purity	0.962121212121212
sourmash	marine9	species	F1 score	0.585253456221198
sourmash	marine9	species	Jaccard index	0.413680781758958
sourmash	marine9	kingdom	L1 norm error	0.060301896820146
sourmash	marine9	phylum	L1 norm error	0.12173132723348
sourmash	marine9	class	L1 norm error	0.124450058665067
sourmash	marine9	order	L1 norm error	0.265604215489021
sourmash	marine9	family	L1 norm error	0.303973846270291
sourmash	marine9	genus	L1 norm error	0.360252920176187
sourmash	marine9	species	L1 norm error	0.420107576838287
sourmash	marine9	na	Weighted UniFrac error	0.0143466490276903
sourmash	marine9	na	Unweighted UniFrac error	0.517827285399457
sourmash	marine9	na	Weighted UniFrac (CAMI)	1.65642184149248
sourmash	marine9	na	Unweighted UniFrac (CAMI)	1295.05277044855
sourmash	marine9	phylum	Sum of abundances	0.994722955145119
sourmash	marine9	class	Sum of abundances	0.994722955145119
sourmash	marine9	order	Sum of abundances	0.992084432717678
sourmash	marine9	family	Sum of abundances	0.978891820580476
sourmash	marine9	genus	Sum of abundances	0.968337730870714
sourmash	marine9	species	Sum of abundances	0.918205804749342
sourmash	marine9	phylum	Taxon counts	16
sourmash	marine9	class	Taxon counts	26
sourmash	marine9	order	Taxon counts	48
sourmash	marine9	family	Taxon counts	69
sourmash	marine9	genus	Taxon counts	102
sourmash	marine9	species	Taxon counts	132
metabuli	marine9	kingdom	Bray-Curtis distance	0.0382514188021276
metabuli	marine9	phylum	Bray-Curtis distance	0.0628990050304439
metabuli	marine9	class	Bray-Curtis distance	0.0732751321912249
metabuli	marine9	order	Bray-Curtis distance	0.152646968047138
metabuli	marine9	family	Bray-Curtis distance	0.161050391164198
metabuli	marine9	genus	Bray-Curtis distance	0.179506928104235
metabuli	marine9	species	Bray-Curtis distance	0.212728584658228
metabuli	marine9	phylum	Shannon diversity	1.54673268931325
metabuli	marine9	phylum	Shannon equitability	0.384247839231848
metabuli	marine9	class	Shannon diversity	1.91769766092906
metabuli	marine9	class	Shannon equitability	0.400564170960777
metabuli	marine9	order	Shannon diversity	2.9179294545502
metabuli	marine9	order	Shannon equitability	0.513396411064449
metabuli	marine9	family	Shannon diversity	3.6125344397874
metabuli	marine9	family	Shannon equitability	0.560592932682925
metabuli	marine9	genus	Shannon diversity	4.11354195104667
metabuli	marine9	genus	Shannon equitability	0.534300044095228
metabuli	marine9	species	Shannon diversity	4.65732958527598
metabuli	marine9	species	Shannon equitability	0.52906323167379
metabuli	marine9	kingdom	True positives	2
metabuli	marine9	kingdom	False negatives	0
metabuli	marine9	kingdom	False positives	0
metabuli	marine9	kingdom	Completeness	1
metabuli	marine9	kingdom	Purity	1
metabuli	marine9	kingdom	F1 score	1
metabuli	marine9	kingdom	Jaccard index	1
metabuli	marine9	phylum	True positives	23
metabuli	marine9	phylum	False negatives	2
metabuli	marine9	phylum	False positives	33
metabuli	marine9	phylum	Completeness	0.92
metabuli	marine9	phylum	Purity	0.410714285714286
metabuli	marine9	phylum	F1 score	0.567901234567901
metabuli	marine9	phylum	Jaccard index	0.396551724137931
metabuli	marine9	class	True positives	34
metabuli	marine9	class	False negatives	2
metabuli	marine9	class	False positives	86
metabuli	marine9	class	Completeness	0.944444444444444
metabuli	marine9	class	Purity	0.283333333333333
metabuli	marine9	class	F1 score	0.435897435897436
metabuli	marine9	class	Jaccard index	0.278688524590164
metabuli	marine9	order	True positives	69
metabuli	marine9	order	False negatives	3
metabuli	marine9	order	False positives	225
metabuli	marine9	order	Completeness	0.958333333333333
metabuli	marine9	order	Purity	0.23469387755102
metabuli	marine9	order	F1 score	0.377049180327869
metabuli	marine9	order	Jaccard index	0.232323232323232
metabuli	marine9	family	True positives	117
metabuli	marine9	family	False negatives	5
metabuli	marine9	family	False positives	512
metabuli	marine9	family	Completeness	0.959016393442623
metabuli	marine9	family	Purity	0.186009538950715
metabuli	marine9	family	F1 score	0.311584553928096
metabuli	marine9	family	Jaccard index	0.184542586750789
metabuli	marine9	genus	True positives	204
metabuli	marine9	genus	False negatives	11
metabuli	marine9	genus	False positives	2002
metabuli	marine9	genus	Completeness	0.948837209302326
metabuli	marine9	genus	Purity	0.0924750679963735
metabuli	marine9	genus	F1 score	0.168525402726146
metabuli	marine9	genus	Jaccard index	0.0920162381596752
metabuli	marine9	species	True positives	271
metabuli	marine9	species	False negatives	31
metabuli	marine9	species	False positives	6383
metabuli	marine9	species	Completeness	0.897350993377484
metabuli	marine9	species	Purity	0.0407273820258491
metabuli	marine9	species	F1 score	0.0779183438757907
metabuli	marine9	species	Jaccard index	0.0405385190725505
metabuli	marine9	kingdom	L1 norm error	0.0765028376042551
metabuli	marine9	phylum	L1 norm error	0.12574180520295
metabuli	marine9	class	L1 norm error	0.146467749862767
metabuli	marine9	order	L1 norm error	0.304887106844211
metabuli	marine9	family	L1 norm error	0.321372437944399
metabuli	marine9	genus	L1 norm error	0.357397070940368
metabuli	marine9	species	L1 norm error	0.405935272516382
metabuli	marine9	na	Weighted UniFrac error	0.0156187331824979
metabuli	marine9	na	Unweighted UniFrac error	20.4013704072524
metabuli	marine9	na	Weighted UniFrac (CAMI)	1.73830428091527
metabuli	marine9	na	Unweighted UniFrac (CAMI)	50048
metabuli	marine9	phylum	Sum of abundances	0.999106426915495
metabuli	marine9	class	Sum of abundances	0.998873908279455
metabuli	marine9	order	Sum of abundances	0.997334835697883
metabuli	marine9	family	Sum of abundances	0.995477537317787
metabuli	marine9	genus	Sum of abundances	0.990993187365095
metabuli	marine9	species	Sum of abundances	0.956789832341814
metabuli	marine9	phylum	Taxon counts	56
metabuli	marine9	class	Taxon counts	120
metabuli	marine9	order	Taxon counts	294
metabuli	marine9	family	Taxon counts	629
metabuli	marine9	genus	Taxon counts	2206
metabuli	marine9	species	Taxon counts	6654
sylph	marine9	kingdom	Bray-Curtis distance	0.00604651407320325
sylph	marine9	phylum	Bray-Curtis distance	0.0229062269344961
sylph	marine9	class	Bray-Curtis distance	0.0277692624079978
sylph	marine9	order	Bray-Curtis distance	0.0409830387179264
sylph	marine9	family	Bray-Curtis distance	0.0438714169459069
sylph	marine9	genus	Bray-Curtis distance	0.0546144537984516
sylph	marine9	species	Bray-Curtis distance	0.0507902408698094
sylph	marine9	phylum	Shannon diversity	1.74142311021007
sylph	marine9	phylum	Shannon equitability	0.541003507111486
sylph	marine9	class	Shannon diversity	2.1354445496942
sylph	marine9	class	Shannon equitability	0.595907147797638
sylph	marine9	order	Shannon diversity	3.16953600965243
sylph	marine9	order	Shannon equitability	0.741123090147064
sylph	marine9	family	Shannon diversity	3.69231677233672
sylph	marine9	family	Shannon equitability	0.771242431468109
sylph	marine9	genus	Shannon diversity	4.14471785596754
sylph	marine9	genus	Shannon equitability	0.777224154628565
sylph	marine9	species	Shannon diversity	4.62531876892235
sylph	marine9	species	Shannon equitability	0.809509111882596
sylph	marine9	kingdom	True positives	2
sylph	marine9	kingdom	False negatives	0
sylph	marine9	kingdom	False positives	0
sylph	marine9	kingdom	Completeness	1
sylph	marine9	kingdom	Purity	1
sylph	marine9	kingdom	F1 score	1
sylph	marine9	kingdom	Jaccard index	1
sylph	marine9	phylum	True positives	25
sylph	marine9	phylum	False negatives	0
sylph	marine9	phylum	False positives	0
sylph	marine9	phylum	Completeness	1
sylph	marine9	phylum	Purity	1
sylph	marine9	phylum	F1 score	1
sylph	marine9	phylum	Jaccard index	1
sylph	marine9	class	True positives	36
sylph	marine9	class	False negatives	0
sylph	marine9	class	False positives	0
sylph	marine9	class	Completeness	1
sylph	marine9	class	Purity	1
sylph	marine9	class	F1 score	1
sylph	marine9	class	Jaccard index	1
sylph	marine9	order	True positives	72
sylph	marine9	order	False negatives	0
sylph	marine9	order	False positives	0
sylph	marine9	order	Completeness	1
sylph	marine9	order	Purity	1
sylph	marine9	order	F1 score	1
sylph	marine9	order	Jaccard index	1
sylph	marine9	family	True positives	120
sylph	marine9	family	False negatives	2
sylph	marine9	family	False positives	0
sylph	marine9	family	Completeness	0.983606557377049
sylph	marine9	family	Purity	1
sylph	marine9	family	F1 score	0.991735537190083
sylph	marine9	family	Jaccard index	0.983606557377049
sylph	marine9	genus	True positives	207
sylph	marine9	genus	False negatives	8
sylph	marine9	genus	False positives	0
sylph	marine9	genus	Completeness	0.962790697674419
sylph	marine9	genus	Purity	1
sylph	marine9	genus	F1 score	0.981042654028436
sylph	marine9	genus	Jaccard index	0.962790697674419
sylph	marine9	species	True positives	300
sylph	marine9	species	False negatives	2
sylph	marine9	species	False positives	3
sylph	marine9	species	Completeness	0.993377483443709
sylph	marine9	species	Purity	0.99009900990099
sylph	marine9	species	F1 score	0.991735537190083
sylph	marine9	species	Jaccard index	0.983606557377049
sylph	marine9	kingdom	L1 norm error	0.0120930281464065
sylph	marine9	phylum	L1 norm error	0.0458124538689922
sylph	marine9	class	L1 norm error	0.0555385248159956
sylph	marine9	order	L1 norm error	0.0819660774358528
sylph	marine9	family	L1 norm error	0.0877428338918138
sylph	marine9	genus	L1 norm error	0.109228907596903
sylph	marine9	species	L1 norm error	0.0991141652022239
sylph	marine9	na	Weighted UniFrac error	0.00433706585248433
sylph	marine9	na	Unweighted UniFrac error	0.0568466186129786
sylph	marine9	na	Weighted UniFrac (CAMI)	0.491495990958188
sylph	marine9	na	Unweighted UniFrac (CAMI)	180
sylph	marine9	phylum	Sum of abundances	1
sylph	marine9	class	Sum of abundances	1
sylph	marine9	order	Sum of abundances	1
sylph	marine9	family	Sum of abundances	1
sylph	marine9	genus	Sum of abundances	1
sylph	marine9	species	Sum of abundances	1
sylph	marine9	phylum	Taxon counts	25
sylph	marine9	class	Taxon counts	36
sylph	marine9	order	Taxon counts	72
sylph	marine9	family	Taxon counts	120
sylph	marine9	genus	Taxon counts	207
sylph	marine9	species	Taxon counts	303
