tool	community	known	dom	rank	Bray-Curtis distance	Completeness	F1 score	False negatives	False positives	Jaccard index	L1 norm error	Purity	Shannon diversity	Shannon equitability	Sum of abundances	Taxon counts	True positives
SingleM	sample4	0	10	kingdom	0.00711246200607902	1	1	0	0	1	0.014224924012158	1					2
SingleM	sample4	0	50	kingdom	0	1	1	0	0	1	0	1					1
SingleM	sample4	10	10	kingdom	0.00725828540125991	1	0.666666666666667	0	1	0.5	0.0145165708025198	0.5					1
SingleM	sample4	10	50	kingdom	0	1	1	0	0	1	0	1					1
SingleM	sample4	50	10	kingdom	0	1	1	0	0	1	0	1					1
SingleM	sample4	50	50	kingdom	0	1	1	0	0	1	0	1					1
SingleM	sample4	70	10	kingdom	0.00434148880791255	1	1	0	0	1	0.00868297761582511	1					2
SingleM	sample4	70	50	kingdom	0	1	1	0	0	1	0	1					1
SingleM	sample4	100	10	kingdom	0	1	1	0	0	1	0	1					1
SingleM	sample4	100	50	kingdom	0	1	1	0	0	1	0	1					1
SingleM	sample5	0	10	kingdom	0.00106351638653246	1	1	0	0	1	0.00212703277306493	1					2
SingleM	sample5	0	50	kingdom	0.0107539740264222	1	1	0	0	1	0.0215079480528444	1					2
SingleM	sample5	10	10	kingdom	0.000963928919088542	1	1	0	0	1	0.00192785783817708	1					2
SingleM	sample5	10	50	kingdom	0.00115701156283879	1	0.666666666666667	0	1	0.5	0.00231402312567759	0.5					1
SingleM	sample5	50	10	kingdom	0.000297145527407802	1	1	0	0	1	0.000594291054815605	1					2
SingleM	sample5	50	50	kingdom	0.000374557072670181	1	1	0	0	1	0.000749114145340362	1					2
SingleM	sample5	70	10	kingdom	0.00378029313597449	1	0.666666666666667	0	1	0.5	0.00756058627194898	0.5					1
SingleM	sample5	70	50	kingdom	0.000344883253349767	1	0.666666666666667	0	1	0.5	0.000689766506699534	0.5					1
SingleM	sample5	100	10	kingdom	0	1	1	0	0	1	0	1					1
SingleM	sample5	100	50	kingdom	0.000227746921743226	1	0.666666666666667	0	1	0.5	0.000455493843486452	0.5					1
SingleM dev	sample4	0	10	kingdom	0.00552658118426737	1	1	0	0	1	0.0110531623685347	1					2
SingleM dev	sample4	0	50	kingdom	0.00617453347969262	1	0.666666666666667	0	1	0.5	0.0123490669593852	0.5					1
SingleM dev	sample4	10	10	kingdom	0.00731528895391366	1	0.666666666666667	0	1	0.5	0.0146305779078273	0.5					1
SingleM dev	sample4	10	50	kingdom	0.00317197627913396	1	0.666666666666667	0	1	0.5	0.00634395255826793	0.5					1
SingleM dev	sample4	50	10	kingdom	0.00409062303335432	1	0.666666666666667	0	1	0.5	0.00818124606670863	0.5					1
SingleM dev	sample4	50	50	kingdom	0.00583629893238429	1	0.666666666666667	0	1	0.5	0.0116725978647686	0.5					1
SingleM dev	sample4	70	10	kingdom	0.00501694915254242	1	1	0	0	1	0.0100338983050848	1					2
SingleM dev	sample4	70	50	kingdom	0.00449275362318842	1	0.666666666666667	0	1	0.5	0.00898550724637684	0.5					1
SingleM dev	sample4	100	10	kingdom	0.00233196159122086	1	0.666666666666667	0	1	0.5	0.00466392318244173	0.5					1
SingleM dev	sample4	100	50	kingdom	0.00293137908061295	1	0.666666666666667	0	1	0.5	0.0058627581612259	0.5					1
SingleM dev	sample5	0	10	kingdom	0.0272638987896912	1	1	0	0	1	0.0545277975793823	1					2
SingleM dev	sample5	0	50	kingdom	0.00533959486567216	1	1	0	0	1	0.0106791897313443	1					2
SingleM dev	sample5	10	10	kingdom	0.0041228999287679	1	1	0	0	1	0.00824579985753581	1					2
SingleM dev	sample5	10	50	kingdom	0.00485157110652297	1	0.666666666666667	0	1	0.5	0.00970314221304595	0.5					1
SingleM dev	sample5	50	10	kingdom	0.0198619872376544	1	1	0	0	1	0.0397239744753087	1					2
SingleM dev	sample5	50	50	kingdom	0.0329428033396173	1	1	0	0	1	0.0658856066792345	1					2
SingleM dev	sample5	70	10	kingdom	0.00460133523408934	1	0.666666666666667	0	1	0.5	0.00920267046817868	0.5					1
SingleM dev	sample5	70	50	kingdom	0.00369648288232084	1	0.666666666666667	0	1	0.5	0.00739296576464168	0.5					1
SingleM dev	sample5	100	10	kingdom	0.0108632741195851	1	0.666666666666667	0	1	0.5	0.0217265482391701	0.5					1
SingleM dev	sample5	100	50	kingdom	0.000840927636619582	1	0.666666666666667	0	1	0.5	0.00168185527323916	0.5					1
SingleM inject	sample4	0	10	kingdom	0.00711897194970284	1	1	0	0	1	0.0142379438994057	1					2
SingleM inject	sample4	0	50	kingdom	0.00567057892654627	1	0.666666666666667	0	1	0.5	0.0113411578530925	0.5					1
SingleM inject	sample4	10	10	kingdom	0.00725828540125991	1	0.666666666666667	0	1	0.5	0.0145165708025198	0.5					1
SingleM inject	sample4	10	50	kingdom	0	1	1	0	0	1	0	1					1
SingleM inject	sample4	50	10	kingdom	0	1	1	0	0	1	0	1					1
SingleM inject	sample4	50	50	kingdom	0	1	1	0	0	1	0	1					1
SingleM inject	sample4	70	10	kingdom	0.00433684758557858	1	1	0	0	1	0.00867369517115715	1					2
SingleM inject	sample4	70	50	kingdom	0	1	1	0	0	1	0	1					1
SingleM inject	sample4	100	10	kingdom	0	1	1	0	0	1	0	1					1
SingleM inject	sample4	100	50	kingdom	0	1	1	0	0	1	0	1					1
SingleM inject	sample5	0	10	kingdom	0.00105612159271541	1	1	0	0	1	0.00211224318543082	1					2
SingleM inject	sample5	0	50	kingdom	0.0107539740264222	1	1	0	0	1	0.0215079480528444	1					2
SingleM inject	sample5	10	10	kingdom	0.000919847418707754	1	1	0	0	1	0.00183969483741551	1					2
SingleM inject	sample5	10	50	kingdom	0.00115699472439507	1	0.666666666666667	0	1	0.5	0.00231398944879014	0.5					1
SingleM inject	sample5	50	10	kingdom	0.000297145527407802	1	1	0	0	1	0.000594291054815605	1					2
SingleM inject	sample5	50	50	kingdom	0.000374557072670181	1	1	0	0	1	0.000749114145340362	1					2
SingleM inject	sample5	70	10	kingdom	0.00370080111459419	1	0.666666666666667	0	1	0.5	0.00740160222918838	0.5					1
SingleM inject	sample5	70	50	kingdom	0.000336678629503087	1	0.666666666666667	0	1	0.5	0.000673357259006174	0.5					1
SingleM inject	sample5	100	10	kingdom	0	1	1	0	0	1	0	1					1
SingleM inject	sample5	100	50	kingdom	0.000218087164515138	1	0.666666666666667	0	1	0.5	0.000436174329030276	0.5					1
SingleM joint	sample4	0	10	kingdom	0.0109821231516222	1	1	0	0	1	0.0219642463032443	1					2
SingleM joint	sample4	0	50	kingdom	0	1	1	0	0	1	0	1					1
SingleM joint	sample4	10	10	kingdom	0	1	1	0	0	1	0	1					1
SingleM joint	sample4	10	50	kingdom	0	1	1	0	0	1	0	1					1
SingleM joint	sample4	50	10	kingdom	0	1	1	0	0	1	0	1					1
SingleM joint	sample4	50	50	kingdom	0	1	1	0	0	1	0	1					1
SingleM joint	sample4	70	10	kingdom	0.00589168870945287	1	1	0	0	1	0.0117833774189057	1					2
SingleM joint	sample4	70	50	kingdom	0	1	1	0	0	1	0	1					1
SingleM joint	sample4	100	10	kingdom	0	1	1	0	0	1	0	1					1
SingleM joint	sample4	100	50	kingdom	0	1	1	0	0	1	0	1					1
SingleM joint	sample5	0	10	kingdom	0.000365710942071359	0.5	0.666666666666667	1	0	0.5	0.000731421884142718	1					1
SingleM joint	sample5	0	50	kingdom	0.0397656294215757	1	1	0	0	1	0.0795312588431515	1					2
SingleM joint	sample5	10	10	kingdom	8.51706221945682e-05	1	1	0	0	1	0.000170341244389136	1					2
SingleM joint	sample5	10	50	kingdom	0	1	1	0	0	1	0	1					1
SingleM joint	sample5	50	10	kingdom	9.94965862720824e-05	1	1	0	0	1	0.000198993172544165	1					2
SingleM joint	sample5	50	50	kingdom	0.00219588548149066	1	1	0	0	1	0.00439177096298131	1					2
SingleM joint	sample5	70	10	kingdom	0	1	1	0	0	1	0	1					1
SingleM joint	sample5	70	50	kingdom	0	1	1	0	0	1	0	1					1
SingleM joint	sample5	100	10	kingdom	0	1	1	0	0	1	0	1					1
SingleM joint	sample5	100	50	kingdom	0	1	1	0	0	1	0	1					1
SingleM nnls	sample4	0	10	kingdom	0.00932735426008972	1	1	0	0	1	0.0186547085201794	1					2
SingleM nnls	sample4	0	50	kingdom	0	1	1	0	0	1	0	1					1
SingleM nnls	sample4	10	10	kingdom	0	1	1	0	0	1	0	1					1
SingleM nnls	sample4	10	50	kingdom	0	1	1	0	0	1	0	1					1
SingleM nnls	sample4	50	10	kingdom	0	1	1	0	0	1	0	1					1
SingleM nnls	sample4	50	50	kingdom	0	1	1	0	0	1	0	1					1
SingleM nnls	sample4	70	10	kingdom	0.00476847857348282	1	1	0	0	1	0.00953695714696564	1					2
SingleM nnls	sample4	70	50	kingdom	0	1	1	0	0	1	0	1					1
SingleM nnls	sample4	100	10	kingdom	0	1	1	0	0	1	0	1					1
SingleM nnls	sample4	100	50	kingdom	0	1	1	0	0	1	0	1					1
SingleM nnls	sample5	0	10	kingdom	0.000365710942071359	0.5	0.666666666666667	1	0	0.5	0.000731421884142718	1					1
SingleM nnls	sample5	0	50	kingdom	0.00822893676634106	1	1	0	0	1	0.0164578735326821	1					2
SingleM nnls	sample5	10	10	kingdom	9.44092026746923e-05	1	1	0	0	1	0.000188818405349385	1					2
SingleM nnls	sample5	10	50	kingdom	0	1	1	0	0	1	0	1					1
SingleM nnls	sample5	50	10	kingdom	8.58721292276045e-05	1	1	0	0	1	0.000171744258455209	1					2
SingleM nnls	sample5	50	50	kingdom	0.00116543970973145	1	1	0	0	1	0.0023308794194629	1					2
SingleM nnls	sample5	70	10	kingdom	0	1	1	0	0	1	0	1					1
SingleM nnls	sample5	70	50	kingdom	0	1	1	0	0	1	0	1					1
SingleM nnls	sample5	100	10	kingdom	0	1	1	0	0	1	0	1					1
SingleM nnls	sample5	100	50	kingdom	0	1	1	0	0	1	0	1					1
sylph	sample4	0	10	kingdom	0.04	0.5	0.666666666666667	1	0	0.5	0.08	1					1
sylph	sample4	0	50	kingdom	0	1	1	0	0	1	0	1					1
sylph	sample4	10	10	kingdom	0	1	1	0	0	1	0	1					1
sylph	sample4	10	50	kingdom	0	1	1	0	0	1	0	1					1
sylph	sample4	50	10	kingdom	0	1	1	0	0	1	0	1					1
sylph	sample4	50	50	kingdom	0	1	1	0	0	1	0	1					1
sylph	sample4	70	10	kingdom	0.04	0.5	0.666666666666667	1	0	0.5	0.08	1					1
sylph	sample4	70	50	kingdom	0	1	1	0	0	1	0	1					1
sylph	sample4	100	10	kingdom	0	1	1	0	0	1	0	1					1
sylph	sample4	100	50	kingdom	0	1	1	0	0	1	0	1					1
sylph	sample5	10	10	kingdom	0.00146284376828558	0.5	0.666666666666667	1	0	0.5	0.00292568753657116	1					1
sylph	sample5	10	50	kingdom	0	1	1	0	0	1	0	1					1
sylph	sample5	50	10	kingdom	0.000365710942071359	0.5	0.666666666666667	1	0	0.5	0.000731421884142718	1					1
sylph	sample5	50	50	kingdom	0.0424969815756529	1	1	0	0	1	0.0849939631513059	1					2
sylph	sample5	70	10	kingdom	0	1	1	0	0	1	0	1					1
sylph	sample5	70	50	kingdom	0	1	1	0	0	1	0	1					1
sylph	sample5	100	10	kingdom	0	1	1	0	0	1	0	1					1
sylph	sample5	100	50	kingdom	0	1	1	0	0	1	0	1					1
SingleM	sample4	0	10	phylum	0.0560079954311822	1	1	0	0	1	0.108394584139265	1	1.83030706377197	0.794892257984709	0.935341254490191	10	10
SingleM	sample4	0	50	phylum	0.0426820747110991	1	1	0	0	1	0.0842658177477118	1	1.46001298875486	0.75029825475943	0.974267144183579	7	7
SingleM	sample4	10	10	phylum	0.0317517740364547	1	1	0	0	1	0.0625034237195288	1	1.87107835514153	0.851564457471119	0.968501780334155	9	9
SingleM	sample4	10	50	phylum	0.0264915368991199	1	1	0	0	1	0.0525137565427461	1	1.19995145887791	0.745571761176614	0.982284257146692	5	5
SingleM	sample4	50	10	phylum	0.0712529659395331	1	1	0	0	1	0.141391251518834	1	1.77478078433934	0.853489145410465	0.984356014580802	8	8
SingleM	sample4	50	50	phylum	0.0316754654070575	1	1	0	0	1	0.0625943719972546	1	1.52944745677724	0.735508753730919	0.9761153054221	8	8
SingleM	sample4	70	10	phylum	0.0337408184679958	1	1	0	0	1	0.066954711087975	1	1.76407543534599	0.848340960775901	0.984383133784487	8	8
SingleM	sample4	70	50	phylum	0.0280138584458742	1	1	0	0	1	0.0556929997188641	1	1.36420847887927	0.701064475942814	0.9880517289851	7	7
SingleM	sample4	100	10	phylum	0.0211601731601731	1	1	0	0	1	0.0422556190982842	1	1.40513414027446	0.873058929094908	0.99694108259077	5	5
SingleM	sample4	100	50	phylum	0.0242870094547339	1	1	0	0	1	0.0481870743929077	1	1.26689930141951	0.787168794541109	0.984067840164461	5	5
SingleM	sample5	0	10	phylum	0.0633184244424226	1	0.761904761904762	0	5	0.615384615384615	0.12235585231233	0.615384615384615	0.902299351389658	0.351780571715708	0.9323894015018	13	8
SingleM	sample5	0	50	phylum	0.0119614707990037	1	1	0	0	1	0.0239091305028491	1	0.708104806542127	0.439970253634199	0.998845368149924	5	5
SingleM	sample5	10	10	phylum	0.00425575577982961	1	1	0	0	1	0.00849722849853388	1	0.665442354360557	0.371390449325908	0.996643825006823	6	6
SingleM	sample5	10	50	phylum	0.00538657087592322	1	1	0	0	1	0.0107594227979117	1	0.816879465492567	0.589253976935077	0.997453119201298	4	4
SingleM	sample5	50	10	phylum	0.00226868399393561	1	1	0	0	1	0.00452978209247552	1	0.870028153971842	0.447106026141144	0.996656257365072	7	7
SingleM	sample5	50	50	phylum	0.00108382734345262	1	1	0	0	1	0.00216565970866797	1	0.359865610305433	0.200844821241812	0.998159320993967	6	6
SingleM	sample5	70	10	phylum	0.0050488456007688	1	1	0	0	1	0.0100786050851684	1	0.902252653573538	0.503556793793453	0.996219706864026	6	6
SingleM	sample5	70	50	phylum	0.00178015458332134	1	1	0	0	1	0.00355820607672416	1	0.653312680942561	0.364620749694728	0.998818591408738	6	6
SingleM	sample5	100	10	phylum	0.00418735237611519	1	1	0	0	1	0.00836997209225487	1	0.76198671806693	0.549657229689209	0.998869772698732	4	4
SingleM	sample5	100	50	phylum	0.00176837478289773	1	1	0	0	1	0.00353228042972536	1	0.681376511471479	0.423363030165588	0.99747274383614	5	5
SingleM dev	sample4	0	10	phylum	0.354341463414634	0.6	0.75	4	0	0.6	0.523267540700187	1	1.00634013740902	0.561649124613015	0.476732459299813	6	6
SingleM dev	sample4	0	50	phylum	0.251588528250043	0.857142857142857	0.923076923076923	1	0	0.857142857142857	0.402030735455543	1	0.784812700342309	0.438012307913422	0.597969264544457	6	6
SingleM dev	sample4	10	10	phylum	0.351324634242784	0.666666666666667	0.8	3	0	0.666666666666667	0.519970738844184	1	0.920283472894265	0.513619985661776	0.480029261155816	6	6
SingleM dev	sample4	10	50	phylum	0.148858880202164	0.8	0.8	1	1	0.666666666666667	0.259964142876845	0.8	0.897136342781698	0.557422150833316	0.746379809681423	5	4
SingleM dev	sample4	50	10	phylum	0.286900182223122	0.75	0.857142857142857	2	0	0.75	0.44587791063562	1	1.13648147450868	0.634282387801926	0.55412208936438	6	6
SingleM dev	sample4	50	50	phylum	0.233754829645241	0.625	0.769230769230769	3	0	0.625	0.378932384341637	1	0.897552552867279	0.557680756699604	0.621067615658363	5	5
SingleM dev	sample4	70	10	phylum	0.203197650705604	0.875	0.933333333333333	1	0	0.875	0.337762711864407	1	1.29505694789157	0.665527618795908	0.662237288135593	7	7
SingleM dev	sample4	70	50	phylum	0.211589113257243	0.857142857142857	0.923076923076923	1	0	0.857142857142857	0.349275362318841	1	0.782007998793483	0.436446974174718	0.65072463768116	6	6
SingleM dev	sample4	100	10	phylum	0.172214182344428	1	1	0	0	1	0.293827160493827	1	1.1604686828189	0.721039733097759	0.706172839506173	5	5
SingleM dev	sample4	100	50	phylum	0.17975320286096	1	1	0	0	1	0.30473017988008	1	0.941956892168649	0.585270723953583	0.69526982011992	5	5
SingleM dev	sample5	0	10	phylum	0.800798850098129	0.5	0.666666666666667	4	0	0.5	0.889381787482252	1	0.361544241839012	0.260799042381551	0.110618212517748	4	4
SingleM dev	sample5	0	50	phylum	0.0185080483613094	0.8	0.888888888888889	1	0	0.8	0.0363434503852713	1	0.657547353667364	0.474320153142784	0.963656549614729	4	4
SingleM dev	sample5	10	10	phylum	0.511711592806099	0.5	0.666666666666667	3	0	0.5	0.677272200877159	1	0.585541513050216	0.532982853996737	0.323542812784772	3	3
SingleM dev	sample5	10	50	phylum	0.0294600308682542	1	1	0	0	1	0.0572339478656737	1	0.768047351067835	0.554029052276735	0.942766052134326	4	4
SingleM dev	sample5	50	10	phylum	0.0361713127714736	0.714285714285714	0.833333333333333	2	0	0.714285714285714	0.0698172441673284	1	0.800614071882709	0.497449491960747	0.930182755832672	5	5
SingleM dev	sample5	50	50	phylum	0.0701822978750457	0.333333333333333	0.5	4	0	0.333333333333333	0.1311595192976	1	0.189303348978017	0.273107002794258	0.868840480702401	2	2
SingleM dev	sample5	70	10	phylum	0.0422190802546874	1	1	0	0	1	0.0820426333653948	1	0.745733842683039	0.4162019821803	0.943259608463069	6	6
SingleM dev	sample5	70	50	phylum	0.593087468863172	0.5	0.666666666666667	3	0	0.5	0.744576152226468	1	0.430598572721684	0.391947711820806	0.255423847773532	3	3
SingleM dev	sample5	100	10	phylum	0.0624597198861939	0.75	0.75	1	1	0.6	0.117937758781889	0.75	0.791702829701058	0.571092873133738	0.888221064660226	4	3
SingleM dev	sample5	100	50	phylum	0.303958323190029	0.6	0.666666666666667	2	1	0.5	0.466658776481434	0.75	0.533901438680398	0.385128478953846	0.535272242535989	4	3
SingleM inject	sample4	0	10	phylum	0.0549317320752019	1	1	0	0	1	0.106182119662844	1	1.82962486815181	0.794595984191295	0.932983280364792	10	10
SingleM inject	sample4	0	50	phylum	0.0452092274678111	1	1	0	0	1	0.0889041276539627	1	1.45152555537924	0.745936576816725	0.96650402215482	7	7
SingleM inject	sample4	10	10	phylum	0.0316126339223598	1	1	0	0	1	0.0622295261572172	1	1.87115582761793	0.851599716714621	0.968501780334155	9	9
SingleM inject	sample4	10	50	phylum	0.0261406239426136	1	1	0	0	1	0.0518427056770904	1	1.2000355432328	0.745624005723758	0.983223728358609	5	5
SingleM inject	sample4	50	10	phylum	0.0744387793927403	1	1	0	0	1	0.148437025796662	1	1.77592470502626	0.854039254977861	0.994081942336874	8	8
SingleM inject	sample4	50	50	phylum	0.0326336797192211	1	1	0	0	1	0.0650658616904502	1	1.54043637828955	0.740793307921099	0.993825466520308	8	8
SingleM inject	sample4	70	10	phylum	0.0336980191525646	1	1	0	0	1	0.0668697123519459	1	1.76416425243145	0.848383672765478	0.98438110113237	8	8
SingleM inject	sample4	70	50	phylum	0.0283975946232756	1	1	0	0	1	0.0564318852804724	1	1.36291780523527	0.700401200896623	0.987206523267257	7	7
SingleM inject	sample4	100	10	phylum	0.0132701920547225	1	1	0	0	1	0.0265403841094449	1	1.39877892365548	0.869110210992845	1	5	5
SingleM inject	sample4	100	50	phylum	0.0243408443408443	1	1	0	0	1	0.0482939362795478	1	1.26682521518589	0.78712276217599	0.984069886947585	5	5
SingleM inject	sample5	0	10	phylum	0.0609459723781802	1	0.761904761904762	0	5	0.615384615384615	0.117862037491205	0.615384615384615	0.901997396348649	0.35166284812786	0.93387738175463	13	8
SingleM inject	sample5	0	50	phylum	0.0119614707990037	1	1	0	0	1	0.023909130502849	1	0.708104806542127	0.439970253634199	0.998845368149924	5	5
SingleM inject	sample5	10	10	phylum	0.0042127375614797	1	1	0	0	1	0.00841170831141525	1	0.665322438027627	0.371323522746202	0.996732098464898	6	6
SingleM inject	sample5	10	50	phylum	0.00539009486901548	1	1	0	0	1	0.0107664620086938	1	0.816712625295905	0.589133627172904	0.997453156267055	4	4
SingleM inject	sample5	50	10	phylum	0.00226868399393566	1	1	0	0	1	0.00452978209247563	1	0.870011981027746	0.447097714891982	0.996656257365072	7	7
SingleM inject	sample5	50	50	phylum	0.00108016788970249	1	1	0	0	1	0.00215835542689804	1	0.359859012326737	0.200841138839788	0.998166625275737	6	6
SingleM inject	sample5	70	10	phylum	0.00501893249705285	1	1	0	0	1	0.0100192909231265	1	0.902237714459939	0.503548456115402	0.996299198885406	6	6
SingleM inject	sample5	70	50	phylum	0.0199591040759574	1	1	0	0	1	0.0399114883481083	1	0.669972956857435	0.373919026724095	0.999663321370497	6	6
SingleM inject	sample5	100	10	phylum	0.00418735237611519	1	1	0	0	1	0.00836997209225487	1	0.76198671806693	0.549657229689209	0.998869772698732	4	4
SingleM inject	sample5	100	50	phylum	0.011244152209231	1	1	0	0	1	0.0224858522131893	1	0.662638016267955	0.411720148474561	0.999781912835485	5	5
SingleM joint	sample4	0	10	phylum	0.102008386669609	0.8	0.888888888888889	2	0	0.8	0.204016773339219	1	1.83489109196352	0.882396092982368	1	8	8
SingleM joint	sample4	0	50	phylum	0.0986489058039962	0.857142857142857	0.923076923076923	1	0	0.857142857142857	0.197297811607992	1	1.37903877371933	0.769656194038961	1	6	6
SingleM joint	sample4	10	10	phylum	0.113302225412778	0.888888888888889	0.941176470588235	1	0	0.888888888888889	0.226604450825556	1	1.72820945463646	0.831093069940481	1	8	8
SingleM joint	sample4	10	50	phylum	0.0791534391534391	1	1	0	0	1	0.158306878306878	1	1.18612044932627	0.736978071761957	1	5	5
SingleM joint	sample4	50	10	phylum	0.0867802912922219	1	1	0	0	1	0.173560582584444	1	1.77156426000828	0.851942324176693	1	8	8
SingleM joint	sample4	50	50	phylum	0.0613616886208538	1	1	0	0	1	0.122723377241708	1	1.58644384008854	0.762918220248195	1	8	8
SingleM joint	sample4	70	10	phylum	0.0471279409717388	1	1	0	0	1	0.0942558819434776	1	1.79986086972997	0.865550117016506	1	8	8
SingleM joint	sample4	70	50	phylum	0.025071505459019	1	1	0	0	1	0.050143010918038	1	1.45871203463532	0.749629696593896	1	7	7
SingleM joint	sample4	100	10	phylum	0.0185790679908327	1	1	0	0	1	0.0371581359816654	1	1.39357526656968	0.865876997057968	1	5	5
SingleM joint	sample4	100	50	phylum	0.0194142259414226	1	1	0	0	1	0.0388284518828452	1	1.32114651369076	0.820874482627705	1	5	5
SingleM joint	sample5	0	10	phylum	0.0838456248766565	0.625	0.769230769230769	3	0	0.625	0.167691249753313	1	0.697092395007174	0.433127857633786	1	5	5
SingleM joint	sample5	0	50	phylum	0.0461140994010754	1	1	0	0	1	0.0922281988021507	1	0.659599240486768	0.409832050923416	1	5	5
SingleM joint	sample5	10	10	phylum	0.031291983130357	1	1	0	0	1	0.062583966260714	1	0.629500872753302	0.351331126506902	1	6	6
SingleM joint	sample5	10	50	phylum	0.0484106030791032	1	1	0	0	1	0.0968212061582063	1	0.738098179063326	0.532425291311917	1	4	4
SingleM joint	sample5	50	10	phylum	0.0184740445809775	1	1	0	0	1	0.0369480891619551	1	0.813725868557749	0.418172374995213	1	7	7
SingleM joint	sample5	50	50	phylum	0.0159913329752665	1	1	0	0	1	0.0319826659505331	1	0.405405405065524	0.226261064628382	1	6	6
SingleM joint	sample5	70	10	phylum	0.0443242850471602	1	1	0	0	1	0.0886485700943203	1	0.87061552461777	0.485899775929667	1	6	6
SingleM joint	sample5	70	50	phylum	0.0162701740928519	1	1	0	0	1	0.0325403481857038	1	0.631539142007429	0.352468706237403	1	6	6
SingleM joint	sample5	100	10	phylum	0.004769577469475	1	1	0	0	1	0.00953915493894999	1	0.767946931634839	0.553956614967739	1	4	4
SingleM joint	sample5	100	50	phylum	0.00187464561154545	1	1	0	0	1	0.0037492912230909	1	0.687217741356484	0.426992390353936	1	5	5
SingleM nnls	sample4	0	10	phylum	0.0935895793294896	0.8	0.888888888888889	2	0	0.8	0.187179158658979	1	1.84429903053347	0.886920355088986	1	8	8
SingleM nnls	sample4	0	50	phylum	0.0982994454713493	0.857142857142857	0.923076923076923	1	0	0.857142857142857	0.196598890942699	1	1.38686589921948	0.774024595955946	1	6	6
SingleM nnls	sample4	10	10	phylum	0.100892857142857	0.888888888888889	0.941176470588235	1	0	0.888888888888889	0.201785714285714	1	1.73775665852696	0.835684304509542	1	8	8
SingleM nnls	sample4	10	50	phylum	0.0728226136829168	1	1	0	0	1	0.145645227365834	1	1.19324269194119	0.741403369911016	1	5	5
SingleM nnls	sample4	50	10	phylum	0.0769221538923054	1	1	0	0	1	0.153844307784611	1	1.79316643011364	0.86233077207117	1	8	8
SingleM nnls	sample4	50	50	phylum	0.0490084144530606	1	1	0	0	1	0.0980168289061211	1	1.58358446520484	0.761543151593276	1	8	8
SingleM nnls	sample4	70	10	phylum	0.0385044578659764	1	1	0	0	1	0.0770089157319529	1	1.79317080067636	0.862332873867558	1	8	8
SingleM nnls	sample4	70	50	phylum	0.01410154384848	1	1	0	0	1	0.0282030876969601	1	1.42666553299733	0.733161052523384	1	7	7
SingleM nnls	sample4	100	10	phylum	0.0400279524807826	1	1	0	0	1	0.0800559049615653	1	1.40390091821921	0.872292685149912	1	5	5
SingleM nnls	sample4	100	50	phylum	0.0145655783065855	1	1	0	0	1	0.029131156613171	1	1.31320917107042	0.815942734370124	1	5	5
SingleM nnls	sample5	0	10	phylum	0.0832042961702519	0.625	0.769230769230769	3	0	0.625	0.166408592340504	1	0.699885043898454	0.434863027949897	1	5	5
SingleM nnls	sample5	0	50	phylum	0.0133894420364026	1	1	0	0	1	0.0267788840728052	1	0.697098670159331	0.43313175660504	1	5	5
SingleM nnls	sample5	10	10	phylum	0.0361169579951945	1	1	0	0	1	0.0722339159903891	1	0.623882039971431	0.348195196222526	1	6	6
SingleM nnls	sample5	10	50	phylum	0.0443732030113075	1	1	0	0	1	0.088746406022615	1	0.737919719742432	0.53229656012329	1	4	4
SingleM nnls	sample5	50	10	phylum	0.0174887211133736	1	1	0	0	1	0.0349774422267473	1	0.811773876141179	0.417169249328019	1	7	7
SingleM nnls	sample5	50	50	phylum	0.0149278032449227	1	1	0	0	1	0.0298556064898453	1	0.40182060108552	0.224260347433038	1	6	6
SingleM nnls	sample5	70	10	phylum	0.0315589388589981	1	1	0	0	1	0.0631178777179961	1	0.858184048930372	0.478961637244816	1	6	6
SingleM nnls	sample5	70	50	phylum	0.0295717886102892	1	1	0	0	1	0.0591435772205785	1	0.614122173793043	0.342748111194649	1	6	6
SingleM nnls	sample5	100	10	phylum	0.009017812409428	1	1	0	0	1	0.018035624818856	1	0.75811622819181	0.546865261414885	1	4	4
SingleM nnls	sample5	100	50	phylum	0.00166378963753653	1	1	0	0	1	0.00332757927507305	1	0.682922319669144	0.424323494800926	1	5	5
sylph	sample4	0	10	phylum	0.64	0.2	0.333333333333333	8	0	0.2	1.28	1	0.692833845006572	0.999547952351013	1	2	2
sylph	sample4	0	50	phylum	0.32	0.285714285714286	0.444444444444444	5	0	0.285714285714286	0.64	1	0.66657764475046	0.961668262448934	1	2	2
sylph	sample4	10	10	phylum	0.6	0.222222222222222	0.363636363636364	7	0	0.222222222222222	1.2	1	0.452078192509256	0.652210966427149	1	2	2
sylph	sample4	10	50	phylum	0.4	0.4	0.571428571428572	3	0	0.4	0.8	1	0.505227137673049	0.728888686043433	1	2	2
sylph	sample4	50	10	phylum	0.18777761266903	0.75	0.857142857142857	2	0	0.75	0.37555522533806	1	1.58194336888029	0.882899404774368	1	6	6
sylph	sample4	50	50	phylum	0.153160696485759	0.75	0.857142857142857	2	0	0.75	0.306321392971517	1	1.4315001849266	0.79893546511761	1	6	6
sylph	sample4	70	10	phylum	0.124006426667137	0.75	0.857142857142857	2	0	0.75	0.248012853334275	1	1.61891177376441	0.903531864386848	1	6	6
sylph	sample4	70	50	phylum	0.0885279415056331	1	1	0	0	1	0.177055883011266	1	1.59755606699614	0.820981414672055	1	7	7
sylph	sample4	100	10	phylum	0.00450115892371256	1	1	0	0	1	0.00900231784742511	1	1.38076213042597	0.857915747950612	1	5	5
sylph	sample4	100	50	phylum	0.00365317101507843	1	1	0	0	1	0.00730634203015685	1	1.28911857715134	0.800974406773905	1	5	5
sylph	sample5	10	10	phylum	0.748244587478057	0.333333333333333	0.5	4	0	0.333333333333333	1.49648917495611	1	0.00605287656226262	0.00873245499948931	1	2	2
sylph	sample5	10	50	phylum	0.880339379754242	0.5	0.666666666666667	2	0	0.5	1.76067875950848	1	0.443091281626179	0.639245594663224	1	2	2
sylph	sample5	50	10	phylum	0.0236093738675114	0.857142857142857	0.923076923076923	1	0	0.857142857142857	0.0472187477350229	1	0.802229043414456	0.44773255405765	1	6	6
sylph	sample5	50	50	phylum	0.258234358161859	0.666666666666667	0.8	2	0	0.666666666666667	0.516468716323718	1	0.818393321824297	0.590345993446279	1	4	4
sylph	sample5	70	10	phylum	0.922918868813797	0.666666666666667	0.8	2	0	0.666666666666667	1.84583773762759	1	1.09758992812846	0.791743773120301	1	4	4
sylph	sample5	70	50	phylum	0.00542081786582538	0.833333333333333	0.909090909090909	1	0	0.833333333333333	0.0108416357316508	1	0.653008827504467	0.405737197104337	1	5	5
sylph	sample5	100	10	phylum	0.00765898994671532	1	1	0	0	1	0.0153179798934306	1	0.784259730522514	0.565723811996873	1	4	4
sylph	sample5	100	50	phylum	0.00672137746755787	1	1	0	0	1	0.0134427549351157	1	0.701093493271933	0.435613879762286	1	5	5
SingleM	sample4	0	10	class	0.0740560150921492	0.923076923076923	0.96	1	0	0.923076923076923	0.141011329096435	1	2.03208970930333	0.817773057783356	0.904117159436309	12	12
SingleM	sample4	0	50	class	0.0413002427839223	1	1	0	0	1	0.0812309324844143	1	1.61181343643062	0.733567907921676	0.966839103329354	9	9
SingleM	sample4	10	10	class	0.0426692836113837	1	1	0	0	1	0.0833634620651876	1	2.20491928175721	0.887324794251457	0.953711311969324	12	12
SingleM	sample4	10	50	class	0.0254565187898522	1	1	0	0	1	0.0503663937726481	1	1.30706237276856	0.72948539980742	0.97852637229902	6	6
SingleM	sample4	50	10	class	0.0732509023884494	1	1	0	0	1	0.144866342648846	1	2.09490409160309	0.909805287099765	0.977673147023086	10	10
SingleM	sample4	50	50	class	0.0320606439947145	1	1	0	0	1	0.0632807137954701	1	1.52436676570452	0.73306545779262	0.973781743308167	8	8
SingleM	sample4	70	10	class	0.0384068353598423	1	1	0	0	1	0.0760489328474753	1	1.98920325652963	0.905325416913558	0.980088495575221	9	9
SingleM	sample4	70	50	class	0.0329803671415409	1	1	0	0	1	0.0654090525723925	1	1.5404979221528	0.701110818640305	0.98327242057914	9	9
SingleM	sample4	100	10	class	0.0223504273504274	1	1	0	0	1	0.0445165580529326	1	1.78256510317033	0.916057251685397	0.991754222635989	7	7
SingleM	sample4	100	50	class	0.0254158833063209	1	1	0	0	1	0.050371322112296	1	1.44620744507656	0.807143743294755	0.981883592445072	6	6
SingleM	sample5	0	10	class	0.108351803272107	0.875	0.666666666666667	1	6	0.5	0.204451262493168	0.538461538461538	0.812736848766641	0.316862727290251	0.886920718612539	13	7
SingleM	sample5	0	50	class	0.0120026913781534	1	1	0	0	1	0.0239905468512518	1	0.707778073839091	0.43976724319154	0.998763951801522	5	5
SingleM	sample5	10	10	class	0.0050577613303265	1	1	0	0	1	0.0100904895941959	1	0.73686377188711	0.378673070925108	0.995050563911161	7	7
SingleM	sample5	10	50	class	0.00507621312163977	1	1	0	0	1	0.0101340308208642	1	0.823086339345012	0.511412296793844	0.996376152463561	5	5
SingleM	sample5	50	10	class	0.00237221268819108	1	1	0	0	1	0.00473600410520236	1	0.875774921784224	0.421158712197674	0.996450035352345	8	8
SingleM	sample5	50	50	class	0.00110212501352524	1	1	0	0	1	0.00220218111751784	1	0.359746665020787	0.200778436614473	0.998122799585117	6	6
SingleM	sample5	70	10	class	0.00538870830588258	1	1	0	0	1	0.0107499295856511	1	0.909333358743472	0.437296909058037	0.994899143810768	8	8
SingleM	sample5	70	50	class	0.00230032071101283	1	1	0	0	1	0.00459677598928654	1	0.682943104023485	0.350963329090521	0.998319611382615	7	7
SingleM	sample5	100	10	class	0.00443977174452497	1	1	0	0	1	0.00887229533726306	1	0.811147575369682	0.503994325660509	0.998367449453724	5	5
SingleM	sample5	100	50	class	0.00176837478289773	1	1	0	0	1	0.00353228042972536	1	0.681376511471479	0.423363030165588	0.99747274383614	5	5
SingleM dev	sample4	0	10	class	0.43542549891428	0.538461538461538	0.7	6	0	0.538461538461538	0.606684915718196	1	0.944527848495751	0.485391295664034	0.393315084281804	7	7
SingleM dev	sample4	0	50	class	0.28264695529743	0.777777777777778	0.875	2	0	0.777777777777778	0.440724478594951	1	0.765098675126825	0.393182940896968	0.55927552140505	7	7
SingleM dev	sample4	10	10	class	0.508663502924622	0.583333333333333	0.736842105263158	5	0	0.583333333333333	0.674323335771763	1	0.866102763486434	0.445088774477539	0.325676664228237	7	7
SingleM dev	sample4	10	50	class	0.167914955303213	0.833333333333333	0.909090909090909	1	0	0.833333333333333	0.287546545304096	1	0.869863093975992	0.540476328571394	0.712453454695904	5	5
SingleM dev	sample4	50	10	class	0.364094859963515	0.7	0.823529411764706	3	0	0.7	0.533826305852737	1	1.18398851369863	0.60844973457455	0.466173694147263	7	7
SingleM dev	sample4	50	50	class	0.233754829645241	0.625	0.769230769230769	3	0	0.625	0.378932384341637	1	0.897552552867279	0.557680756699604	0.621067615658363	5	5
SingleM dev	sample4	70	10	class	0.289448378354751	0.888888888888889	0.941176470588235	1	0	0.888888888888889	0.448949152542373	1	1.32987032365592	0.639532440321265	0.551050847457627	8	8
SingleM dev	sample4	70	50	class	0.243131249436988	0.555555555555556	0.714285714285714	4	0	0.555555555555556	0.391159420289855	1	0.785982876505529	0.488358619138538	0.608840579710145	5	5
SingleM dev	sample4	100	10	class	0.23863732902897	1	1	0	0	1	0.385322359396434	1	1.32303075716125	0.679903313009362	0.614677640603567	7	7
SingleM dev	sample4	100	50	class	0.246056782334385	1	1	0	0	1	0.394936708860759	1	0.933494405919328	0.52099314776972	0.605063291139241	6	6
SingleM dev	sample5	0	10	class	0.814162988540956	0.5	0.666666666666667	4	0	0.5	0.897563221919491	1	0.340228957724002	0.245423315037619	0.10243677808051	4	4
SingleM dev	sample5	0	50	class	0.0185080483613094	0.8	0.888888888888889	1	0	0.8	0.0363434503852713	1	0.657547353667364	0.474320153142784	0.963656549614729	4	4
SingleM dev	sample5	10	10	class	0.528028250996594	0.571428571428571	0.727272727272727	3	0	0.571428571428571	0.691405313705807	1	0.636274829110515	0.458975270300106	0.309409699956124	4	4
SingleM dev	sample5	10	50	class	0.0550099290343438	0.8	0.888888888888889	1	0	0.8	0.104283244205473	1	0.712197428917972	0.513741849416915	0.895716755794527	4	4
SingleM dev	sample5	50	10	class	0.0406245854730818	0.625	0.769230769230769	3	0	0.625	0.0780773124913503	1	0.766953184807864	0.47653480689288	0.92192268750865	5	5
SingleM dev	sample5	50	50	class	0.0701822978750457	0.333333333333333	0.5	4	0	0.333333333333333	0.1311595192976	1	0.189303348978017	0.273107002794258	0.868840480702401	2	2
SingleM dev	sample5	70	10	class	0.0502160973670902	0.75	0.857142857142857	2	0	0.75	0.0968298388100568	1	0.724764167042256	0.404498583369846	0.928262925376505	6	6
SingleM dev	sample5	70	50	class	0.598927647370554	0.571428571428571	0.727272727272727	3	0	0.571428571428571	0.749161662637448	1	0.440606504629679	0.317830409606329	0.250838337362552	4	4
SingleM dev	sample5	100	10	class	0.0674238733975692	0.8	0.888888888888889	1	0	0.8	0.126330083255421	1	0.789124830166393	0.5692332395617	0.87366991674458	4	4
SingleM dev	sample5	100	50	class	0.303958323190029	0.6	0.666666666666667	2	1	0.5	0.466658776481434	0.75	0.533901438680398	0.385128478953846	0.535272242535989	4	3
SingleM inject	sample4	0	10	class	0.0754457603720119	0.923076923076923	0.96	1	0	0.923076923076923	0.143479342268896	1	2.02588127960699	0.815274601876824	0.901754870802819	12	12
SingleM inject	sample4	0	50	class	0.0439418416801292	1	1	0	0	1	0.086087300540683	1	1.60226204457696	0.729220882154632	0.959119082157457	9	9
SingleM inject	sample4	10	10	class	0.0426692836113837	1	1	0	0	1	0.0833634620651876	1	2.20507547664887	0.887387651699911	0.953711311969324	12	12
SingleM inject	sample4	10	50	class	0.0251054308766696	1	1	0	0	1	0.0496953429069924	1	1.30739290032947	0.729669870751535	0.979465843510938	6	6
SingleM inject	sample4	50	10	class	0.0749161840902164	1	1	0	0	1	0.149195751138088	1	2.10842023271886	0.915675272602973	0.991502276176024	10	10
SingleM inject	sample4	50	50	class	0.0330163979605899	1	1	0	0	1	0.0657519209659716	1	1.53535681823055	0.738350555885425	0.991492864983535	8	8
SingleM inject	sample4	70	10	class	0.0383435219877736	1	1	0	0	1	0.0759234673955487	1	1.98923875499276	0.905341572960371	0.980085903943772	9	9
SingleM inject	sample4	70	50	class	0.0333621728955393	1	1	0	0	1	0.0661380570785885	1	1.53860547152396	0.700249527241897	0.982426542949529	9	9
SingleM inject	sample4	100	10	class	0.0186691239386559	1	1	0	0	1	0.0373112338858195	1	1.77894233212168	0.914195515648712	0.998553012365167	7	7
SingleM inject	sample4	100	50	class	0.0254696311661373	1	1	0	0	1	0.0504779033915724	1	1.44611004277779	0.807089382036764	0.98188591983556	6	6
SingleM inject	sample5	0	10	class	0.107298926791016	0.875	0.666666666666667	1	6	0.5	0.202305560377525	0.538461538461538	0.80882670601321	0.315338275065861	0.885438805660671	13	7
SingleM inject	sample5	0	50	class	0.0120026913781533	1	1	0	0	1	0.0239905468512518	1	0.707778073839091	0.43976724319154	0.998763951801522	5	5
SingleM inject	sample5	10	10	class	0.0050147324787633	1	1	0	0	1	0.0100050869380114	1	0.73672893079336	0.378603776310546	0.995138719838302	7	7
SingleM inject	sample5	10	50	class	0.005072474963762	1	1	0	0	1	0.0101265683191416	1	0.822954343031732	0.51133028287317	0.996376205202838	5	5
SingleM inject	sample5	50	10	class	0.00237221268819113	1	1	0	0	1	0.00473600410520247	1	0.875758748840128	0.421150934655592	0.996450035352345	8	8
SingleM inject	sample5	50	50	class	0.00109846542600017	1	1	0	0	1	0.00219487683574791	1	0.359740067042091	0.200774754212449	0.998130103866887	6	6
SingleM inject	sample5	70	10	class	0.00535234253664136	1	1	0	0	1	0.010677808396781	1	0.909319087027563	0.437290045813448	0.99497852084059	8	8
SingleM inject	sample5	70	50	class	0.020852707951569	1	1	0	0	1	0.0416967521085463	1	0.699653116578611	0.359550576843578	0.999584524244443	7	7
SingleM inject	sample5	100	10	class	0.00439893059638283	1	1	0	0	1	0.00879103716527646	1	0.811254269438373	0.504060618412697	0.99844870762571	5	5
SingleM inject	sample5	100	50	class	0.011244152209231	1	1	0	0	1	0.0224858522131893	1	0.662638016267955	0.411720148474561	0.999781912835485	5	5
SingleM joint	sample4	0	10	class	0.12903994703156	0.846153846153846	0.916666666666667	2	0	0.846153846153846	0.258079894063121	1	2.09116698503036	0.872084368634643	1	11	11
SingleM joint	sample4	0	50	class	0.0986489058039962	0.888888888888889	0.941176470588235	1	0	0.888888888888889	0.197297811607992	1	1.53367376755802	0.737541179599151	1	8	8
SingleM joint	sample4	10	10	class	0.129612347451543	0.916666666666667	0.956521739130435	1	0	0.916666666666667	0.259224694903087	1	2.130968637374	0.888682946894148	1	11	11
SingleM joint	sample4	10	50	class	0.0914285714285714	1	1	0	0	1	0.182857142857143	1	1.28472643877534	0.717019477691856	1	6	6
SingleM joint	sample4	50	10	class	0.0867802912922219	1	1	0	0	1	0.173560582584444	1	2.10665669966727	0.914909379930011	1	10	10
SingleM joint	sample4	50	50	class	0.0613616886208538	1	1	0	0	1	0.122723377241708	1	1.58644384008854	0.762918220248195	1	8	8
SingleM joint	sample4	70	10	class	0.0471279409717388	1	1	0	0	1	0.0942558819434776	1	2.03863716910827	0.927823760090918	1	9	9
SingleM joint	sample4	70	50	class	0.0253113947408889	1	1	0	0	1	0.0506227894817777	1	1.62997744257396	0.741834703373854	1	9	9
SingleM joint	sample4	100	10	class	0.0202189966895849	1	1	0	0	1	0.0404379933791699	1	1.77292837360628	0.911104952336563	1	7	7
SingleM joint	sample4	100	50	class	0.0272907949790795	1	1	0	0	1	0.054581589958159	1	1.5087597769705	0.842054864440325	1	6	6
SingleM joint	sample5	0	10	class	0.142508322454758	0.625	0.625	3	3	0.454545454545455	0.285016644909515	0.625	0.788971176705752	0.379414934679239	1	8	5
SingleM joint	sample5	0	50	class	0.0461140994010754	1	1	0	0	1	0.0922281988021508	1	0.659599240486768	0.409832050923416	1	5	5
SingleM joint	sample5	10	10	class	0.031291983130357	1	1	0	0	1	0.062583966260714	1	0.688519048555474	0.353828797742656	1	7	7
SingleM joint	sample5	10	50	class	0.0484106030791032	1	1	0	0	1	0.0968212061582063	1	0.743647446337278	0.462054137405395	1	5	5
SingleM joint	sample5	50	10	class	0.0185540101395203	1	1	0	0	1	0.0371080202790406	1	0.818028154839322	0.393388387431413	1	8	8
SingleM joint	sample5	50	50	class	0.0159913329752665	1	1	0	0	1	0.0319826659505331	1	0.405405405065524	0.226261064628382	1	6	6
SingleM joint	sample5	70	10	class	0.0443511756547211	1	1	0	0	1	0.0887023513094421	1	0.883837049057683	0.425035775876485	1	8	8
SingleM joint	sample5	70	50	class	0.0162701740928519	1	1	0	0	1	0.0325403481857038	1	0.643945068599396	0.330922303330405	1	7	7
SingleM joint	sample5	100	10	class	0.00476957746947502	1	1	0	0	1	0.00953915493895003	1	0.818408073771396	0.508505526959809	1	5	5
SingleM joint	sample5	100	50	class	0.00187464561154545	1	1	0	0	1	0.0037492912230909	1	0.687217741356484	0.426992390353936	1	5	5
SingleM nnls	sample4	0	10	class	0.122126841768097	0.846153846153846	0.916666666666667	2	0	0.846153846153846	0.244253683536195	1	2.09633726171386	0.874240541484287	1	11	11
SingleM nnls	sample4	0	50	class	0.0982994454713493	0.888888888888889	0.941176470588235	1	0	0.888888888888889	0.196598890942699	1	1.5371925243647	0.739233343930848	1	8	8
SingleM nnls	sample4	10	10	class	0.112321428571429	0.916666666666667	0.956521739130435	1	0	0.916666666666667	0.224642857142857	1	2.15015341764204	0.896683621688277	1	11	11
SingleM nnls	sample4	10	50	class	0.0891519868906186	1	1	0	0	1	0.178303973781237	1	1.29466475645405	0.722566158398388	1	6	6
SingleM nnls	sample4	50	10	class	0.0769221538923054	1	1	0	0	1	0.153844307784611	1	2.12524538997271	0.922982345555473	1	10	10
SingleM nnls	sample4	50	50	class	0.0490084144530606	1	1	0	0	1	0.0980168289061211	1	1.58358446520484	0.761543151593276	1	8	8
SingleM nnls	sample4	70	10	class	0.0385044578659764	1	1	0	0	1	0.0770089157319528	1	2.03267649559439	0.925110940666192	1	9	9
SingleM nnls	sample4	70	50	class	0.0276301130033424	1	1	0	0	1	0.0552602260066848	1	1.59418506751368	0.725544891476852	1	9	9
SingleM nnls	sample4	100	10	class	0.0400279524807827	1	1	0	0	1	0.0800559049615654	1	1.76947223998347	0.909328850996794	1	7	7
SingleM nnls	sample4	100	50	class	0.0168677365799668	1	1	0	0	1	0.0337354731599336	1	1.49726483276475	0.835639413927485	1	6	6
SingleM nnls	sample5	0	10	class	0.142163357093806	0.625	0.625	3	3	0.454545454545455	0.284326714187613	0.625	0.792205646874293	0.380970386036592	1	8	5
SingleM nnls	sample5	0	50	class	0.0133894420364026	1	1	0	0	1	0.0267788840728052	1	0.697098670159331	0.43313175660504	1	5	5
SingleM nnls	sample5	10	10	class	0.0361169579951945	1	1	0	0	1	0.0722339159903891	1	0.682762408921747	0.350870470177264	1	7	7
SingleM nnls	sample5	10	50	class	0.0443732030113075	1	1	0	0	1	0.088746406022615	1	0.743508739192766	0.461967953810837	1	5	5
SingleM nnls	sample5	50	10	class	0.0176690876727913	1	1	0	0	1	0.0353381753455826	1	0.81627897734323	0.392547210864997	1	8	8
SingleM nnls	sample5	50	50	class	0.0149278032449227	1	1	0	0	1	0.0298556064898453	1	0.40182060108552	0.224260347433038	1	6	6
SingleM nnls	sample5	70	10	class	0.031558938858998	1	1	0	0	1	0.0631178777179961	1	0.869108429483302	0.417952807070119	1	8	8
SingleM nnls	sample5	70	50	class	0.0295717886102892	1	1	0	0	1	0.0591435772205785	1	0.626679821218374	0.322049721320694	1	7	7
SingleM nnls	sample5	100	10	class	0.009017812409428	1	1	0	0	1	0.018035624818856	1	0.806872562620219	0.50133811089358	1	5	5
SingleM nnls	sample5	100	50	class	0.00166378963753653	1	1	0	0	1	0.00332757927507305	1	0.682922319669144	0.424323494800926	1	5	5
sylph	sample4	0	10	class	0.72	0.153846153846154	0.266666666666667	11	0	0.153846153846154	1.44	1	0.692833845006572	0.999547952351013	1	2	2
sylph	sample4	0	50	class	0.36	0.222222222222222	0.363636363636364	7	0	0.222222222222222	0.72	1	0.66657764475046	0.961668262448934	1	2	2
sylph	sample4	10	10	class	0.72	0.166666666666667	0.285714285714286	10	0	0.166666666666667	1.44	1	0.452078192509256	0.652210966427149	1	2	2
sylph	sample4	10	50	class	0.4	0.333333333333333	0.5	4	0	0.333333333333333	0.8	1	0.505227137673049	0.728888686043433	1	2	2
sylph	sample4	50	10	class	0.18777761266903	0.7	0.823529411764706	3	0	0.7	0.37555522533806	1	1.86295659944561	0.957370308361889	1	7	7
sylph	sample4	50	50	class	0.153160696485759	0.75	0.857142857142857	2	0	0.75	0.306321392971517	1	1.4315001849266	0.79893546511761	1	6	6
sylph	sample4	70	10	class	0.124006426667137	0.777777777777778	0.875	2	0	0.777777777777778	0.248012853334275	1	1.88169606667562	0.967000489508281	1	7	7
sylph	sample4	70	50	class	0.0885279415056331	0.888888888888889	0.941176470588235	1	0	0.888888888888889	0.177055883011266	1	1.67790498815505	0.806901735164716	1	8	8
sylph	sample4	100	10	class	0.00577799052705836	1	1	0	0	1	0.0115559810541167	1	1.77282128977967	0.911049922135574	1	7	7
sylph	sample4	100	50	class	0.0036617583916349	1	1	0	0	1	0.00732351678326981	1	1.47980345932252	0.825894035855195	1	6	6
sylph	sample5	10	10	class	0.770187244002341	0.285714285714286	0.444444444444444	5	0	0.285714285714286	1.54037448800468	1	0.00605287656226262	0.00873245499948931	1	2	2
sylph	sample5	10	50	class	0.880339379754242	0.4	0.571428571428572	3	0	0.4	1.76067875950848	1	0.443091281626179	0.639245594663224	1	2	2
sylph	sample5	50	10	class	0.0238003045897055	0.75	0.857142857142857	2	0	0.75	0.047600609179411	1	0.802229043414456	0.44773255405765	1	6	6
sylph	sample5	50	50	class	0.258234358161859	0.666666666666667	0.8	2	0	0.666666666666667	0.516468716323718	1	0.818393321824297	0.590345993446279	1	4	4
sylph	sample5	70	10	class	0.951287302516091	0.625	0.769230769230769	3	0	0.625	1.90257460503218	1	1.16577813293151	0.724338679936029	1	5	5
sylph	sample5	70	50	class	0.0127350367072531	0.714285714285714	0.833333333333333	2	0	0.714285714285714	0.0254700734145062	1	0.653008827504467	0.405737197104337	1	5	5
sylph	sample5	100	10	class	0.00765898994671531	1	1	0	0	1	0.0153179798934306	1	0.837542620659343	0.520394489398259	1	5	5
sylph	sample5	100	50	class	0.00672137746755787	1	1	0	0	1	0.0134427549351157	1	0.701093493271933	0.435613879762286	1	5	5
SingleM	sample4	0	10	order	0.0778061728357547	1	1	0	0	1	0.14150317767339	1	2.48965985391503	0.84554642549252	0.858662613981763	19	19
SingleM	sample4	0	50	order	0.068146286990508	1	1	0	0	1	0.129513198036875	1	1.95389056553619	0.740374429766953	0.900517309988062	14	14
SingleM	sample4	10	10	order	0.0711177516897901	1	1	0	0	1	0.136888523692139	1	2.72358388838903	0.924992471455486	0.92481511914544	19	19
SingleM	sample4	10	50	order	0.0758279082932353	0.909090909090909	0.909090909090909	1	1	0.833333333333333	0.143819621527312	0.909090909090909	1.69618797300472	0.707365326687201	0.896658166689035	11	10
SingleM	sample4	50	10	order	0.0912692337733344	1	1	0	0	1	0.177478736330498	1	2.73920085181517	0.930296355671336	0.944562575941677	19	19
SingleM	sample4	50	50	order	0.0553824160114367	1	1	0	0	1	0.106355525051476	1	1.81208110495671	0.729235082175545	0.920384351407001	12	12
SingleM	sample4	70	10	order	0.0394143484626647	1	1	0	0	1	0.0770744403956273	1	2.74132001189257	0.931016071750492	0.955491931285789	19	19
SingleM	sample4	70	50	order	0.0360224492732768	1	1	0	0	1	0.0703739105988193	1	1.89527930379733	0.738914902270445	0.953612594883329	13	13
SingleM	sample4	100	10	order	0.0526367147794267	1	1	0	0	1	0.10330629073015	1	2.61014284022231	0.941410032900141	0.962628009043756	16	16
SingleM	sample4	100	50	order	0.0299670488994333	1	1	0	0	1	0.0584247719388412	1	1.7181126383191	0.746166838110224	0.949633817294103	10	10
SingleM	sample5	0	10	order	0.0292629684648145	0.909090909090909	0.769230769230769	1	5	0.625	0.0504650768133049	0.666666666666667	0.788330565342192	0.291106333634927	0.870821546527644	15	10
SingleM	sample5	0	50	order	0.00963752354945387	0.857142857142857	0.923076923076923	1	0	0.857142857142857	0.0192148428928227	1	0.869407243271512	0.485225421270456	0.993753145631643	6	6
SingleM	sample5	10	10	order	0.00632943282167134	0.9	0.947368421052632	1	0	0.9	0.0126120383637612	1	0.878853456845096	0.399983445438502	0.992601662597458	9	9
SingleM	sample5	10	50	order	0.00667843771395465	0.857142857142857	0.923076923076923	1	0	0.857142857142857	0.0133041469550944	1	0.824625554892345	0.460232285111137	0.992104669524024	6	6
SingleM	sample5	50	10	order	0.00416405965026004	1	1	0	0	1	0.00831002482731676	1	0.901643281870168	0.391578701961352	0.99565460758897	10	10
SingleM	sample5	50	50	order	0.00361973319494176	1	1	0	0	1	0.00721411086029425	1	0.36356764272907	0.186836808937747	0.992995193782595	7	7
SingleM	sample5	70	10	order	0.00584888844205226	0.818181818181818	0.9	2	0	0.818181818181818	0.0116640806323051	1	0.915420667624992	0.416625900268598	0.994238862284139	9	9
SingleM	sample5	70	50	order	0.0047344135024838	1	1	0	0	1	0.00942428923577387	1	0.678809377266878	0.348839013762491	0.990592758919268	7	7
SingleM	sample5	100	10	order	0.00452971694484362	1	1	0	0	1	0.00905203889781445	1	0.894024982950214	0.406888304532837	0.998367449453724	9	9
SingleM	sample5	100	50	order	0.00299294962550502	0.833333333333333	0.909090909090909	1	0	0.833333333333333	0.00597072737377594	1	0.683062339252125	0.424410493859355	0.99493079432249	5	5
SingleM dev	sample4	0	10	order	0.773264354601776	0.263157894736842	0.416666666666667	14	0	0.263157894736842	0.837251116553811	1	0.416451218142697	0.258755690371964	0.122748883446189	5	5
SingleM dev	sample4	0	50	order	0.436200610897625	0.285714285714286	0.444444444444444	10	0	0.285714285714286	0.607436882546652	1	0.482235922603754	0.347859687039475	0.392563117453348	4	4
SingleM dev	sample4	10	10	order	0.722313216580572	0.473684210526316	0.642857142857143	10	0	0.473684210526316	0.838771031455743	1	0.58708741307666	0.267194996420625	0.161228968544257	9	9
SingleM dev	sample4	10	50	order	0.362457722660654	0.545454545454545	0.705882352941176	5	0	0.545454545454545	0.53206454282168	1	0.512205911519109	0.285867562201183	0.46793545717832	6	6
SingleM dev	sample4	50	10	order	0.722960151802657	0.368421052631579	0.538461538461538	12	0	0.368421052631579	0.83920704845815	1	0.560131930548952	0.287850870617475	0.16079295154185	7	7
SingleM dev	sample4	50	50	order	0.36447508983199	0.5	0.666666666666667	6	0	0.5	0.53423487544484	1	0.596665614099416	0.33300541972661	0.46576512455516	6	6
SingleM dev	sample4	70	10	order	0.614845631705715	0.526315789473684	0.689655172413793	9	0	0.526315789473684	0.761491525423729	1	0.803080556120403	0.348773454046886	0.238508474576271	10	10
SingleM dev	sample4	70	50	order	0.361886904174479	0.538461538461538	0.7	6	0	0.538461538461538	0.531449275362319	1	0.63958948344857	0.328683975341345	0.468550724637681	7	7
SingleM dev	sample4	100	10	order	0.625418060200669	0.6875	0.814814814814815	5	0	0.6875	0.769547325102881	1	0.789556125854318	0.32927047932869	0.230452674897119	11	11
SingleM dev	sample4	100	50	order	0.291738382099828	0.7	0.823529411764706	3	0	0.7	0.451698867421719	1	0.809583559801593	0.41604364939184	0.548301132578281	7	7
SingleM dev	sample5	0	10	order	0.820242005494515	0.454545454545455	0.625	6	0	0.454545454545455	0.769406939031609	1	0.280314347087961	0.174169096504018	0.0843086841398365	5	5
SingleM dev	sample5	0	50	order	0.0341555400103409	0.714285714285714	0.833333333333333	2	0	0.714285714285714	0.0660549379448266	1	0.778935955842028	0.483980121149235	0.933945062055173	5	5
SingleM dev	sample5	10	10	order	0.538966609938523	0.5	0.666666666666667	5	0	0.5	0.700712073974463	1	0.754972977602294	0.469091085632796	0.300102939687468	5	5
SingleM dev	sample5	10	50	order	0.0560706980041067	0.571428571428571	0.727272727272727	3	0	0.571428571428571	0.106187394669838	1	0.7134541452823	0.514648378650224	0.893812605330162	4	4
SingleM dev	sample5	50	10	order	0.044440471526222	0.6	0.75	4	0	0.6	0.0850990989678558	1	0.760852768551328	0.424640015369433	0.914900901032144	6	6
SingleM dev	sample5	50	50	order	0.0701822978750457	0.285714285714286	0.444444444444444	5	0	0.285714285714286	0.1311595192976	1	0.189303348978017	0.273107002794258	0.868840480702401	2	2
SingleM dev	sample5	70	10	order	0.0525897625937255	0.545454545454545	0.705882352941176	5	0	0.545454545454545	0.101222061860256	1	0.714551343784583	0.398798698182649	0.924748408587277	6	6
SingleM dev	sample5	70	50	order	0.601393710817494	0.571428571428571	0.727272727272727	3	0	0.571428571428571	0.751087888949544	1	0.429251120139476	0.309639231160627	0.248912111050456	4	4
SingleM dev	sample5	100	10	order	0.0834499059379673	0.666666666666667	0.8	3	0	0.666666666666667	0.154044788744936	1	0.772919290817238	0.431374469671554	0.845955211255064	6	6
SingleM dev	sample5	100	50	order	0.303958323190029	0.5	0.6	3	1	0.428571428571429	0.466658776481434	0.75	0.533901438680398	0.385128478953846	0.535272242535989	4	3
SingleM inject	sample4	0	10	order	0.0788469845287128	1	1	0	0	1	0.143263783335636	1	2.48521136365844	0.844035614676584	0.856984938510433	19	19
SingleM inject	sample4	0	50	order	0.0710114237949289	1	1	0	0	1	0.134437557694844	1	1.94200078613979	0.735869116728476	0.893182117895292	14	14
SingleM inject	sample4	10	10	order	0.0709754535752401	1	1	0	0	1	0.136614626129827	1	2.72361237148041	0.925002144976174	0.92481511914544	19	19
SingleM inject	sample4	10	50	order	0.0766119909502263	0.909090909090909	0.909090909090909	1	1	0.833333333333333	0.145430143604885	0.909090909090909	1.70007202667097	0.70898510287606	0.898268688766608	11	10
SingleM inject	sample4	50	10	order	0.0900232018561485	1	1	0	0	1	0.176631259484067	1	2.77847845358584	0.943635943296884	0.96206373292868	19	19
SingleM inject	sample4	50	50	order	0.0615232443125618	1	1	0	0	1	0.119484083424808	1	1.85796566102857	0.747700385922781	0.942096597145994	12	12
SingleM inject	sample4	70	10	order	0.0393290734824281	1	1	0	0	1	0.0769074580242093	1	2.7412707193853	0.930999330867895	0.955486138227255	19	19
SingleM inject	sample4	70	50	order	0.0360449050086355	1	1	0	0	1	0.0704175453395191	1	1.89544609623505	0.738979929845837	0.953606073386757	13	13
SingleM inject	sample4	100	10	order	0.0476787255227348	1	1	0	0	1	0.0944856616679821	1	2.63149519341061	0.949111266414159	0.981715338068929	16	16
SingleM inject	sample4	100	50	order	0.0299525566684239	1	1	0	0	1	0.0583967112024667	1	1.71798239731181	0.746110275159438	0.949640287769784	10	10
SingleM inject	sample5	0	10	order	0.028952308060502	0.909090909090909	0.740740740740741	1	6	0.588235294117647	0.0499265164665685	0.625	0.790777530411745	0.285212705392862	0.870724320001185	16	10
SingleM inject	sample5	0	50	order	0.00963752354945384	0.857142857142857	0.923076923076923	1	0	0.857142857142857	0.0192148428928226	1	0.869407243271512	0.485225421270456	0.993753145631643	6	6
SingleM inject	sample5	10	10	order	0.00627899801180875	1	1	0	0	1	0.0125121869116039	1	0.879165776812504	0.381816845547856	0.992704391381002	10	10
SingleM inject	sample5	10	50	order	0.00665412963321565	0.857142857142857	0.923076923076923	1	0	0.857142857142857	0.0132560139990182	1	0.824635641552944	0.460237914583603	0.992148444606149	6	6
SingleM inject	sample5	50	10	order	0.00416405965026005	1	1	0	0	1	0.00831002482731679	1	0.901607861416951	0.391563319053974	0.99565460758897	10	10
SingleM inject	sample5	50	50	order	0.00361156666730771	1	1	0	0	1	0.00719830984817994	1	0.364058104235116	0.1870888562927	0.993126670854455	7	7
SingleM inject	sample5	70	10	order	0.00566596682469815	1	1	0	0	1	0.0113013852534342	1	0.917601089345242	0.38266937666314	0.994608440729131	11	11
SingleM inject	sample5	70	50	order	0.02100633074261	1	1	0	0	1	0.0419976138625703	1	0.698630804687141	0.359025212457167	0.999283662490419	7	7
SingleM inject	sample5	100	10	order	0.00457019338797643	1	1	0	0	1	0.00913329706980106	1	0.894252180614398	0.406991706645906	0.99844870762571	9	9
SingleM inject	sample5	100	50	order	0.0112690551441812	1	1	0	0	1	0.0225350977019508	1	0.663195654482994	0.370136542249568	0.999732667346724	6	6
SingleM joint	sample4	0	10	order	0.131191474603525	0.947368421052632	0.972972972972973	1	0	0.947368421052632	0.257135290222909	1	2.69254038069922	0.931555040746404	1	18	18
SingleM joint	sample4	0	50	order	0.106983824928639	0.857142857142857	0.923076923076923	2	0	0.857142857142857	0.213967649857279	1	1.90691980193454	0.767400981480422	1	12	12
SingleM joint	sample4	10	10	order	0.133065326633166	0.947368421052632	0.972972972972973	1	0	0.947368421052632	0.266130653266332	1	2.75512619992782	0.953208248178156	1	18	18
SingleM joint	sample4	10	50	order	0.122116402116402	0.818181818181818	0.9	2	0	0.818181818181818	0.244232804232804	1	1.56179110140585	0.710801762148171	1	9	9
SingleM joint	sample4	50	10	order	0.102634025410598	1	1	0	0	1	0.205268050821196	1	2.85853723408338	0.970825768273391	1	19	19
SingleM joint	sample4	50	50	order	0.0661291858435169	1	1	0	0	1	0.132258371687034	1	1.93669210421809	0.779382237309929	1	12	12
SingleM joint	sample4	70	10	order	0.0766030906306557	1	1	0	0	1	0.153206181261311	1	2.79179374901869	0.948158127498038	1	19	19
SingleM joint	sample4	70	50	order	0.0467230508995849	1	1	0	0	1	0.0934461017991697	1	1.9475923200608	0.759310243063934	1	13	13
SingleM joint	sample4	100	10	order	0.0355334861217214	1	1	0	0	1	0.0710669722434428	1	2.67781554053876	0.965817800187666	1	16	16
SingleM joint	sample4	100	50	order	0.0341004184100418	1	1	0	0	1	0.0682008368200837	1	1.80541277114373	0.78408080406538	1	10	10
SingleM joint	sample5	0	10	order	0.0871736972832954	0.727272727272727	0.695652173913044	3	4	0.533333333333333	0.161595244583663	0.666666666666667	0.823868481601522	0.331549067113572	1	12	8
SingleM joint	sample5	0	50	order	0.0461872415894897	0.857142857142857	0.923076923076923	1	0	0.857142857142857	0.0923744831789793	1	0.790027617036	0.440922808336751	1	6	6
SingleM joint	sample5	10	10	order	0.0473134318569846	1	1	0	0	1	0.0946268637139692	1	0.832262754125106	0.361447121610136	1	10	10
SingleM joint	sample5	10	50	order	0.0485079465662102	1	1	0	0	1	0.0970158931324205	1	0.753353360679969	0.387147043272117	1	7	7
SingleM joint	sample5	50	10	order	0.019748778076552	1	1	0	0	1	0.039497556153104	1	0.84434127519155	0.366692756658845	1	10	10
SingleM joint	sample5	50	50	order	0.0159913329752665	1	1	0	0	1	0.0319826659505331	1	0.406458312634863	0.208878253105462	1	7	7
SingleM joint	sample5	70	10	order	0.0447900287852067	0.909090909090909	0.952380952380952	1	0	0.909090909090909	0.0895800575704135	1	0.893292250749301	0.387951895227357	1	10	10
SingleM joint	sample5	70	50	order	0.0162701740928519	1	1	0	0	1	0.0325403481857038	1	0.643945068599396	0.330922303330405	1	7	7
SingleM joint	sample5	100	10	order	0.00523105968414971	1	1	0	0	1	0.0104621193682994	1	0.902901942910422	0.410928383117326	1	9	9
SingleM joint	sample5	100	50	order	0.00187464561154543	1	1	0	0	1	0.00374929122309086	1	0.687909299324963	0.383929490056684	1	6	6
SingleM nnls	sample4	0	10	order	0.127299350233367	0.947368421052632	0.972972972972973	1	0	0.947368421052632	0.249506726457399	1	2.69846890940749	0.93360617091403	1	18	18
SingleM nnls	sample4	0	50	order	0.102846580406654	0.857142857142857	0.923076923076923	2	0	0.857142857142857	0.205693160813309	1	1.94328332049461	0.782034737868482	1	12	12
SingleM nnls	sample4	10	10	order	0.123035714285714	0.947368421052632	0.972972972972973	1	0	0.947368421052632	0.246071428571429	1	2.76633351005211	0.957085711377716	1	18	18
SingleM nnls	sample4	10	50	order	0.116075378943056	0.818181818181818	0.9	2	0	0.818181818181818	0.232150757886112	1	1.57225936816898	0.715566075669467	1	9	9
SingleM nnls	sample4	50	10	order	0.0865756712164392	1	1	0	0	1	0.173151342432878	1	2.86736745206564	0.973824715796074	1	19	19
SingleM nnls	sample4	50	50	order	0.0490084144530606	1	1	0	0	1	0.0980168289061212	1	1.93037102160358	0.776838446534107	1	12	12
SingleM nnls	sample4	70	10	order	0.0756571757262007	1	1	0	0	1	0.151314351452401	1	2.78466086198783	0.945735633066559	1	19	19
SingleM nnls	sample4	70	50	order	0.0517650803756168	1	1	0	0	1	0.103530160751234	1	1.9183348729167	0.747903605712988	1	13	13
SingleM nnls	sample4	100	10	order	0.0521034241788958	1	1	0	0	1	0.104206848357792	1	2.67431183241075	0.964554104602417	1	16	16
SingleM nnls	sample4	100	50	order	0.0314111787493082	1	1	0	0	1	0.0628223574986164	1	1.79415242203837	0.779190496584616	1	10	10
SingleM nnls	sample5	0	10	order	0.0868237402073378	0.727272727272727	0.695652173913044	3	4	0.533333333333333	0.160946523684521	0.666666666666667	0.827819056600791	0.333138895447608	1	12	8
SingleM nnls	sample5	0	50	order	0.0168759497877833	0.857142857142857	0.923076923076923	1	0	0.857142857142857	0.0337518995755667	1	0.8410414930421	0.469394194637323	1	6	6
SingleM nnls	sample5	10	10	order	0.0474002423424063	1	1	0	0	1	0.0948004846848126	1	0.822229595369138	0.35708977612636	1	10	10
SingleM nnls	sample5	10	50	order	0.0444708261783901	1	1	0	0	1	0.0889416523567801	1	0.755357473623168	0.388176953591549	1	7	7
SingleM nnls	sample5	50	10	order	0.0194424980199118	1	1	0	0	1	0.0388849960398236	1	0.844352031062009	0.366697427874033	1	10	10
SingleM nnls	sample5	50	50	order	0.0149278032449227	1	1	0	0	1	0.0298556064898453	1	0.402805848822285	0.207001258006612	1	7	7
SingleM nnls	sample5	70	10	order	0.032123043480137	0.909090909090909	0.952380952380952	1	0	0.909090909090909	0.0642460869602741	1	0.877257288013644	0.380987999393737	1	10	10
SingleM nnls	sample5	70	50	order	0.0295717886102892	1	1	0	0	1	0.0591435772205785	1	0.626679821218374	0.322049721320694	1	7	7
SingleM nnls	sample5	100	10	order	0.00907733607551274	1	1	0	0	1	0.0181546721510255	1	0.888774165581603	0.404498554562456	1	9	9
SingleM nnls	sample5	100	50	order	0.00168089947791264	1	1	0	0	1	0.00336179895582529	1	0.683678856152381	0.381568434767046	1	6	6
sylph	sample4	0	10	order	0.836734693877551	0.105263157894737	0.190476190476191	17	0	0.105263157894737	1.64	1	0.692833845006572	0.999547952351013	1	2	2
sylph	sample4	0	50	order	0.44	0.214285714285714	0.352941176470588	11	0	0.214285714285714	0.88	1	0.933217643609414	0.849451306193552	1	3	3
sylph	sample4	10	10	order	0.72	0.210526315789474	0.347826086956522	15	0	0.210526315789474	1.44	1	1.3321281474394	0.960927336069708	1	4	4
sylph	sample4	10	50	order	0.44	0.181818181818182	0.307692307692308	9	0	0.181818181818182	0.88	1	0.505227137673049	0.728888686043433	1	2	2
sylph	sample4	50	10	order	0.292120491646677	0.68421052631579	0.8125	6	0	0.68421052631579	0.584240983293353	1	2.52173532388567	0.983152090917445	1	13	13
sylph	sample4	50	50	order	0.193160696485758	0.666666666666667	0.8	4	0	0.666666666666667	0.386321392971517	1	1.71331391984258	0.823929831880973	1	8	8
sylph	sample4	70	10	order	0.250287611010081	0.68421052631579	0.8125	6	0	0.68421052631579	0.500575222020163	1	2.47927833973139	0.966599333635602	1	13	13
sylph	sample4	70	50	order	0.141463851376558	0.769230769230769	0.869565217391305	3	0	0.769230769230769	0.282927702753115	1	1.84090077583366	0.799493048675973	1	10	10
sylph	sample4	100	10	order	0.00957522926534313	1	1	0	0	1	0.0191504585306863	1	2.67782420789247	0.965820926274722	1	16	16
sylph	sample4	100	50	order	0.00422599954537421	1	1	0	0	1	0.00845199909074842	1	1.77406648197352	0.770467283650614	1	10	10
sylph	sample5	10	10	order	0.926418958455237	0.3	0.461538461538462	7	0	0.3	1.85283791691047	1	0.0293683976365584	0.0267322675519704	1	3	3
sylph	sample5	10	50	order	0.880339379754242	0.285714285714286	0.444444444444444	5	0	0.285714285714286	1.76067875950848	1	0.443091281626179	0.639245594663224	1	2	2
sylph	sample5	50	10	order	0.0296225863077824	0.7	0.823529411764706	3	0	0.7	0.0592451726155647	1	0.808433834982138	0.415452807712941	1	7	7
sylph	sample5	50	50	order	0.258234358161859	0.714285714285714	0.833333333333333	2	0	0.714285714285714	0.516468716323718	1	0.820600339540057	0.509867658267717	1	5	5
sylph	sample5	70	10	order	0.951287302516091	0.636363636363636	0.777777777777778	4	0	0.636363636363636	1.90257460503218	1	1.32283302637085	0.679801699483939	1	7	7
sylph	sample5	70	50	order	0.0127350367072531	0.714285714285714	0.833333333333333	2	0	0.714285714285714	0.0254700734145062	1	0.653008827504467	0.405737197104337	1	5	5
sylph	sample5	100	10	order	0.00765898994671531	1	1	0	0	1	0.0153179798934306	1	0.926125085689913	0.42149769087905	1	9	9
sylph	sample5	100	50	order	0.00672797768317624	1	1	0	0	1	0.0134559553663525	1	0.701673775771977	0.391611590630677	1	6	6
SingleM	sample4	0	10	family	0.130713483855111	0.95	0.926829268292683	1	2	0.863636363636364	0.217496546007184	0.904761904761905	2.52057111632297	0.827903609804813	0.783918209450124	21	19
SingleM	sample4	0	50	family	0.101515151515151	0.928571428571429	0.928571428571429	1	1	0.866666666666667	0.188406950523942	0.928571428571429	1.83548102711621	0.695506310726415	0.855949064862714	14	13
SingleM	sample4	10	10	family	0.0880485768683295	1	0.978723404255319	0	1	0.958333333333333	0.160613530539578	0.958333333333333	2.8153165543753	0.885861821310645	0.864146809093399	24	23
SingleM	sample4	10	50	family	0.0806128173775445	0.916666666666667	0.956521739130435	1	0	0.916666666666667	0.150417393638438	1	1.66527358012806	0.694473023496422	0.865924037042008	11	11
SingleM	sample4	50	10	family	0.0976133239060413	1	1	0	0	1	0.188718104495747	1	2.81743729912551	0.925411901786569	0.933323207776428	21	21
SingleM	sample4	50	50	family	0.0577078521939954	1	1	0	0	1	0.109759780370625	1	1.83301745507687	0.71464079777815	0.901990391214825	13	13
SingleM	sample4	70	10	family	0.0429049237124392	1	1	0	0	1	0.0838053097345133	1	2.84893540955311	0.935757731410721	0.953279541905258	21	21
SingleM	sample4	70	50	family	0.0392393671069822	1	1	0	0	1	0.075996626370537	1	1.8578471759126	0.724321191959621	0.936744447568176	13	13
SingleM	sample4	100	10	family	0.0703698154328134	1	1	0	0	1	0.137417209735337	1	2.793924024659	0.932634751550885	0.952786274770581	20	20
SingleM	sample4	100	50	family	0.0347476882430648	1	1	0	0	1	0.0675934729538739	1	1.87864023173427	0.732427806525393	0.945265321855326	13	13
SingleM	sample5	0	10	family	0.02818449039186	0.727272727272727	0.727272727272727	3	3	0.571428571428571	0.0484273758938723	0.727272727272727	0.764245506536168	0.318715131226012	0.864512211377538	11	8
SingleM	sample5	0	50	family	0.00885050862195048	0.857142857142857	0.923076923076923	1	0	0.857142857142857	0.0176309248420781	1	0.867169985904801	0.483976784159765	0.992080409746277	6	6
SingleM	sample5	10	10	family	0.0108193885362419	0.909090909090909	0.909090909090909	1	1	0.833333333333333	0.0214708651039932	0.909090909090909	0.887070800694923	0.369937257376425	0.984480456734847	11	10
SingleM	sample5	10	50	family	0.00689508523098914	0.857142857142857	0.923076923076923	1	0	0.857142857142857	0.0137116478828867	1	0.823400787697699	0.459548729524753	0.988611804428662	6	6
SingleM	sample5	50	10	family	0.00430119749360066	0.9	0.947368421052632	1	0	0.9	0.00858253248699152	1	0.899406581555619	0.409337575609137	0.995382099929295	9	9
SingleM	sample5	50	50	family	0.003605126137312	1	1	0	0	1	0.00718489373321435	1	0.363520462582829	0.186812563138801	0.992965976655515	7	7
SingleM	sample5	70	10	family	0.00615273378418603	0.818181818181818	0.9	2	0	0.818181818181818	0.0122663154313184	1	0.915814202930971	0.41680500590488	0.993636627485125	9	9
SingleM	sample5	70	50	family	0.00529770099244171	1	1	0	0	1	0.0105396563529901	1	0.674381995302717	0.346563789510071	0.989477391802052	7	7
SingleM	sample5	100	10	family	0.0047625192038434	1	1	0	0	1	0.00951606719230847	1	0.900369582285347	0.375483280066108	0.998116287831219	11	11
SingleM	sample5	100	50	family	0.003078297243711	0.857142857142857	0.923076923076923	1	0	0.857142857142857	0.00613970089635958	1	0.689131555672069	0.384611644312374	0.994512033853478	6	6
SingleM dev	sample4	0	10	family	0.909049425854967	0.15	0.260869565217391	17	0	0.15	0.83807520530183	1	0.175923276955881	0.16013226756198	0.0419247946981703	3	3
SingleM dev	sample4	0	50	family	0.436200610897625	0.285714285714286	0.444444444444444	10	0	0.285714285714286	0.607436882546652	1	0.482235922603754	0.347859687039475	0.392563117453348	4	4
SingleM dev	sample4	10	10	family	0.848963029756537	0.260869565217391	0.413793103448276	17	0	0.260869565217391	0.881580102414045	1	0.293561663651065	0.163839884031722	0.0784198975859546	6	6
SingleM dev	sample4	10	50	family	0.373425513779714	0.333333333333333	0.5	8	0	0.333333333333333	0.543787063853262	1	0.454218751665895	0.327649570253581	0.456212936146738	4	4
SingleM dev	sample4	50	10	family	0.792947813822285	0.285714285714286	0.444444444444444	15	0	0.285714285714286	0.884518565135305	1	0.419929305362364	0.234367007723019	0.115481434864695	6	6
SingleM dev	sample4	50	50	family	0.402895656515227	0.384615384615385	0.555555555555556	8	0	0.384615384615385	0.574377224199288	1	0.462167769900189	0.287160981066496	0.425622775800712	5	5
SingleM dev	sample4	70	10	family	0.70816444701795	0.476190476190476	0.645161290322581	11	0	0.476190476190476	0.829152542372881	1	0.60072894438123	0.260893265664334	0.170847457627119	10	10
SingleM dev	sample4	70	50	family	0.36188690417448	0.538461538461538	0.7	6	0	0.538461538461538	0.531449275362319	1	0.63958948344857	0.328683975341345	0.468550724637681	7	7
SingleM dev	sample4	100	10	family	0.69811320754717	0.5	0.666666666666667	10	0	0.5	0.822222222222222	1	0.643475553099245	0.279457881950645	0.177777777777778	10	10
SingleM dev	sample4	100	50	family	0.353593651366219	0.384615384615385	0.555555555555556	8	0	0.384615384615385	0.522451698867422	1	0.580972156044247	0.360978296556709	0.477548301132578	5	5
SingleM dev	sample5	0	10	family	0.841425501304019	0.363636363636364	0.533333333333333	7	0	0.363636363636364	0.780197836610181	1	0.230553803053819	0.166309414161918	0.0735177865612648	4	4
SingleM dev	sample5	0	50	family	0.0844981700169841	0.714285714285714	0.833333333333333	2	0	0.714285714285714	0.155829068878301	1	0.623526020878116	0.387418499378519	0.844170931121699	5	5
SingleM dev	sample5	10	10	family	0.724283153793601	0.454545454545455	0.625	6	0	0.454545454545455	0.840440043193808	1	0.49677733979987	0.30866511591525	0.160374970468122	5	5
SingleM dev	sample5	10	50	family	0.0560706980041067	0.571428571428571	0.727272727272727	3	0	0.571428571428571	0.106187394669838	1	0.7134541452823	0.514648378650224	0.893812605330162	4	4
SingleM dev	sample5	50	10	family	0.044440471526222	0.6	0.75	4	0	0.6	0.0850990989678558	1	0.760852768551328	0.424640015369433	0.914900901032144	6	6
SingleM dev	sample5	50	50	family	0.0701822978750457	0.285714285714286	0.444444444444444	5	0	0.285714285714286	0.1311595192976	1	0.189303348978017	0.273107002794258	0.868840480702401	2	2
SingleM dev	sample5	70	10	family	0.0553095779819247	0.545454545454545	0.705882352941176	5	0	0.545454545454545	0.104821521828113	1	0.734797966165458	0.410098553285186	0.895178478171887	6	6
SingleM dev	sample5	70	50	family	0.601663741795267	0.428571428571429	0.6	4	0	0.428571428571429	0.751298448101069	1	0.427468580278561	0.38909866992003	0.248701551898932	3	3
SingleM dev	sample5	100	10	family	0.0839771406509525	0.545454545454545	0.705882352941176	5	0	0.545454545454545	0.154942641319027	1	0.769366405268393	0.429391566491824	0.845057358680973	6	6
SingleM dev	sample5	100	50	family	0.303958323190029	0.428571428571429	0.545454545454545	4	1	0.375	0.466658776481434	0.75	0.533901438680398	0.385128478953846	0.535272242535989	4	3
SingleM inject	sample4	0	10	family	0.128642676181507	0.95	0.926829268292683	1	2	0.863636363636364	0.214420339919856	0.904761904761905	2.52804959117403	0.830359980222188	0.786790106397679	21	19
SingleM inject	sample4	0	50	family	0.103201995012469	0.928571428571429	0.928571428571429	1	1	0.866666666666667	0.191011473031782	0.928571428571429	1.82949422193142	0.693237771457635	0.850850586838982	14	13
SingleM inject	sample4	10	10	family	0.0878984258163713	1	0.978723404255319	0	1	0.958333333333333	0.160339632977267	0.958333333333333	2.81534503746668	0.885870783742656	0.864146809093399	24	23
SingleM inject	sample4	10	50	family	0.0809238074681632	0.916666666666667	0.956521739130435	1	0	0.916666666666667	0.150954234330962	1	1.66448892447776	0.694145796674133	0.865387196349483	11	11
SingleM inject	sample4	50	10	family	0.0962974486621033	1	1	0	0	1	0.187860394537178	1	2.85663344047369	0.938286216937778	0.950834597875569	21	21
SingleM inject	sample4	50	50	family	0.0625642485940058	1	1	0	0	1	0.120587266739846	1	1.88629340299532	0.73541155793506	0.927414928649835	13	13
SingleM inject	sample4	70	10	family	0.0428146864796428	1	1	0	0	1	0.0836287908369127	1	2.84890041197374	0.935746236149942	0.953273460887674	21	21
SingleM inject	sample4	70	50	family	0.0392624854819977	1	1	0	0	1	0.0760410515956699	1	1.85801082488462	0.724384993988124	0.936735554618305	13	13
SingleM inject	sample4	100	10	family	0.0602153968887116	1	1	0	0	1	0.119147592738753	1	2.86246115178841	0.955513006638784	0.978689818468824	20	20
SingleM inject	sample4	100	50	family	0.0347272487121913	1	1	0	0	1	0.0675539568345325	1	1.8784888067845	0.732368770291663	0.945272353545735	13	13
SingleM inject	sample5	0	10	family	0.0278001733145949	0.727272727272727	0.695652173913044	3	4	0.533333333333333	0.0477628862857274	0.666666666666667	0.766102311098157	0.308302249971248	0.864363100483571	12	8
SingleM inject	sample5	0	50	family	0.00885050862195046	0.857142857142857	0.923076923076923	1	0	0.857142857142857	0.017630924842078	1	0.867169985904801	0.483976784159765	0.992080409746277	6	6
SingleM inject	sample5	10	10	family	0.0106228171885123	1	0.956521739130435	0	1	0.916666666666667	0.0210839737824591	0.916666666666667	0.887086274692524	0.356989778577077	0.984781758765427	12	11
SingleM inject	sample5	10	50	family	0.0068525563834777	0.857142857142857	0.923076923076923	1	0	0.857142857142857	0.0136271255143903	1	0.823377643203624	0.459535812336664	0.988619246861925	6	6
SingleM inject	sample5	50	10	family	0.00430119749360068	0.9	0.947368421052632	1	0	0.9	0.00858253248699155	1	0.899371161102402	0.409321455066166	0.995382099929295	9	9
SingleM inject	sample5	50	50	family	0.00359696045353568	1	1	0	0	1	0.00716909272110004	1	0.364010924088875	0.187064610493754	0.993097453727375	7	7
SingleM inject	sample5	70	10	family	0.00609421195171445	0.909090909090909	0.952380952380952	1	0	0.909090909090909	0.0121503925679587	1	0.916254543436782	0.397924292233378	0.993759433414606	10	10
SingleM inject	sample5	70	50	family	0.0215736723904201	1	1	0	0	1	0.0431079370024208	1	0.694189113690502	0.356742634816675	0.998173339350568	7	7
SingleM inject	sample5	100	10	family	0.00465851997815275	1	1	0	0	1	0.00930922820906981	1	0.90183757554698	0.376095480806602	0.998323126814458	11	11
SingleM inject	sample5	100	50	family	0.0114362923342087	1	1	0	0	1	0.022865745983635	1	0.669108786586859	0.343853896292022	0.999402019065039	7	7
SingleM joint	sample4	0	10	family	0.177862197532835	0.95	0.926829268292683	1	2	0.863636363636364	0.33438093136173	0.904761904761905	2.92544667386383	0.960888524786622	1	21	19
SingleM joint	sample4	0	50	family	0.106983824928639	0.857142857142857	0.923076923076923	2	0	0.857142857142857	0.213967649857279	1	1.90691980193454	0.767400981480422	1	12	12
SingleM joint	sample4	10	10	family	0.123247432497766	1	1	0	0	1	0.241564967695621	1	3.05671469393051	0.974874926702649	1	23	23
SingleM joint	sample4	10	50	family	0.122116402116402	0.833333333333333	0.909090909090909	2	0	0.833333333333333	0.244232804232804	1	1.63085881700901	0.708272984990277	1	10	10
SingleM joint	sample4	50	10	family	0.104313603966532	1	1	0	0	1	0.208627207933065	1	2.97088894295232	0.975814435177503	1	21	21
SingleM joint	sample4	50	50	family	0.0704205681637835	1	1	0	0	1	0.140841136327567	1	1.99385750768287	0.777347709373934	1	13	13
SingleM joint	sample4	70	10	family	0.0799888625922316	1	1	0	0	1	0.159977725184463	1	2.91502533580456	0.957465545231556	1	21	21
SingleM joint	sample4	70	50	family	0.0467230508995848	1	1	0	0	1	0.0934461017991697	1	1.9475923200608	0.759310243063934	1	13	13
SingleM joint	sample4	100	10	family	0.0522994652406417	1	1	0	0	1	0.104598930481283	1	2.90770670173647	0.970616342256414	1	20	20
SingleM joint	sample4	100	50	family	0.0353974895397489	1	1	0	0	1	0.0707949790794979	1	1.99154717452944	0.77644697691046	1	13	13
SingleM joint	sample5	0	10	family	0.0871736972832954	0.727272727272727	0.695652173913044	3	4	0.533333333333333	0.161595244583663	0.666666666666667	0.823868481601522	0.331549067113572	1	12	8
SingleM joint	sample5	0	50	family	0.0461872415894897	0.857142857142857	0.923076923076923	1	0	0.857142857142857	0.0923744831789793	1	0.790027617036	0.440922808336751	1	6	6
SingleM joint	sample5	10	10	family	0.0473134318569846	1	0.956521739130435	0	1	0.916666666666667	0.0946268637139692	0.916666666666667	0.9145802694677	0.368054176017327	1	12	11
SingleM joint	sample5	10	50	family	0.0485079465662102	1	1	0	0	1	0.0970158931324205	1	0.753353360679969	0.387147043272117	1	7	7
SingleM joint	sample5	50	10	family	0.019748778076552	1	1	0	0	1	0.039497556153104	1	0.84434127519155	0.366692756658845	1	10	10
SingleM joint	sample5	50	50	family	0.0159913329752665	1	1	0	0	1	0.0319826659505331	1	0.406458312634863	0.208878253105462	1	7	7
SingleM joint	sample5	70	10	family	0.0447900287852067	0.909090909090909	0.952380952380952	1	0	0.909090909090909	0.0895800575704135	1	0.893292250749301	0.387951895227357	1	10	10
SingleM joint	sample5	70	50	family	0.0162701740928519	1	1	0	0	1	0.0325403481857038	1	0.643945068599396	0.330922303330405	1	7	7
SingleM joint	sample5	100	10	family	0.00538501461095508	1	1	0	0	1	0.0107700292219102	1	0.910913834147916	0.379880574636135	1	11	11
SingleM joint	sample5	100	50	family	0.00192656151370729	1	1	0	0	1	0.00385312302741458	1	0.695290355031553	0.35730856091639	1	7	7
SingleM nnls	sample4	0	10	family	0.172243651778047	0.95	0.904761904761905	1	3	0.826086956521739	0.323818065342729	0.863636363636364	2.97442876750996	0.962273670579432	1	22	19
SingleM nnls	sample4	0	50	family	0.102846580406654	0.857142857142857	0.923076923076923	2	0	0.857142857142857	0.205693160813309	1	1.94328332049461	0.782034737868482	1	12	12
SingleM nnls	sample4	10	10	family	0.112427113702624	1	1	0	0	1	0.220357142857143	1	3.07385768233206	0.980342322660345	1	23	23
SingleM nnls	sample4	10	50	family	0.116075378943056	0.833333333333333	0.909090909090909	2	0	0.833333333333333	0.232150757886112	1	1.63910593847314	0.711854664333735	1	10	10
SingleM nnls	sample4	50	10	family	0.0869236538173091	1	1	0	0	1	0.173847307634618	1	2.9761297033091	0.977535808714399	1	21	21
SingleM nnls	sample4	50	50	family	0.0518858274212177	1	1	0	0	1	0.103771654842435	1	1.9897082826724	0.775730045852273	1	13	13
SingleM nnls	sample4	70	10	family	0.0781248202473396	1	1	0	0	1	0.156249640494679	1	2.90742535103259	0.95496926381881	1	21	21
SingleM nnls	sample4	70	50	family	0.0517650803756168	1	1	0	0	1	0.103530160751234	1	1.9183348729167	0.747903605712988	1	13	13
SingleM nnls	sample4	100	10	family	0.0756114605171209	1	1	0	0	1	0.151222921034242	1	2.88176067293196	0.961955345065994	1	20	20
SingleM nnls	sample4	100	50	family	0.0383619258439402	1	1	0	0	1	0.0767238516878804	1	1.97300502453157	0.769217925801154	1	13	13
SingleM nnls	sample5	0	10	family	0.0868237402073378	0.727272727272727	0.695652173913044	3	4	0.533333333333333	0.160946523684521	0.666666666666667	0.827819056600791	0.333138895447608	1	12	8
SingleM nnls	sample5	0	50	family	0.0168759497877833	0.857142857142857	0.923076923076923	1	0	0.857142857142857	0.0337518995755667	1	0.8410414930421	0.469394194637323	1	6	6
SingleM nnls	sample5	10	10	family	0.0474002423424063	1	0.956521739130435	0	1	0.916666666666667	0.0948004846848126	0.916666666666667	0.904512606076671	0.364002650221826	1	12	11
SingleM nnls	sample5	10	50	family	0.0444708261783901	1	1	0	0	1	0.0889416523567801	1	0.755357473623168	0.388176953591549	1	7	7
SingleM nnls	sample5	50	10	family	0.0194424980199118	1	1	0	0	1	0.0388849960398236	1	0.844352031062009	0.366697427874033	1	10	10
SingleM nnls	sample5	50	50	family	0.0149278032449227	1	1	0	0	1	0.0298556064898453	1	0.402805848822285	0.207001258006612	1	7	7
SingleM nnls	sample5	70	10	family	0.0321230434801371	0.909090909090909	0.952380952380952	1	0	0.909090909090909	0.0642460869602741	1	0.877257288013644	0.380987999393737	1	10	10
SingleM nnls	sample5	70	50	family	0.0295717886102892	1	1	0	0	1	0.0591435772205785	1	0.626679821218374	0.322049721320694	1	7	7
SingleM nnls	sample5	100	10	family	0.00932150556691192	1	1	0	0	1	0.0186430111338238	1	0.896197449449214	0.373743365532116	1	11	11
SingleM nnls	sample5	100	50	family	0.00168089947791265	1	1	0	0	1	0.00336179895582529	1	0.691041094077007	0.355124872755553	1	7	7
sylph	sample4	0	10	family	0.872340425531915	0.1	0.181818181818182	18	0	0.1	1.64	1	0.692833845006572	0.999547952351013	1	2	2
sylph	sample4	0	50	family	0.44	0.214285714285714	0.352941176470588	11	0	0.214285714285714	0.88	1	0.933217643609414	0.849451306193552	1	3	3
sylph	sample4	10	10	family	0.714285714285714	0.260869565217391	0.413793103448276	17	0	0.260869565217391	1.4	1	1.79123095968675	0.999705033208766	1	6	6
sylph	sample4	10	50	family	0.44	0.166666666666667	0.285714285714286	10	0	0.166666666666667	0.88	1	0.505227137673049	0.728888686043433	1	2	2
sylph	sample4	50	10	family	0.320645339333857	0.666666666666667	0.8	7	0	0.666666666666667	0.641290678667714	1	2.61400519528604	0.990507165551847	1	14	14
sylph	sample4	50	50	family	0.217104197153825	0.615384615384615	0.761904761904762	5	0	0.615384615384615	0.43420839430765	1	1.71331391984258	0.823929831880973	1	8	8
sylph	sample4	70	10	family	0.250287611010081	0.714285714285714	0.833333333333333	6	0	0.714285714285714	0.500575222020163	1	2.63339094298931	0.972430622562862	1	15	15
sylph	sample4	70	50	family	0.141463851376558	0.769230769230769	0.869565217391305	3	0	0.769230769230769	0.282927702753115	1	1.84090077583366	0.799493048675973	1	10	10
sylph	sample4	100	10	family	0.0109644260808223	1	1	0	0	1	0.0219288521616447	1	2.93973520420891	0.981307719037707	1	20	20
sylph	sample4	100	50	family	0.00608238830096231	1	1	0	0	1	0.0121647766019246	1	1.96121820413991	0.764622583457505	1	13	13
sylph	sample5	10	10	family	0.926418958455237	0.272727272727273	0.428571428571429	8	0	0.272727272727273	1.85283791691047	1	0.0293683976365584	0.0267322675519704	1	3	3
sylph	sample5	10	50	family	0.880339379754242	0.285714285714286	0.444444444444444	5	0	0.285714285714286	1.76067875950848	1	0.443091281626179	0.639245594663224	1	2	2
sylph	sample5	50	10	family	0.0296225863077824	0.7	0.823529411764706	3	0	0.7	0.0592451726155648	1	0.808433834982138	0.415452807712941	1	7	7
sylph	sample5	50	50	family	0.258234358161859	0.714285714285714	0.833333333333333	2	0	0.714285714285714	0.516468716323718	1	0.820600339540057	0.509867658267717	1	5	5
sylph	sample5	70	10	family	0.951287302516091	0.636363636363636	0.777777777777778	4	0	0.636363636363636	1.90257460503218	1	1.32283302637085	0.679801699483939	1	7	7
sylph	sample5	70	50	family	0.0127350367072531	0.714285714285714	0.833333333333333	2	0	0.714285714285714	0.0254700734145062	1	0.653008827504467	0.405737197104337	1	5	5
sylph	sample5	100	10	family	0.00768742540496284	1	1	0	0	1	0.0153748508099257	1	0.93488444950279	0.389877097681489	1	11	11
sylph	sample5	100	50	family	0.00672797768317624	1	1	0	0	1	0.0134559553663525	1	0.708944300103613	0.36432530065573	1	7	7
SingleM	sample4	0	10	genus	0.181269853857982	0.9375	0.857142857142857	1	4	0.75	0.227372202265819	0.789473684210526	1.93374612986978	0.656745187640878	0.574329925393755	19	15
SingleM	sample4	0	50	genus	0.186558628180359	0.923076923076923	0.923076923076923	1	1	0.857142857142857	0.308937524870672	0.923076923076923	1.56743589677505	0.611098184927244	0.695980899323518	13	12
SingleM	sample4	10	10	genus	0.150779883916138	1	0.952380952380952	0	2	0.909090909090909	0.236652971788551	0.909090909090909	2.43150867216618	0.78663062991077	0.729526157217201	22	20
SingleM	sample4	10	50	genus	0.14615537577578	1	1	0	0	1	0.224909408133137	1	1.32262982528396	0.574410834721488	0.658837739900684	10	10
SingleM	sample4	50	10	genus	0.170928953055191	1	0.936170212765957	0	3	0.88	0.313317132442284	0.88	2.83656457935938	0.881228333645186	0.873025516403402	25	22
SingleM	sample4	50	50	genus	0.112726180644192	0.928571428571429	0.928571428571429	1	1	0.866666666666667	0.206094715168154	0.928571428571429	1.74152145342744	0.659902850114036	0.828277282086479	14	13
SingleM	sample4	70	10	genus	0.0870806764624342	1	0.976744186046512	0	1	0.954545454545455	0.163508589276419	0.954545454545455	2.66232281100607	0.861302570630676	0.877667881311817	22	21
SingleM	sample4	70	50	genus	0.0744093537950145	1	0.962962962962963	0	1	0.928571428571429	0.136941242620186	0.928571428571429	1.85234168292688	0.70189520407157	0.880376721956705	14	13
SingleM	sample4	100	10	genus	0.0704041649541033	1	1	0	0	1	0.136688389413486	1	2.94884768781793	0.940473011507083	0.94148157999734	23	23
SingleM	sample4	100	50	genus	0.053040263493984	1	1	0	0	1	0.101385070024412	1	1.89810605703207	0.719236386315561	0.911473724784787	14	14
SingleM	sample5	0	10	genus	0.73494899784194	0.7	0.518518518518519	3	10	0.35	0.633806576656476	0.411764705882353	1.41672290740877	0.500041025989415	0.7400879752366	17	7
SingleM	sample5	0	50	genus	0.0908363584821812	0.857142857142857	0.631578947368421	1	6	0.461538461538462	0.176839379329815	0.5	1.03977342191548	0.418435606828204	0.946790715575688	12	6
SingleM	sample5	10	10	genus	0.0826699290795498	0.9	0.580645161290323	1	12	0.409090909090909	0.156812136624875	0.428571428571429	1.00704916664656	0.33077409913904	0.913668852483201	21	9
SingleM	sample5	10	50	genus	0.0904303704642036	0.857142857142857	0.666666666666667	1	5	0.5	0.166864146619059	0.545454545454545	0.867325137243459	0.361702676127003	0.845222415461749	11	6
SingleM	sample5	50	10	genus	0.018828009820057	0.727272727272727	0.727272727272727	3	3	0.571428571428571	0.0372265597472558	0.727272727272727	0.844370686299607	0.352129926556057	0.977190372378035	11	8
SingleM	sample5	50	50	genus	0.00439008306353891	1	1	0	0	1	0.00874223157151294	1	0.363132867585768	0.1866133787123	0.991359034666121	7	7
SingleM	sample5	70	10	genus	0.0289259341521571	0.833333333333333	0.8	2	3	0.666666666666667	0.0567010854211602	0.769230769230769	0.902294663477879	0.351778744033705	0.960216224060369	13	10
SingleM	sample5	70	50	genus	0.00715045994098495	1	0.75	0	4	0.6	0.0141296186706636	0.6	0.661789037962591	0.287411327371215	0.983357548540484	10	6
SingleM	sample5	100	10	genus	0.00502719424292905	0.833333333333333	0.909090909090909	2	0	0.833333333333333	0.0100409451020023	1	0.897346793353625	0.389712760707057	0.997325867430986	10	10
SingleM	sample5	100	50	genus	0.00339642463144955	0.714285714285714	0.833333333333333	2	0	0.714285714285714	0.00677151493732466	1	0.687687598505982	0.427284329015171	0.993718592964824	5	5
SingleM dev	sample4	0	10	genus	0.942385408693219	0.0625	0.117647058823529	15	0	0.0625	0.659829995677856	1	0.0787347961075118	0	0.0201700043221438	1	1
SingleM dev	sample4	0	50	genus	0.446677584238996	0.0769230769230769	0.142857142857143	12	0	0.0769230769230769	0.592821075740944	1	0.367878773784704	0	0.367178924259056	1	1
SingleM dev	sample4	10	10	genus	0.848963029756538	0.25	0.4	15	0	0.25	0.77138258961229	1	0.248223992591168	0.154230238192759	0.0686174103877103	5	5
SingleM dev	sample4	10	50	genus	0.344067539558162	0.1	0.181818181818182	9	0	0.1	0.450541994207696	1	0.362991355822424	0	0.429458005792305	1	1
SingleM dev	sample4	50	10	genus	0.886531576376307	0.227272727272727	0.37037037037037	17	0	0.227272727272727	0.902259282567653	1	0.235042557774832	0.146040152253749	0.0577407174323474	5	5
SingleM dev	sample4	50	50	genus	0.406969757660725	0.214285714285714	0.352941176470588	11	0	0.214285714285714	0.578505338078292	1	0.436764759980055	0.397560417342101	0.421494661921708	3	3
SingleM dev	sample4	70	10	genus	0.71252757459654	0.428571428571429	0.6	12	0	0.428571428571429	0.832135593220339	1	0.583383074277814	0.265509079178912	0.167864406779661	9	9
SingleM dev	sample4	70	50	genus	0.358351276530299	0.384615384615385	0.555555555555556	8	0	0.384615384615385	0.506521739130435	1	0.568398464995521	0.353165823051776	0.453478260869565	5	5
SingleM dev	sample4	100	10	genus	0.855197862323451	0.304347826086957	0.466666666666667	16	0	0.304347826086957	0.921947873799726	1	0.30732764951889	0.157935169652149	0.0780521262002743	7	7
SingleM dev	sample4	100	50	genus	0.373661572252219	0.214285714285714	0.352941176470588	11	0	0.214285714285714	0.544037308461026	1	0.48387846775332	0.440445162269161	0.455962691538974	3	3
SingleM dev	sample5	0	10	genus	0.389559622351568	0.3	0.461538461538462	7	0	0.3	0.0685694978835779	1	0.160740042301767	0.146311891792726	0.0537242411450938	3	3
SingleM dev	sample5	0	50	genus	0.957034116580572	0.285714285714286	0.444444444444444	5	0	0.285714285714286	0.978045409093583	1	0.0851409664643263	0.122832450094577	0.0219545909064173	2	2
SingleM dev	sample5	10	10	genus	0.882286653709028	0.2	0.333333333333333	8	0	0.2	0.921691927600624	1	0.176433546244043	0.254539802212734	0.0614853690640926	2	2
SingleM dev	sample5	10	50	genus	0.821708620185535	0.428571428571429	0.6	4	0	0.428571428571429	0.902129584369916	1	0.297083040495375	0.270416637024459	0.0978704156300841	3	3
SingleM dev	sample5	50	10	genus	0.0930841746552439	0.363636363636364	0.533333333333333	7	0	0.363636363636364	0.170314742109595	1	0.790381453358364	0.570139701585362	0.829685257890405	4	4
SingleM dev	sample5	50	50	genus	0.0701822978750457	0.285714285714286	0.444444444444444	5	0	0.285714285714286	0.1311595192976	1	0.189303348978017	0.273107002794258	0.868840480702401	2	2
SingleM dev	sample5	70	10	genus	0.141906212476529	0.333333333333333	0.5	8	0	0.333333333333333	0.248542675267117	1	0.396410054800674	0.285949410109727	0.751457324732883	4	4
SingleM dev	sample5	70	50	genus	0.599316755896991	0.5	0.666666666666667	3	0	0.5	0.743984229259641	1	0.427468580278561	0.38909866992003	0.248701551898932	3	3
SingleM dev	sample5	100	10	genus	0.093263134838707	0.5	0.666666666666667	6	0	0.5	0.170614249884986	1	0.726787789576799	0.405627988610503	0.829385750115014	6	6
SingleM dev	sample5	100	50	genus	0.303958323190029	0.428571428571429	0.545454545454545	4	1	0.375	0.466658776481434	0.75	0.533901438680398	0.385128478953846	0.535272242535989	4	3
SingleM inject	sample4	0	10	genus	0.180159785777833	0.9375	0.857142857142857	1	4	0.75	0.226093685228686	0.789473684210526	1.9358045041128	0.657444259436078	0.574962000829073	19	15
SingleM inject	sample4	0	50	genus	0.18718128027538	0.923076923076923	0.923076923076923	1	1	0.857142857142857	0.30921271264671	0.923076923076923	1.56173665994034	0.608876216365515	0.691942502967164	13	12
SingleM inject	sample4	10	10	genus	0.147575674255265	1	0.952380952380952	0	2	0.909090909090909	0.232270610791564	0.909090909090909	2.4423207283106	0.790128497153799	0.733908518214188	22	20
SingleM inject	sample4	10	50	genus	0.153469356537701	1	0.952380952380952	0	1	0.909090909090909	0.236988323714938	0.909090909090909	1.35397005276757	0.564649369022472	0.664206146825929	11	10
SingleM inject	sample4	50	10	genus	0.170101063131645	1	0.936170212765957	0	3	0.88	0.314658573596358	0.88	2.8743124945291	0.892955382846057	0.889833080424886	25	22
SingleM inject	sample4	50	50	genus	0.119994077583654	0.928571428571429	0.928571428571429	1	1	0.866666666666667	0.222403951701427	0.928571428571429	1.79576373644931	0.680456508578806	0.853457738748628	14	13
SingleM inject	sample4	70	10	genus	0.0896388888888889	1	0.976744186046512	0	1	0.954545454545455	0.168007288819472	0.954545454545455	2.65255225661201	0.858141645298369	0.87426786411558	22	21
SingleM inject	sample4	70	50	genus	0.0744357731725651	1	0.962962962962963	0	1	0.928571428571429	0.136988612399831	0.928571428571429	1.85250235095029	0.701956084910199	0.880359904400394	14	13
SingleM inject	sample4	100	10	genus	0.0605587488303703	1	1	0	0	1	0.119189686924494	1	3.01731276911185	0.962308510659371	0.968166272033675	23	23
SingleM inject	sample4	100	50	genus	0.0530170038309027	1	1	0	0	1	0.101341212744091	1	1.8979537175102	0.719178661339234	0.911485097636177	14	14
SingleM inject	sample5	0	10	genus	0.743179300599551	0.7	0.5	3	11	0.333333333333333	0.661447461988324	0.388888888888889	1.41076952550514	0.48809275888165	0.767730325762569	18	7
SingleM inject	sample5	0	50	genus	0.0924073159931998	0.857142857142857	0.631578947368421	1	6	0.461538461538462	0.179762966386096	0.5	1.04205544984529	0.419353962425185	0.945332622790657	12	6
SingleM inject	sample5	10	10	genus	0.0816524781209519	1	0.645161290322581	0	11	0.476190476190476	0.154870224420636	0.476190476190476	1.00203238240442	0.32912629251427	0.913522325742654	21	10
SingleM inject	sample5	10	50	genus	0.0885957454081651	0.857142857142857	0.705882352941176	1	4	0.545454545454545	0.163543523341047	0.6	0.857009137360934	0.372194339296519	0.845952337638712	10	6
SingleM inject	sample5	50	10	genus	0.0186135343229941	0.818181818181818	0.782608695652174	2	3	0.642857142857143	0.036806750649919	0.75	0.845920516066722	0.340423458619217	0.977418689606411	12	9
SingleM inject	sample5	50	50	genus	0.00438185896842815	1	1	0	0	1	0.00872643055939863	1	0.363623400697793	0.186865462865448	0.99149051173798	7	7
SingleM inject	sample5	70	10	genus	0.0288978591458261	0.916666666666667	0.846153846153846	1	3	0.733333333333333	0.0566543400891477	0.785714285714286	0.903387593692648	0.342314501301247	0.960503018692674	14	11
SingleM inject	sample5	70	50	genus	0.0219397688330221	1	0.75	0	4	0.6	0.0436161237656178	0.6	0.684051998725171	0.297080008381232	0.995307989312244	10	6
SingleM inject	sample5	100	10	genus	0.00482352549421302	1	1	0	0	1	0.00963611199612546	1	0.900722390907674	0.362477355430844	0.997732158290919	12	12
SingleM inject	sample5	100	50	genus	0.0114754409412014	1	1	0	0	1	0.0229431317516887	1	0.669034218166064	0.343815575704183	0.999324633296986	7	7
SingleM joint	sample4	0	10	genus	0.266786476232515	1	0.680851063829787	0	15	0.516129032258065	0.448201280070624	0.516129032258065	3.20381490448131	0.932972289557979	1	31	16
SingleM joint	sample4	0	50	genus	0.091904697178586	0.923076923076923	0.923076923076923	1	1	0.857142857142857	0.180133206470028	0.923076923076923	1.94896281981687	0.759844561510447	1	13	12
SingleM joint	sample4	10	10	genus	0.155022004432098	1	0.909090909090909	0	4	0.833333333333333	0.285240488155061	0.833333333333333	3.07701906778031	0.968208605655816	1	24	20
SingleM joint	sample4	10	50	genus	0.0757626927839694	1	0.952380952380952	0	1	0.909090909090909	0.142433862433862	0.909090909090909	1.6568453533629	0.690958179933082	1	11	10
SingleM joint	sample4	50	10	genus	0.168065366834679	1	0.936170212765957	0	3	0.88	0.329408118995972	0.88	3.14387086620794	0.97669839945959	1	25	22
SingleM joint	sample4	50	50	genus	0.106129185843517	0.928571428571429	0.896551724137931	1	2	0.8125	0.212258371687034	0.866666666666667	2.0856865315026	0.770180157906118	1	15	13
SingleM joint	sample4	70	10	genus	0.11381873868857	1	0.91304347826087	0	4	0.84	0.22763747737714	0.84	2.98110527111442	0.926132424271596	1	25	21
SingleM joint	sample4	70	50	genus	0.0598875872046497	1	0.962962962962963	0	1	0.928571428571429	0.117379670921113	0.928571428571429	1.99472931811065	0.755849179828715	1	14	13
SingleM joint	sample4	100	10	genus	0.0529157117392412	1	1	0	0	1	0.105831423478482	1	3.08546586236481	0.984044507781202	1	23	23
SingleM joint	sample4	100	50	genus	0.0353974895397489	1	1	0	0	1	0.0707949790794979	1	2.04719428639255	0.775729372537352	1	14	14
SingleM joint	sample5	0	10	genus	0.799129305320034	0.7	0.482758620689655	3	12	0.318181818181818	0.896857816035006	0.368421052631579	2.14797539259032	0.729502430781705	1	19	7
SingleM joint	sample5	0	50	genus	0.0786503460303333	0.857142857142857	0.631578947368421	1	6	0.461538461538462	0.157300692060667	0.5	1.04163957479393	0.419186601992796	1	12	6
SingleM joint	sample5	10	10	genus	0.284587414939626	1	0.645161290322581	0	11	0.476190476190476	0.564387300224768	0.476190476190476	1.74220663425056	0.572242993733137	1	21	10
SingleM joint	sample5	10	50	genus	0.0656261174405603	1	0.933333333333333	0	1	0.875	0.131252234881121	0.875	0.798815503165855	0.384149055000867	1	8	7
SingleM joint	sample5	50	10	genus	0.0255195244474749	0.818181818181818	0.818181818181818	2	2	0.692307692307692	0.0510390488949497	0.818181818181818	0.846722314184309	0.353110631556554	1	11	9
SingleM joint	sample5	50	50	genus	0.0159913329752665	1	1	0	0	1	0.0319826659505331	1	0.406458312634863	0.208878253105462	1	7	7
SingleM joint	sample5	70	10	genus	0.0630370177160289	0.916666666666667	0.846153846153846	1	3	0.733333333333333	0.126074035432058	0.785714285714286	0.958448966290693	0.363178531794314	1	14	11
SingleM joint	sample5	70	50	genus	0.014849946603378	1	0.923076923076923	0	1	0.857142857142857	0.0295912774475153	0.857142857142857	0.643945068599396	0.330922303330405	1	7	6
SingleM joint	sample5	100	10	genus	0.00538501461095508	1	1	0	0	1	0.0107700292219102	1	0.91104791151068	0.366632650602149	1	12	12
SingleM joint	sample5	100	50	genus	0.00192656151370729	1	1	0	0	1	0.00385312302741458	1	0.695290355031553	0.35730856091639	1	7	7
SingleM nnls	sample4	0	10	genus	0.260028675147189	1	0.666666666666667	0	16	0.5	0.436848174247278	0.5	3.24344016565429	0.935859008481905	1	32	16
SingleM nnls	sample4	0	50	genus	0.088762307140971	0.923076923076923	0.923076923076923	1	1	0.857142857142857	0.173974121996303	0.923076923076923	1.98412177871487	0.773552028597751	1	13	12
SingleM nnls	sample4	10	10	genus	0.142857142857143	1	0.909090909090909	0	4	0.833333333333333	0.262857142857143	0.833333333333333	3.09406053431261	0.973570839098676	1	24	20
SingleM nnls	sample4	10	50	genus	0.0781158750773576	1	0.952380952380952	0	1	0.909090909090909	0.146857845145432	0.909090909090909	1.66383781428054	0.693874262631503	1	11	10
SingleM nnls	sample4	50	10	genus	0.146395741437418	1	0.936170212765957	0	3	0.88	0.286935653217339	0.88	3.15491751012842	0.980130232348307	1	25	22
SingleM nnls	sample4	50	50	genus	0.0890084144530606	0.928571428571429	0.896551724137931	1	2	0.8125	0.178016828906121	0.866666666666667	2.07537289976834	0.766371649581545	1	15	13
SingleM nnls	sample4	70	10	genus	0.112781133160771	1	0.91304347826087	0	4	0.84	0.225562266321542	0.84	2.97535410200535	0.924345723130582	1	25	21
SingleM nnls	sample4	70	50	genus	0.0619715656436059	1	0.962962962962963	0	1	0.928571428571429	0.121464268661468	0.928571428571429	1.96387601222437	0.744158146996631	1	14	13
SingleM nnls	sample4	100	10	genus	0.0762823200559049	1	1	0	0	1	0.15256464011181	1	3.06578392744058	0.977767368176148	1	23	23
SingleM nnls	sample4	100	50	genus	0.0383619258439402	1	1	0	0	1	0.0767238516878804	1	2.02324686896136	0.766655140931069	1	14	14
SingleM nnls	sample5	0	10	genus	0.798543511227161	0.7	0.482758620689655	3	12	0.318181818181818	0.896200382992215	0.368421052631579	2.15061528937892	0.730399001166513	1	19	7
SingleM nnls	sample5	0	50	genus	0.0790289448213133	0.857142857142857	0.631578947368421	1	6	0.461538461538462	0.158057889642627	0.5	1.08277632682304	0.435741248837422	1	12	6
SingleM nnls	sample5	10	10	genus	0.278815183853145	1	0.645161290322581	0	11	0.476190476190476	0.552939942582956	0.476190476190476	1.7328943828373	0.569184303378986	1	21	10
SingleM nnls	sample5	10	50	genus	0.0609095796653337	1	0.933333333333333	0	1	0.875	0.121819159330667	0.875	0.800537935200131	0.384977369718907	1	8	7
SingleM nnls	sample5	50	10	genus	0.0254861228019262	0.818181818181818	0.818181818181818	2	2	0.692307692307692	0.0509722456038524	0.818181818181818	0.84685492810927	0.353165935858817	1	11	9
SingleM nnls	sample5	50	50	genus	0.0149278032449227	1	1	0	0	1	0.0298556064898453	1	0.402805848822285	0.207001258006612	1	7	7
SingleM nnls	sample5	70	10	genus	0.0449446615432577	0.916666666666667	0.846153846153846	1	3	0.733333333333333	0.0898893230865153	0.785714285714286	0.928788873832286	0.351939635190756	1	14	11
SingleM nnls	sample5	70	50	genus	0.0282597017943253	1	0.923076923076923	0	1	0.857142857142857	0.0563127059453335	0.857142857142857	0.626679821218374	0.322049721320694	1	7	6
SingleM nnls	sample5	100	10	genus	0.00932150556691192	1	1	0	0	1	0.0186430111338238	1	0.896292757193386	0.360694739687647	1	12	12
SingleM nnls	sample5	100	50	genus	0.00168089947791265	1	1	0	0	1	0.00336179895582529	1	0.691041094077007	0.355124872755553	1	7	7
sylph	sample4	0	10	genus	0.857142857142857	0.125	0.222222222222222	14	0	0.125	1.44	1	0.692833845006572	0.999547952351013	1	2	2
sylph	sample4	0	50	genus	0.428571428571429	0.230769230769231	0.375	10	0	0.230769230769231	0.84	1	0.933217643609414	0.849451306193552	1	3	3
sylph	sample4	10	10	genus	0.695652173913044	0.3	0.461538461538462	14	0	0.3	1.28	1	1.79123095968675	0.999705033208766	1	6	6
sylph	sample4	10	50	genus	0.404255319148936	0.2	0.333333333333333	8	0	0.2	0.76	1	0.505227137673049	0.728888686043433	1	2	2
sylph	sample4	50	10	genus	0.336191206904992	0.681818181818182	0.810810810810811	7	0	0.681818181818182	0.658934765533785	1	2.70732000670165	0.999730361571487	1	15	15
sylph	sample4	50	50	genus	0.217104197153825	0.642857142857143	0.782608695652174	5	0	0.642857142857143	0.43420839430765	1	1.80704164698241	0.822420095615877	1	9	9
sylph	sample4	70	10	genus	0.250287611010081	0.714285714285714	0.833333333333333	6	0	0.714285714285714	0.500575222020163	1	2.63339094298931	0.972430622562862	1	15	15
sylph	sample4	70	50	genus	0.145954987232526	0.769230769230769	0.869565217391305	3	0	0.769230769230769	0.286071774975752	1	1.84090077583366	0.799493048675973	1	10	10
sylph	sample4	100	10	genus	0.0116653229869999	1	1	0	0	1	0.0233306459739998	1	3.10357785117383	0.989820946059102	1	23	23
sylph	sample4	100	50	genus	0.00655519915136516	1	1	0	0	1	0.0131103983027303	1	2.01703363983027	0.764300804380148	1	14	14
sylph	sample5	10	10	genus	0.925794792358191	0.3	0.461538461538462	7	0	0.3	1.83601521357519	1	0.0293683976365584	0.0267322675519704	1	3	3
sylph	sample5	10	50	genus	0.880339379754242	0.285714285714286	0.444444444444444	5	0	0.285714285714286	1.76067875950848	1	0.443091281626179	0.639245594663224	1	2	2
sylph	sample5	50	10	genus	0.030061439438268	0.636363636363636	0.777777777777778	4	0	0.636363636363636	0.0601228788765361	1	0.808433834982138	0.415452807712941	1	7	7
sylph	sample5	50	50	genus	0.258234358161859	0.714285714285714	0.833333333333333	2	0	0.714285714285714	0.516468716323718	1	0.820600339540057	0.509867658267717	1	5	5
sylph	sample5	70	10	genus	0.951287302516091	0.666666666666667	0.8	4	0	0.666666666666667	1.90257460503218	1	1.35324909558843	0.650775253097636	1	8	8
sylph	sample5	70	50	genus	0.00911124811786555	0.833333333333333	0.909090909090909	1	0	0.833333333333333	0.0181558545730785	1	0.653008827504467	0.405737197104337	1	5	5
sylph	sample5	100	10	genus	0.00768742540496284	1	1	0	0	1	0.0153748508099257	1	0.935074322159341	0.376301589534205	1	12	12
sylph	sample5	100	50	genus	0.00672797768317624	1	1	0	0	1	0.0134559553663525	1	0.708944300103613	0.36432530065573	1	7	7
SingleM	sample4	0	10	species									0.473792349625365	0.243481103099944	0.118264714009395	7	
SingleM	sample4	0	50	species									0.308311066174873	0.191564436125769	0.0741477649555644	5	
SingleM	sample4	10	10	species	0.532699501707797	1	0.4	0	9	0.25	0.197354149548069	0.25	0.947525350991706	0.381312252141361	0.250479320734046	12	3
SingleM	sample4	10	50	species	0.616036860461396	0.333333333333333	0.4	2	1	0.25	0.103357938531741	0.5	0.175461421702686	0.253137322957792	0.0477788216346799	2	1
SingleM	sample4	50	10	species	0.214254361579474	0.923076923076923	0.774193548387097	1	6	0.631578947368421	0.222411907654921	0.666666666666667	1.77260103897518	0.613277871309336	0.518074119076549	18	12
SingleM	sample4	50	50	species	0.275072727807	0.75	0.72	3	4	0.5625	0.256993822923816	0.692307692307692	1.31925068030286	0.514337905528274	0.414275909402883	13	9
SingleM	sample4	70	10	species	0.0885647422352487	1	0.944444444444444	0	2	0.894736842105263	0.121749089016137	0.894736842105263	2.27888053609405	0.773960863926341	0.694690265486726	19	17
SingleM	sample4	70	50	species	0.350353079834996	0.647058823529412	0.758620689655172	6	1	0.611111111111111	0.394456002249086	0.916666666666667	1.4047180069692	0.565300111812669	0.445881360697217	12	11
SingleM	sample4	100	10	species	0.18348001150417	0.92	0.836363636363636	2	7	0.71875	0.339385556589972	0.766666666666667	2.90038335684774	0.852753613326121	0.849714057720442	30	23
SingleM	sample4	100	50	species	0.293089209193611	0.72	0.782608695652174	7	3	0.642857142857143	0.483335474752666	0.857142857142857	2.19338270173475	0.720435715814557	0.64910702813825	21	18
SingleM	sample5	0	10	species									0.00969216879966739	0.0139828438627389	0.00133295813030406	2	
SingleM	sample5	0	50	species									0.241406058237896	0.219737263753496	0.0816087870444385	3	
SingleM	sample5	10	10	species	0.0808206788234567	1	0.333333333333333	0	4	0.2	0.012583514361567	0.2	0.252356133520073	0.156797681706411	0.0825545286233782	5	1
SingleM	sample5	10	50	species	0.896235079697233	1	0.222222222222222	0	7	0.125	0.249392632904907	0.125	0.798204524545632	0.383855236392372	0.263638546677048	8	1
SingleM	sample5	50	10	species	0.584613703901687	1	0.857142857142857	0	2	0.75	0.499730310805516	0.75	0.865336309565913	0.4161388008373	0.616360770681122	8	6
SingleM	sample5	50	50	species	0.429681421296459	0.666666666666667	0.727272727272727	2	1	0.571428571428571	0.384856254213692	0.8	1.00272955735546	0.623030903900442	0.639168480563306	5	4
SingleM	sample5	70	10	species	0.828654112439457	0.875	0.736842105263158	1	4	0.583333333333333	0.460260684660982	0.636363636363636	0.80293357140606	0.33484930743828	0.506718908721521	11	7
SingleM	sample5	70	50	species	0.0253425946298557	0.75	0.75	2	2	0.6	0.0464078152607045	0.75	0.606658236073097	0.291740942899034	0.914307518454923	8	6
SingleM	sample5	100	10	species	0.00708922431846676	0.833333333333333	0.833333333333333	2	2	0.714285714285714	0.0141555634471427	0.833333333333333	0.898180853440991	0.361454565513606	0.996771834440168	12	10
SingleM	sample5	100	50	species	0.0452627494712277	0.416666666666667	0.588235294117647	7	0	0.416666666666667	0.0902411851894954	1	0.687687598505982	0.427284329015171	0.993718592964824	5	5
SingleM dev	sample4	10	10	species		0		3	0	0		0					0
SingleM dev	sample4	10	50	species		0		3	0	0		0					0
SingleM dev	sample4	50	10	species	0.920397894320942	0.230769230769231	0.375	10	0	0.230769230769231	0.498445563247325	1	0.102497466519964	0.093297214656342	0.0215544367526746	3	3
SingleM dev	sample4	50	50	species	0.927704485488127	0.25	0.4	9	0	0.25	0.500498220640569	1	0.0966791111687575	0.0880011193812199	0.0195017793594306	3	3
SingleM dev	sample4	70	10	species	0.956309732787205	0.294117647058824	0.454545454545455	12	0	0.294117647058824	0.664813559322034	1	0.0856079165446982	0.0531911892240848	0.0151864406779661	5	5
SingleM dev	sample4	70	50	species	0.952559300873908	0.176470588235294	0.3	14	0	0.176470588235294	0.663478260869565	1	0.0839432025158184	0.0764083957385786	0.0165217391304348	3	3
SingleM dev	sample4	100	10	species	0.996439819252362	0.04	0.0769230769230769	24	0	0.04	0.998216735253772	1	0.0112868344414314	0	0.00178326474622771	1	1
SingleM dev	sample4	100	50	species	0.957740967784009	0.08	0.148148148148148	23	0	0.08	0.978414390406396	1	0.0954208499613049	0.137663187036584	0.0215856095936043	2	2
SingleM dev	sample5	10	10	species	0.0944050595946383	1	1	0	0	1	0.0126187147904628	1	0.169751638758483	0	0.0605234736238145	1	1
SingleM dev	sample5	10	50	species	0.874713976493347	1	1	0	0	1	0.013650827865902	1	0.00677522700473874	0	0.000977609816953505	1	1
SingleM dev	sample5	50	10	species	0.9999389055494	0.166666666666667	0.285714285714286	5	0	0.166666666666667	0.238436250219676	1	8.6168602301003e-05	0	7.28401086774421e-06	1	1
SingleM dev	sample5	50	50	species	0.89738882122345	0.333333333333333	0.4	4	2	0.25	0.243137668812129	0.5	0.067274771756648	0.0485284897951265	0.0144293886667815	4	2
SingleM dev	sample5	70	10	species	0.15431189198431	0.375	0.545454545454545	5	0	0.375	0.0130241203692	1	0.152182890606284	0.138522836651301	0.0356885771147088	3	3
SingleM dev	sample5	70	50	species	0.992307003436221	0.125	0.222222222222222	7	0	0.125	0.91336996082093	1	0.0199808278699599	0	0.00354051314045075	1	1
SingleM dev	sample5	100	10	species	0.202516284465067	0.333333333333333	0.5	8	0	0.333333333333333	0.336820859860796	1	0.347146160037929	0.250413021775183	0.663179140139204	4	4
SingleM dev	sample5	100	50	species	0.991168937481783	0.166666666666667	0.285714285714286	10	0	0.166666666666667	0.995564885353532	1	0.0257254486313235	0.0371139771650542	0.00443511464646779	2	2
SingleM inject	sample4	0	10	species									0.473841474879635	0.243506348486682	0.118281055686058	7	
SingleM inject	sample4	0	50	species									0.61301323995227	0.294797053759472	0.159963075300013	8	
SingleM inject	sample4	10	10	species	0.532699501707797	1	0.4	0	9	0.25	0.197354149548069	0.25	0.947525350991706	0.381312252141361	0.250479320734045	12	3
SingleM inject	sample4	10	50	species	0.356712042275876	1	0.666666666666667	0	3	0.5	0.102552677492954	0.5	0.595486239546632	0.332347198256017	0.167494296067642	6	3
SingleM inject	sample4	50	10	species	0.17617725392418	1	0.8125	0	6	0.68421052631579	0.188710166919575	0.68421052631579	1.88531707427394	0.640297553324628	0.55113808801214	19	13
SingleM inject	sample4	50	50	species	0.20507243817146	1	0.8	0	6	0.666666666666667	0.223046103183315	0.666666666666667	1.85361547308104	0.641306941924401	0.567645444566411	18	12
SingleM inject	sample4	70	10	species	0.0885439349241274	1	0.944444444444444	0	2	0.894736842105263	0.121728491474684	0.894736842105263	2.27908672444014	0.774030890287066	0.6947806846284	19	17
SingleM inject	sample4	70	50	species	0.159882623468442	1	0.971428571428571	0	1	0.944444444444444	0.209576831154225	0.944444444444444	2.04811957392183	0.708600742560747	0.630816814283706	18	17
SingleM inject	sample4	100	10	species	0.148570240487906	1	0.87719298245614	0	7	0.78125	0.281994212049461	0.78125	3.08231384946786	0.889367781018131	0.898053143909498	32	25
SingleM inject	sample4	100	50	species	0.154912329529641	1	0.943396226415094	0	3	0.892857142857143	0.286022610483042	0.892857142857143	2.89734444857885	0.869497787345143	0.846351490236382	28	25
SingleM inject	sample5	0	10	species									0.00969223070274383	0.0139829331700003	0.00133296800136259	2	
SingleM inject	sample5	0	50	species									0.241406058237896	0.219737263753496	0.0816087870444385	3	
SingleM inject	sample5	10	10	species	0.0828311100155076	1	0.181818181818182	0	9	0.1	0.0129257544841647	0.1	0.255589794530201	0.111001237395252	0.0829073258533059	10	1
SingleM inject	sample5	10	50	species	0.896997436461461	1	0.181818181818182	0	9	0.1	0.251448521364864	0.1	0.810975670925899	0.352202258840906	0.265694014917228	10	1
SingleM inject	sample5	50	10	species	0.584617282877077	1	0.857142857142857	0	2	0.75	0.499737675877399	0.75	0.865335090609506	0.416138214643179	0.616368135753005	8	6
SingleM inject	sample5	50	50	species	0.429227055121638	1	0.857142857142857	0	2	0.75	0.384913297277848	0.75	1.01113584748222	0.48625355760922	0.640249514265262	8	6
SingleM inject	sample5	70	10	species	0.828527667894542	1	0.8	0	4	0.666666666666667	0.460281120935416	0.666666666666667	0.803430590943937	0.32332425486184	0.506828340880065	12	8
SingleM inject	sample5	70	50	species	0.060510858721424	0.875	0.777777777777778	1	3	0.636363636363636	0.115503219911956	0.7	0.897046464478004	0.389582329533618	0.991891059391543	10	7
SingleM inject	sample5	100	10	species	0.00688135536200672	1	0.923076923076923	0	2	0.857142857142857	0.0137433432347216	0.857142857142857	0.901597685799954	0.341636263707615	0.997185512406645	14	12
SingleM inject	sample5	100	50	species	0.0115458154037164	1	0.96	0	1	0.923076923076923	0.0230838331481499	0.923076923076923	0.901504888399835	0.35147083344056	0.999324633296985	13	12
SingleM joint	sample4	0	10	species									0.296746655310498	0.428114928016842	0.0986537188258663	2	
SingleM joint	sample4	0	50	species									0.609650377141717	0.378797077185591	0.186489058039962	5	
SingleM joint	sample4	10	10	species	0.391271528177827	1	0.666666666666667	0	3	0.5	0.141399856424982	0.5	0.772080133974884	0.430906127320493	0.241385498923187	6	3
SingleM joint	sample4	10	50	species	0.307891332470893	1	0.75	0	2	0.6	0.100740740740741	0.6	0.657754566552784	0.40868589056536	0.207195767195767	5	3
SingleM joint	sample4	50	10	species	0.143708055639412	1	0.928571428571429	0	2	0.866666666666667	0.153418035326929	0.866666666666667	1.79919612966263	0.664388026828431	0.547567400061977	15	13
SingleM joint	sample4	50	50	species	0.13385853093243	1	0.923076923076923	0	2	0.857142857142857	0.152521821933027	0.857142857142857	1.91168315161601	0.724381062193413	0.619425488017775	14	12
SingleM joint	sample4	70	10	species	0.105812294318022	1	0.971428571428571	0	1	0.944444444444444	0.142881804260058	0.944444444444444	2.19023344655998	0.757768768178874	0.670332730057079	18	17
SingleM joint	sample4	70	50	species	0.0834879737349226	1	1	0	0	1	0.115122251268645	1	2.21775547352575	0.782770375615506	0.698908196217131	17	17
SingleM joint	sample4	100	10	species	0.0876529907445779	1	1	0	0	1	0.161578813343519	1	2.84357494209	0.88340622527942	0.843391902215432	25	25
SingleM joint	sample4	100	50	species	0.0993570315819289	1	1	0	0	1	0.183462343096234	1	2.84703155605729	0.884480082786003	0.846495815899582	25	25
SingleM joint	sample5	0	50	species									0.0819734110251809	0	0.0212960283585329	1	
SingleM joint	sample5	10	10	species	0.0991353438205058	1	0.4	0	3	0.25	0.0160978143531227	0.25	0.21937322582495	0.158244332500735	0.0892400027674001	4	1
SingleM joint	sample5	10	50	species	0.74187038374607	1	0.222222222222222	0	7	0.125	0.0840849247357158	0.125	0.349458096869152	0.168053821117207	0.0987133624185713	8	1
SingleM joint	sample5	50	10	species	0.601860100958681	1	0.8	0	3	0.666666666666667	0.575962838888171	0.666666666666667	0.871841675315019	0.396792246139895	0.718527758551186	9	6
SingleM joint	sample5	50	50	species	0.0447313850117786	1	0.923076923076923	0	1	0.857142857142857	0.0240209210692608	0.857142857142857	0.673372963402117	0.346045249688955	0.280494085735377	7	6
SingleM joint	sample5	70	10	species	0.609422651548974	1	0.842105263157895	0	3	0.727272727272727	0.149928167738137	0.727272727272727	0.610009899508533	0.254393887184508	0.197304032214377	11	8
SingleM joint	sample5	70	50	species	0.0879006052755922	0.875	0.823529411764706	1	2	0.7	0.154190484607984	0.777777777777778	0.790847380046429	0.359930153796661	0.837235406201282	9	7
SingleM joint	sample5	100	10	species	0.0103432340820807	1	0.96	0	1	0.923076923076923	0.0205517479388117	0.923076923076923	0.901938277154861	0.35163979925416	0.986975038534308	13	12
SingleM joint	sample5	100	50	species	0.0144406976689544	0.833333333333333	0.909090909090909	2	0	0.833333333333333	0.0284719745897225	1	0.881467388778277	0.382816422924074	0.971648132412162	10	10
SingleM nnls	sample4	0	10	species									0.608164210726644	0.31253457978103	0.164424514200299	7	
SingleM nnls	sample4	0	50	species									0.828921992419391	0.359996247235991	0.235859519408503	10	
SingleM nnls	sample4	10	10	species	0.541883577851396	1	0.4	0	9	0.25	0.204464285714286	0.25	0.970145469339193	0.390415257419011	0.257321428571429	12	3
SingleM nnls	sample4	10	50	species	0.416248872480124	1	0.6	0	4	0.428571428571429	0.162580909463335	0.428571428571429	0.860020668440265	0.441963195915177	0.27058582548136	7	3
SingleM nnls	sample4	50	10	species	0.182087988826816	1	0.8125	0	6	0.68421052631579	0.200245987700615	0.68421052631579	1.97595671942156	0.671080886173075	0.579721013949303	19	13
SingleM nnls	sample4	50	50	species	0.234112812943656	1	0.857142857142857	0	4	0.75	0.247041742286751	0.75	1.7409981614332	0.627932353424118	0.535225210361327	16	12
SingleM nnls	sample4	70	10	species	0.161415448630922	1	0.944444444444444	0	2	0.894736842105263	0.210641357492091	0.894736842105263	2.09838173045352	0.712659268981544	0.624964049467932	19	17
SingleM nnls	sample4	70	50	species	0.163163442609537	1	0.944444444444444	0	2	0.894736842105263	0.215814101543848	0.894736842105263	2.12459805987772	0.721562944557672	0.642686614674519	19	17
SingleM nnls	sample4	100	10	species	0.170244488977956	1	0.980392156862745	0	1	0.961538461538461	0.296827393431167	0.961538461538461	2.58418175473695	0.793156901454562	0.743535988819008	26	25
SingleM nnls	sample4	100	50	species	0.171511194029851	1	0.980392156862745	0	1	0.961538461538461	0.30524626452684	0.961538461538461	2.66982741834792	0.819443925982994	0.779745434421693	26	25
SingleM nnls	sample5	0	10	species									0.00585517849925746	0	0.000824602250679084	1	
SingleM nnls	sample5	0	50	species									0.206595193755365	0	0.0830102602797943	1	
SingleM nnls	sample5	10	10	species	0.0718463860146841	1	0.333333333333333	0	4	0.2	0.0113235607200988	0.2	0.213935830252369	0.132925805089812	0.0844657491343762	5	1
SingleM nnls	sample5	10	50	species	0.729374598903111	1	0.2	0	8	0.111111111111111	0.0788515107914201	0.111111111111111	0.36662345814244	0.166857526501416	0.0934799484742755	9	1
SingleM nnls	sample5	50	10	species	0.655278869850157	1	0.8	0	3	0.666666666666667	0.506121665260775	0.666666666666667	0.804914019960266	0.366332157514866	0.533932454905974	9	6
SingleM nnls	sample5	50	50	species	0.0575929340050575	1	0.857142857142857	0	2	0.75	0.0301377506945969	0.75	0.656979216574473	0.315940219239703	0.266779377388274	8	6
SingleM nnls	sample5	70	10	species	0.838310407523921	1	0.842105263157895	0	3	0.727272727272727	0.491064310265581	0.727272727272727	0.857286631029679	0.357516293874343	0.537065918477707	11	8
SingleM nnls	sample5	70	50	species	0.0858814874539451	0.875	0.823529411764706	1	2	0.7	0.146736979774363	0.777777777777778	0.678381111969479	0.308744549358676	0.791688015940791	9	7
SingleM nnls	sample5	100	10	species	0.0334517925999631	1	0.923076923076923	0	2	0.857142857142857	0.0656857445737861	0.857142857142857	0.87739779852311	0.332466365424136	0.963594159490827	14	12
SingleM nnls	sample5	100	50	species	0.030345672588969	0.833333333333333	0.909090909090909	2	0	0.833333333333333	0.0589077286942865	1	0.857003679551082	0.372191968999817	0.941223366250254	10	10
sylph	sample4	0	10	species									0.692833845006572	0.999547952351013	1	2	
sylph	sample4	0	50	species									1.60832356783775	0.999307618773152	1	5	
sylph	sample4	10	10	species	0.785714285714286	1	0.666666666666667	0	3	0.5	0.88	0.5	1.79123095968675	0.999705033208766	1	6	3
sylph	sample4	10	50	species	0.785714285714286	1	0.75	0	2	0.6	0.88	0.6	1.60908972863745	0.999783661243493	1	5	3
sylph	sample4	50	10	species	0.31578947368421	1	0.928571428571429	0	2	0.866666666666667	0.48	0.866666666666667	2.70732000670165	0.999730361571487	1	15	13
sylph	sample4	50	50	species	0.315789473684211	1	0.923076923076923	0	2	0.857142857142857	0.48	0.857142857142857	2.6257529261066	0.994958653092012	1	14	12
sylph	sample4	70	10	species	0.19047619047619	1	0.971428571428571	0	1	0.944444444444444	0.32	0.944444444444444	2.88998948125332	0.999867741358252	1	18	17
sylph	sample4	70	50	species	0.190476190476191	1	1	0	0	1	0.32	1	2.83259865139412	0.999783040460619	1	17	17
sylph	sample4	100	10	species	0.0127783936309584	1	1	0	0	1	0.0255567872619167	1	3.21839785760781	0.999851511121771	1	25	25
sylph	sample4	100	50	species	0.00884499785315586	1	1	0	0	1	0.0176899957063117	1	3.21862505687862	0.999922094543803	1	25	25
sylph	sample5	10	10	species	0.863685932388223	1	0.285714285714286	0	5	0.166666666666667	0.926857811585723	0.166666666666667	0.0485851827304183	0.0271159067747806	1	6	1
sylph	sample5	10	50	species	0.97116493656286	1	0.4	0	3	0.25	0.985371562317144	0.25	0.579578366887315	0.418077417857426	1	4	1
sylph	sample5	50	10	species	0.614930309473187	1	0.923076923076923	0	1	0.857142857142857	0.761556465769456	0.857142857142857	0.808433834982138	0.415452807712941	1	7	6
sylph	sample5	50	50	species	0.591710809709529	1	0.923076923076923	0	1	0.857142857142857	0.743490345231129	0.857142857142857	1.08350539490455	0.556811626390129	1	7	6
sylph	sample5	70	10	species	0.907100013948947	1	1	0	0	1	0.951287302516091	1	1.35324909558843	0.650775253097636	1	8	8
sylph	sample5	70	50	species	0.0467882647940755	0.875	0.875	1	1	0.777777777777778	0.0896889148422418	0.875	0.887663691333663	0.426876001821422	1	8	7
sylph	sample5	100	10	species	0.00768742540496284	1	1	0	0	1	0.0153748508099257	1	0.935074322159341	0.376301589534205	1	12	12
sylph	sample5	100	50	species	0.00800440802606978	1	0.96	0	1	0.923076923076923	0.0160088160521396	0.923076923076923	0.93696402066302	0.365295329491538	1	13	12
